open_time,open,high,low,close,volume,close_time,quote_volume,count,taker_buy_volume,taker_buy_quote_volume,ignore
1723075200000,55102.90,57688.80,54672.40,57166.40,112383.702,1723103999999,6370986271.91700,1449162,59296.315,3360927412.85851,0
1723104000000,57166.40,59493.00,56645.00,59391.30,192215.601,1723132799999,11148016238.92117,2260984,99403.853,5768606432.72798,0
1723132800000,59391.90,62737.20,59213.60,61659.80,165518.205,1723161599999,10036754457.35720,2025458,89806.445,5447195913.37600,0
