open_time,open,high,low,close,volume,close_time,quote_volume,count,taker_buy_volume,taker_buy_quote_volume,ignore
1684022400000,26762.80,26888.70,26557.00,26839.90,67867.270,1684051199999,1815992999.27935,816589,34601.442,925972938.01002,0
1684051200000,26839.90,27200.00,26730.00,27071.40,104481.913,1684079999999,2815108949.20279,1077053,54312.785,1463630690.02249,0
1684080000000,27071.40,27115.10,26809.00,26901.90,75230.244,1684108799999,2025586223.45730,953177,37459.410,1008655411.04720,0
