open_time,open,high,low,close,volume,close_time,quote_volume,count,taker_buy_volume,taker_buy_quote_volume,ignore
1680393600000,28443.70,28516.50,28340.00,28401.30,50891.772,1680422399999,1446470978.56960,527334,25024.194,711304148.20360,0
1680422400000,28401.30,28432.90,28022.00,28110.20,123361.801,1680451199999,3483075082.41213,1036120,59218.556,1672190129.28006,0
1680451200000,28110.10,28218.20,27820.00,28161.20,142405.097,1680479999999,3993365368.08267,1238741,69378.285,1945772611.81212,0
