open_time,open,high,low,close,volume,close_time,quote_volume,count,taker_buy_volume,taker_buy_quote_volume,ignore
1685750400000,27227.80,27230.40,27077.00,27161.30,42748.315,1685779199999,1160656423.44440,456149,20921.406,568044879.27740,0
1685779200000,27161.40,27340.20,27100.00,27292.70,52437.661,1685807999999,1425335933.58560,474583,27765.898,754913495.09440,0
1685808000000,27292.80,27312.00,26900.00,27054.90,87278.124,1685836799999,2365609825.25610,736113,40949.045,1109868421.79180,0
