open_time,open,high,low,close,volume,close_time,quote_volume,count,taker_buy_volume,taker_buy_quote_volume,ignore
1677369600000,23146.20,23243.20,23050.00,23142.70,69843.501,1677398399999,1617041082.63338,556370,34389.470,796287687.65688,0
1677398400000,23142.80,23332.40,23102.80,23239.70,105695.043,1677427199999,2453209483.52030,792628,53674.910,1245955754.15320,0
1677427200000,23239.80,23675.00,23130.00,23545.30,195856.512,1677455999999,4592772099.09480,1470308,101034.935,2369429219.54090,0
