open_time,open,high,low,close,volume,close_time,quote_volume,count,taker_buy_volume,taker_buy_quote_volume,ignore
1671753600000,16815.50,16895.00,16764.00,16842.00,65101.927,1671782399999,1095346632.05860,334112,33239.446,559279750.18660,0
1671782400000,16842.00,16960.00,16690.00,16825.90,154472.624,1671811199999,2600327968.06880,730288,78631.277,1323931576.11910,0
1671811200000,16826.00,16852.50,16762.50,16776.40,44978.869,1671839999999,756124090.90740,287147,22596.155,379861637.56380,0
