open_time,open,high,low,close,volume,close_time,quote_volume,count,taker_buy_volume,taker_buy_quote_volume,ignore
1704499200000,44145.30,44214.60,43391.30,43645.30,54567.604,1704527999999,2388716833.03414,724932,26881.809,1176711911.14100,0
1704528000000,43645.40,43925.00,43527.20,43863.60,40252.511,1704556799999,1759772666.18340,571709,20726.239,906228291.95719,0
1704556800000,43863.60,44149.90,43645.00,43956.70,43722.682,1704585599999,1919180637.14119,612038,21665.555,951209262.55465,0
