open_time,open,high,low,close,volume,close_time,quote_volume,count,taker_buy_volume,taker_buy_quote_volume,ignore
1699056000000,34700.50,35111,34571.60,34759.10,56830.657,1699084799999,1975585120.12453,599152,28840.605,1003009389.65540,0
1699084800000,34759.20,34880,34632.50,34709.80,33241.920,1699113599999,1154913278.61965,421854,16284.520,565811543.31940,0
1699113600000,34709.90,35270,34685.10,35069.70,50674.297,1699142399999,1772589037.35091,560504,28348.525,991678972.06327,0
