open_time,open,high,low,close,volume,close_time,quote_volume,count,taker_buy_volume,taker_buy_quote_volume,ignore
1693094400000,26004.30,26041.90,25955.60,26028.50,17423.074,1693123199999,453117100.89240,207402,9399.056,244451625.04240,0
1693123200000,26028.50,26173.60,26018.90,26110.80,35341.257,1693151999999,922184122.02407,382969,18012.590,470025872.57747,0
1693152000000,26110.90,26169.80,26020.00,26087.70,33741.067,1693180799999,880360356.53230,355117,16404.343,428053168.69630,0
