open_time,open,high,low,close,volume,close_time,quote_volume,count,taker_buy_volume,taker_buy_quote_volume,ignore
1697932800000,29895.40,30229.70,29606.60,29800.50,88706.820,1697961599999,2655501067.76902,971242,43248.643,1294992447.31002,0
1697961600000,29800.40,29981.80,29760.60,29815.30,58686.740,1697990399999,1752929486.12084,764990,29072.833,868422920.61744,0
1697990400000,29815.30,30060.20,29698,29981.50,51209.198,1698019199999,1530552118.60352,666610,26389.605,788792556.12354,0
