open_time,open,high,low,close,volume,close_time,quote_volume,count,taker_buy_volume,taker_buy_quote_volume,ignore
1672790400000,16667.30,16904.40,16645.70,16862.50,114963.808,1672819199999,1931794413.96560,524065,59501.547,999716536.29600,0
1672819200000,16862.50,16913.60,16759.30,16846.50,95156.339,1672847999999,1601135131.26180,458068,48228.193,811595085.20410,0
1672848000000,16846.50,16984.60,16766.00,16842.10,139627.691,1672876799999,2355397256.56183,636178,70023.385,1181331849.61543,0
