open_time,open,high,low,close,volume,close_time,quote_volume,count,taker_buy_volume,taker_buy_quote_volume,ignore
1725667200000,53927.70,54369.70,53725.00,54258.10,42996.129,1725695999999,2323866188.33796,598983,20783.689,1123484968.78424,0
1725696000000,54258.00,54800.00,54143.50,54746.60,40085.137,1725724799999,2182796667.10415,581682,19061.641,1038237978.32181,0
1725724800000,54746.70,54820.20,53778.10,54134.90,44605.328,1725753599999,2418340465.86943,608861,21636.631,1172806421.21973,0
