open_time,open,high,low,close,volume,close_time,quote_volume,count,taker_buy_volume,taker_buy_quote_volume,ignore
1684713600000,26732.80,26898.90,26500.00,26830.70,106452.460,1684742399999,2841391727.01961,988643,53619.023,1431331534.86352,0
1684742400000,26830.80,27097.80,26690.00,26863.20,161006.384,1684771199999,4327963484.86962,1318259,82021.288,2205047717.58880,0
1684771200000,26863.30,26955.90,26765.00,26840.20,60571.676,1684799999999,1626775481.59112,621102,30564.273,820918736.43050,0
