open_time,open,high,low,close,volume,close_time,quote_volume,count,taker_buy_volume,taker_buy_quote_volume,ignore
1679702400000,27439.00,27648.40,27360.00,27473.50,81531.579,1679731199999,2242609005.33698,777541,39457.412,1085425471.23008,0
1679731200000,27473.50,27788.00,27302.00,27631.40,124060.435,1679759999999,3412299029.16736,1107282,63433.992,1745198572.54230,0
1679760000000,27631.40,27721.00,27131.80,27447.30,130082.041,1679788799999,3564320852.58895,1141985,63808.637,1748544581.59616,0
