open_time,open,high,low,close,volume,close_time,quote_volume,count,taker_buy_volume,taker_buy_quote_volume,ignore
1707523200000,47116.10,47489.90,47025.60,47130.50,39197.415,1707551999999,1852453875.97347,492807,19388.896,916294759.98220,0
1707552000000,47130.60,47377.00,46836.40,47332.00,58866.359,1707580799999,2774260448.33160,729782,30098.350,1418631236.89251,0
1707580800000,47331.90,48189.60,47139.00,47732.60,81562.830,1707609599999,3890362121.97193,1062432,41711.027,1989705273.72918,0
