open_time,open,high,low,close,volume,close_time,quote_volume,count,taker_buy_volume,taker_buy_quote_volume,ignore
1687478400000,29875.00,30079.90,29792.00,29927.00,75578.862,1687507199999,2265179164.73580,860666,36704.148,1100088178.06290,0
1687507200000,29926.90,31500.00,29899.90,31232.90,327579.339,1687535999999,9997715741.62119,2832090,174920.235,5341840124.50849,0
1687536000000,31232.90,31440.50,30441.10,30673.40,295914.870,1687564799999,9158280238.33507,2760068,144452.184,4471778348.74730,0
