open_time,open,high,low,close,volume,close_time,quote_volume,count,taker_buy_volume,taker_buy_quote_volume,ignore
1699488000000,35626.70,36888,35538.80,36550.60,193302.043,1699516799999,7031240617.87273,1848623,100477.089,3654913312.21900,0
1699516800000,36550.60,38499.90,36550.60,37141.50,318409.833,1699545599999,11882465959.28646,2729906,165093.415,6162955618.26137,0
1699545600000,37141.50,37277.10,35304,36719.50,267166.061,1699574399999,9736759917.71734,2566689,132033.794,4813281303.27812,0
