open_time,open,high,low,close,volume,close_time,quote_volume,count,taker_buy_volume,taker_buy_quote_volume,ignore
1670371200000,17078.70,17130.00,16719.10,16755.40,139678.801,1670399999999,2363342294.21250,788438,63643.873,1076908984.00270,0
1670400000000,16755.40,16886.50,16655.00,16829.10,138977.951,1670428799999,2335370706.79404,745794,68966.026,1159087723.87710,0
1670428800000,16829.10,16856.80,16768.50,16828.00,59122.173,1670457599999,993877253.44050,359769,29884.621,502401453.31390,0
