open_time,open,high,low,close,volume,close_time,quote_volume,count,taker_buy_volume,taker_buy_quote_volume,ignore
1699228800000,35025.50,35137.90,34743.20,34918.50,51629.286,1699257599999,1803060195.60692,635625,25515.412,891185333.89994,0
1699257600000,34918.50,35299.90,34836.40,35094.50,95391.150,1699286399999,3349529579.00432,1025335,47790.187,1678115825.02364,0
1699286400000,35094.50,35172.90,34821,35057.40,55206.779,1699315199999,1932356993.45486,671715,27437.442,960456717.21477,0
