open_time,open,high,low,close,volume,close_time,quote_volume,count,taker_buy_volume,taker_buy_quote_volume,ignore
1680998400000,27924.90,28078.10,27820.00,27888.20,77730.990,1681027199999,2173130919.42530,543332,37367.545,1044849865.83890,0
1681027200000,27888.20,27960.00,27762.80,27873.60,67000.835,1681055999999,1867524184.99570,545451,32631.381,909688691.63720,0
1681056000000,27873.60,28539.10,27860.30,28309.40,161130.055,1681084799999,4548462612.23999,1125848,86921.969,2453641081.77733,0
