open_time,open,high,low,close,volume,close_time,quote_volume,count,taker_buy_volume,taker_buy_quote_volume,ignore
1687564800000,30673.50,30790.00,30388.60,30563.40,86460.670,1687593599999,2647987106.94455,1030514,43217.869,1323680593.35345,0
1687593600000,30563.30,30796.50,30262.00,30390.90,103053.262,1687622399999,3151781572.47210,1194418,49799.888,1523440914.76004,0
1687622400000,30390.80,30688.90,30222.00,30524.20,90025.356,1687651199999,2746988146.48850,1026790,44299.736,1351786236.36911,0
