open_time,open,high,low,close,volume,close_time,quote_volume,count,taker_buy_volume,taker_buy_quote_volume,ignore
1693180800000,26087.60,26092.10,25850.40,25923.00,57246.897,1693209599999,1487132666.05038,516473,27114.155,704364240.50700,0
1693209600000,25923.10,26244.60,25853.50,26093.30,95622.114,1693238399999,2492477282.82566,841082,48556.868,1265533611.95270,0
1693238400000,26093.40,26182.80,25902.20,26106.50,67123.040,1693267199999,1748635385.15850,676644,33588.048,875069650.76530,0
