open_time,open,high,low,close,volume,close_time,quote_volume,count,taker_buy_volume,taker_buy_quote_volume,ignore
1715817600000,66175.40,66644.00,65633.00,66100.00,54575.010,1715846399999,3603810814.97180,951452,26748.376,1766703367.56310,0
1715846400000,66100.00,66800.00,65339.00,65800.10,107011.004,1715875199999,7066776544.31410,1575733,52899.190,3494244175.29380,0
1715875200000,65800.00,65809.60,64567.00,65217.70,80869.310,1715903999999,5267793458.72460,1199119,38654.308,2518301800.15290,0
