open_time,open,high,low,close,volume,close_time,quote_volume,count,taker_buy_volume,taker_buy_quote_volume,ignore
1667520000000,20199.80,20677.00,20171.60,20603.30,142360.117,1667548799999,2911913522.41508,694962,76365.938,1562122771.24778,0
1667548800000,20603.30,21297.00,20350.00,20829.30,447031.688,1667577599999,9311714713.68490,2078198,227710.130,4744559847.86710,0
1667577600000,20829.20,21200.00,20660.00,21137.60,235123.410,1667606399999,4915688625.60929,1278229,117724.578,2462028140.77286,0
