open_time,open,high,low,close,volume,close_time,quote_volume,count,taker_buy_volume,taker_buy_quote_volume,ignore
1689638400000,30126.00,30227.50,29908.10,29951.90,62261.298,1689667199999,1871545159.17414,682414,29490.970,886581588.06300,0
1689667200000,29952.00,30098.50,29657.10,29895.10,159456.621,1689695999999,4765155556.91144,1414307,78046.085,2332659672.91524,0
1689696000000,29895.10,29954.30,29400.00,29845.60,115678.498,1689724799999,3441426420.63888,1032894,55753.469,1659278979.58748,0
