open_time,open,high,low,close,volume,close_time,quote_volume,count,taker_buy_volume,taker_buy_quote_volume,ignore
1697328000000,26836.40,26896.30,26801,26872.70,15179.170,1697356799999,407755237.43720,189405,8072.899,216866256.83110,0
1697356800000,26872.70,26958,26790.40,26885.60,36409.661,1697385599999,978306960.79570,377682,18044.136,484874870.26970,0
1697385600000,26885.70,27456.10,26880,27139.80,108411.631,1697414399999,2938407927.58192,954112,58651.465,1590072766.88864,0
