open_time,open,high,low,close,volume,close_time,quote_volume,count,taker_buy_volume,taker_buy_quote_volume,ignore
1731456000000,87972.00,88619.00,86180.00,87402.90,103179.264,1731484799999,9017863688.85480,1961117,50107.555,4379986489.18620,0
1731484800000,87402.90,92808.00,87132.40,92608.10,211580.482,1731513599999,19052552829.52320,3122596,109803.646,9890124461.76660,0
1731513600000,92608.00,93421.10,88005.10,90413.30,240528.551,1731542399999,21898265035.78590,3487672,117222.313,10674945100.71460,0
