open_time,open,high,low,close,volume,close_time,quote_volume,count,taker_buy_volume,taker_buy_quote_volume,ignore
1707868800000,49696.40,49900.00,49215.70,49845.00,49895.028,1707897599999,2472542653.11264,738428,24827.941,1230585799.96384,0
1707897600000,49844.90,52100.00,49742.40,51616.40,260020.664,1707926399999,13357645902.16762,3044559,135115.045,6938910433.07701,0
1707926400000,51616.50,51924.70,51217.70,51823.20,85276.099,1707955199999,4400576544.83737,1196957,42396.260,2188071468.82212,0
