open_time,open,high,low,close,volume,close_time,quote_volume,count,taker_buy_volume,taker_buy_quote_volume,ignore
1663545600000,19404.50,19507.00,18215.00,18459.60,339242.069,1663574399999,6355804357.34388,2007629,157233.186,2944526365.09480,0
1663574400000,18459.70,19424.40,18360.00,19071.10,378613.987,1663603199999,7167475953.52565,2152831,194001.086,3672504687.79425,0
1663603200000,19071.10,19686.30,18868.20,19528.60,275920.296,1663631999999,5332363274.95509,1646114,142472.136,2753857969.97321,0
