open_time,open,high,low,close,volume,close_time,quote_volume,count,taker_buy_volume,taker_buy_quote_volume,ignore
1726272000000,60456.20,60572.90,59866.00,60110.40,32878.379,1726300799999,1980362330.70230,499808,15797.655,951473656.27250,0
1726300800000,60110.30,60130.00,59577.70,59840.10,37374.312,1726329599999,2235563412.45090,519479,18138.620,1085057254.83800,0
1726329600000,59840.10,60135.80,59360.10,59964.00,32327.886,1726358399999,1933321701.36270,477915,15879.832,949856769.40850,0
