open_time,open,high,low,close,volume,close_time,quote_volume,count,taker_buy_volume,taker_buy_quote_volume,ignore
1675814400000,23234.10,23450.00,23173.70,23226.90,73826.129,1675843199999,1718349642.87940,520773,37137.728,864576165.96800,0
1675843200000,23227.00,23232.20,22849.90,22862.40,135683.607,1675871999999,3128590915.02550,857044,66463.343,1532707285.53680,0
1675872000000,22862.40,23029.90,22662.90,22955.90,173955.745,1675900799999,3977676388.28342,1054916,84592.288,1934576965.77440,0
