open_time,open,high,low,close,volume,close_time,quote_volume,count,taker_buy_volume,taker_buy_quote_volume,ignore
1703894400000,42095.10,42250.00,41854.40,41987.10,40091.750,1703923199999,1687092834.67825,441456,18891.835,795068458.66968,0
1703923200000,41987.10,42473.40,41550.00,42410.30,83473.869,1703951999999,3504412431.90679,828126,43850.897,1841648346.69850,0
1703952000000,42410.40,42654.60,42106.50,42174.20,60325.051,1703980799999,2559029931.18143,640781,28587.006,1212845258.78303,0
