open_time,open,high,low,close,volume,close_time,quote_volume,count,taker_buy_volume,taker_buy_quote_volume,ignore
1687132800000,26329.60,26468.50,26241.20,26415.30,51772.884,1687161599999,1366507671.31014,627480,25768.033,680146620.83470,0
1687161600000,26415.20,26569.70,26328.00,26431.10,90544.663,1687190399999,2394743873.50020,922788,44682.900,1181906372.23740,0
1687190400000,26431.10,27077.00,26290.30,26828.50,258216.211,1687219199999,6889949617.80175,2268819,133343.908,3558490397.30914,0
