open_time,open,high,low,close,volume,close_time,quote_volume,count,taker_buy_volume,taker_buy_quote_volume,ignore
1674345600000,22781.80,22974.30,22600.20,22893.20,118725.944,1674374399999,2709453158.21820,783973,59895.185,1367055887.81130,0
1674374400000,22893.20,23080.20,22631.10,22792.90,151397.352,1674403199999,3460566038.53370,932720,74892.803,1712074694.14470,0
1674403200000,22793.00,22962.80,22287.00,22704.60,212406.515,1674431999999,4808543235.03816,1218259,102452.187,2319626055.54925,0
