open_time,open,high,low,close,volume,close_time,quote_volume,count,taker_buy_volume,taker_buy_quote_volume,ignore
1702080000000,44209.60,44389.20,44071.20,44220.60,45599.829,1702108799999,2016769256.45463,508849,22784.954,1007763559.27892,0
1702108800000,44220.70,44238,43749.10,44088,89233.644,1702137599999,3921488089.30275,893737,44114.172,1938826298.91021,0
1702137600000,44088,44140,43555,43734.30,54506.183,1702166399999,2392951115.48198,605518,25087.772,1101713936.32602,0
