open_time,open,high,low,close,volume,close_time,quote_volume,count,taker_buy_volume,taker_buy_quote_volume,ignore
1678579200000,20447.30,20490.00,20262.20,20335.60,108930.640,1678607999999,2219728167.86390,760565,54761.800,1116018608.33080,0
1678608000000,20335.60,20488.50,20270.00,20347.90,124823.558,1678636799999,2543897670.36920,866118,62540.388,1274687967.80750,0
1678636800000,20347.80,22184.00,20332.50,21986.20,647768.204,1678665599999,13725251925.46489,3773882,345505.717,7320717696.33799,0
