open_time,open,high,low,close,volume,close_time,quote_volume,count,taker_buy_volume,taker_buy_quote_volume,ignore
1683417600000,28837.90,29137.00,28730.20,28891.90,91105.251,1683446399999,2631702704.71813,1033968,45944.138,1327380171.21123,0
1683446400000,28891.80,29088.30,28691.20,28933.10,103535.738,1683475199999,2991716685.74640,1205047,51622.501,1491852606.35090,0
1683475200000,28933.10,29019.90,28370.00,28419.40,113769.654,1683503999999,3272935269.89276,1206246,53315.170,1534076258.45470,0
