open_time,open,high,low,close,volume,close_time,quote_volume,count,taker_buy_volume,taker_buy_quote_volume,ignore
1663977600000,19280.70,19304.50,18914.40,18985.60,132839.838,1664006399999,2538021415.03940,880946,64845.728,1239171359.00080,0
1664006400000,18985.60,19217.00,18931.80,19115.20,128002.870,1664035199999,2441001084.80190,813789,66714.287,1272309304.83650,0
1664035200000,19115.20,19187.80,18798.00,18911.00,116315.507,1664063999999,2209094384.58958,759071,55927.638,1062291178.36500,0
