open_time,open,high,low,close,volume,close_time,quote_volume,count,taker_buy_volume,taker_buy_quote_volume,ignore
1695686400000,26290.50,26388,26221,26256.30,36166.758,1695715199999,951112225.31184,390991,17614.744,463238373.61370,0
1695715200000,26256.30,26322.40,26073.80,26114.80,84478.431,1695743999999,2213320848.98960,755034,42737.652,1119838271.17350,0
1695744000000,26114.80,26289.90,26080,26208.80,59845.980,1695772799999,1567644839.75900,642031,31698.295,830356613.67680,0
