open_time,open,high,low,close,volume,close_time,quote_volume,count,taker_buy_volume,taker_buy_quote_volume,ignore
1675036800000,23740.20,23804.60,23568.00,23648.10,86441.541,1675065599999,2047339526.37650,630425,41988.548,994520920.10940,0
1675065600000,23648.00,23678.60,22930.00,23178.60,292831.191,1675094399999,6799684502.23531,1810624,140221.662,3255828333.87780,0
1675094400000,23178.60,23247.00,22484.20,22819.90,193264.675,1675123199999,4413686910.19208,1290968,90121.502,2058597326.91860,0
