open_time,open,high,low,close,volume,close_time,quote_volume,count,taker_buy_volume,taker_buy_quote_volume,ignore
1694390400000,25828.40,25895.00,25639.80,25801.30,57761.389,1694419199999,1488297925.05974,683679,27615.181,711475046.12448,0
1694419200000,25801.40,25817.90,24915.00,25102.50,262943.739,1694447999999,6670585349.11344,2233620,127770.010,3242189354.92222,0
1694448000000,25102.40,25240.60,24888.00,25150.40,106511.246,1694476799999,2674170785.60344,1269214,53085.793,1333085868.21884,0
