open_time,open,high,low,close,volume,close_time,quote_volume,count,taker_buy_volume,taker_buy_quote_volume,ignore
1696032000000,26890.90,26949.50,26870.40,26915.90,20004.402,1696060799999,538351948.01320,256831,10756.078,289477678.21880,0
1696060800000,26915.90,27085,26890.40,26986.20,42398.914,1696089599999,1143543735.94650,475858,22029.561,594231627.30600,0
1696089600000,26986.20,27070.40,26929.80,26950.90,29913.838,1696118399999,807643032.51040,380487,14031.262,378847623.00880,0
