open_time,open,high,low,close,volume,close_time,quote_volume,count,taker_buy_volume,taker_buy_quote_volume,ignore
1661644800000,20024.00,20155.00,19918.00,20045.00,86607.457,1661673599999,1733331188.95707,744868,44300.424,886687788.05867,0
1661673600000,20045.00,20098.00,19793.80,20007.50,130470.956,1661702399999,2603475737.44685,1042165,65953.113,1316226501.30640,0
1661702400000,20007.60,20140.00,19508.00,19547.50,169326.782,1661731199999,3366670892.85396,1269454,80748.310,1606531316.74627,0
