open_time,open,high,low,close,volume,close_time,quote_volume,count,taker_buy_volume,taker_buy_quote_volume,ignore
1682985600000,28054.50,28158.00,27854.00,28045.00,84209.347,1683014399999,2357987079.13702,1029276,41787.769,1170290811.22164,0
1683014400000,28045.10,28778.00,27900.00,28521.10,270747.396,1683043199999,7662103093.86255,2220762,138711.301,3926156463.29167,0
1683043200000,28521.00,28888.00,28412.00,28656.50,158589.526,1683071999999,4543061240.11979,1804245,80747.254,2313614040.18309,0
