open_time,open,high,low,close,volume,close_time,quote_volume,count,taker_buy_volume,taker_buy_quote_volume,ignore
1729814400000,68173.80,68256.50,67222.40,67503.60,51996.455,1729843199999,3524008895.47490,707844,23812.582,1614053006.80740,0
1729843200000,67503.60,68748.00,67289.50,67660.60,98712.680,1729871999999,6716590349.22820,1225066,49000.201,3334233156.18740,0
1729872000000,67660.60,67895.50,65557.20,66662.80,197802.736,1729900799999,13213423559.28470,2173410,94276.455,6297664782.24460,0
