open_time,open,high,low,close,volume,close_time,quote_volume,count,taker_buy_volume,taker_buy_quote_volume,ignore
1694995200000,26514.20,26796.00,26358.60,26701.70,93901.005,1695023999999,2498088045.20932,817535,48204.503,1282545014.08332,0
1695024000000,26701.80,27397.00,26666.40,27258.80,217496.241,1695052799999,5898153426.99039,2037804,112755.147,3057196727.37491,0
1695052800000,27258.80,27296.80,26611.20,26749.90,161141.786,1695081599999,4326409969.98286,1524403,79491.361,2133924352.70730,0
