open_time,open,high,low,close,volume,close_time,quote_volume,count,taker_buy_volume,taker_buy_quote_volume,ignore
1668038400000,15905.00,16891.00,15730.00,16739.50,423485.210,1668067199999,6937235907.81087,2816475,216175.016,3541344471.70333,0
1668067200000,16739.50,17947.50,16250.20,17541.60,646539.712,1668095999999,11039396358.00591,3992373,327037.212,5585127884.98513,0
1668096000000,17541.60,18230.00,17101.00,17588.00,427068.680,1668124799999,7533773848.62244,2699096,219222.027,3870133284.91930,0
