open_time,open,high,low,close,volume,close_time,quote_volume,count,taker_buy_volume,taker_buy_quote_volume,ignore
1672963200000,16823.80,16865.00,16773.00,16785.60,44926.238,1672991999999,755283985.39600,223767,21259.764,357414405.08470,0
1672992000000,16785.60,16843.00,16664.80,16834.20,145824.731,1673020799999,2443489911.21084,604190,73564.897,1232864645.20010,0
1673020800000,16834.10,17030.00,16801.60,16943.80,126222.660,1673049599999,2134881138.66253,542671,65484.926,1107613730.37273,0
