open_time,open,high,low,close,volume,close_time,quote_volume,count,taker_buy_volume,taker_buy_quote_volume,ignore
1690761600000,29271.20,29525.80,29250.00,29363.70,69533.418,1690790399999,2045004292.88512,611431,35434.189,1042179339.38522,0
1690790400000,29363.80,29461.40,29208.90,29231.30,77449.421,1690819199999,2272730247.16718,650810,38498.010,1129773871.57530,0
1690819200000,29231.30,29285.30,29100.00,29220.80,83398.883,1690847999999,2434890179.87542,736475,41646.066,1216004591.16330,0
