open_time,open,high,low,close,volume,close_time,quote_volume,count,taker_buy_volume,taker_buy_quote_volume,ignore
1702684800000,41968,42448.40,41638.10,42243.10,58208.813,1702713599999,2452205637.13537,638763,30044.169,1265908512.51584,0
1702713600000,42243,42640.80,42114.70,42631.70,51467.643,1702742399999,2181120205.56427,618937,25977.827,1101145040.27601,0
1702742400000,42631.60,42756.70,42117.10,42287.40,50873.003,1702771199999,2159193249.19926,616471,23882.117,1013855205.78921,0
