open_time,open,high,low,close,volume,close_time,quote_volume,count,taker_buy_volume,taker_buy_quote_volume,ignore
1731024000000,75859.40,76350.20,75576.30,76171.00,46662.411,1731052799999,3544897368.24950,874010,23169.438,1760254450.67090,0
1731052800000,76171.00,76627.80,75620.10,76423.30,81434.858,1731081599999,6194905931.95070,1215987,39671.717,3018154057.53860,0
1731081600000,76423.30,77182.90,75820.00,76482.20,102273.055,1731110399999,7826400657.54320,1444738,51441.469,3936917837.95360,0
