open_time,open,high,low,close,volume,close_time,quote_volume,count,taker_buy_volume,taker_buy_quote_volume,ignore
1687996800000,30066.30,30420.00,30036.10,30333.90,72131.935,1688025599999,2178954517.62754,756022,37594.084,1135674113.08824,0
1688025600000,30333.90,30837.00,30320.30,30468.30,211991.313,1688054399999,6484187450.34490,1874915,106931.376,3270841097.80929,0
1688054400000,30468.20,30661.90,30222.00,30439.90,97949.598,1688083199999,2985185700.83205,997794,49269.457,1501901147.14241,0
