open_time,open,high,low,close,volume,close_time,quote_volume,count,taker_buy_volume,taker_buy_quote_volume,ignore
1674777600000,23001.90,23098.00,22516.60,23068.10,144892.571,1674806399999,3309862132.04901,892147,70957.548,1621462339.76403,0
1674806400000,23068.10,23145.30,22830.00,22928.80,159915.857,1674835199999,3673282383.34981,936558,79347.776,1822786476.51141,0
1674835200000,22928.80,23500.00,22919.00,23068.00,205111.879,1674863999999,4752972074.33339,1216426,103349.282,2395363297.87208,0
