open_time,open,high,low,close,volume,close_time,quote_volume,count,taker_buy_volume,taker_buy_quote_volume,ignore
1692662400000,26115.40,26128.20,25981.60,26091.60,34257.465,1692691199999,892380546.10386,390574,17612.975,458807266.45200,0
1692691200000,26091.70,26100.00,25900.00,25923.00,60101.968,1692719999999,1563184483.27180,597274,28615.099,744310293.93960,0
1692720000000,25923.00,26060.00,25280.00,26044.40,218754.143,1692748799999,5643443007.69461,1682994,108371.061,2796997961.66957,0
