open_time,open,high,low,close,volume,close_time,quote_volume,count,taker_buy_volume,taker_buy_quote_volume,ignore
1667260800000,20482.10,20649.00,20429.60,20590.20,89484.455,1667289599999,1837670203.91650,589069,46034.849,945496946.37170,0
1667289600000,20590.20,20687.00,20320.00,20435.60,162614.011,1667318399999,3331770110.18612,951925,78989.932,1618621272.10503,0
1667318400000,20435.60,20511.00,20366.80,20472.10,62577.721,1667347199999,1279354777.72310,396685,31060.615,635050410.90420,0
