open_time,open,high,low,close,volume,close_time,quote_volume,count,taker_buy_volume,taker_buy_quote_volume,ignore
1667779200000,20900.00,21062.60,20606.00,20628.10,209168.488,1667807999999,4361819631.05355,1048167,99135.120,2067931408.21450,0
1667808000000,20628.10,20808.40,20563.20,20756.20,179454.269,1667836799999,3715160280.84700,1017249,90140.083,1866385828.22930,0
1667836800000,20756.30,20885.60,20374.00,20578.60,165785.559,1667865599999,3424607310.24368,983975,79668.589,1646447077.33140,0
