open_time,open,high,low,close,volume,close_time,quote_volume,count,taker_buy_volume,taker_buy_quote_volume,ignore
1667174400000,20615.50,20664.30,20416.00,20537.20,95485.833,1667203199999,1958865390.79390,590354,47141.862,967117622.32760,0
1667203200000,20537.20,20838.70,20225.40,20390.40,278346.698,1667231999999,5713729602.09599,1552563,135903.170,2790867304.63730,0
1667232000000,20390.50,20523.50,20318.50,20482.00,104964.735,1667260799999,2142710150.53390,680857,52290.680,1067477747.61700,0
