open_time,open,high,low,close,volume,close_time,quote_volume,count,taker_buy_volume,taker_buy_quote_volume,ignore
1685491200000,27680.00,27825.00,26942.00,27150.40,195816.040,1685519999999,5346008376.55050,1444923,89390.602,2440407649.85018,0
1685520000000,27150.40,27219.60,26835.50,26900.10,176215.936,1685548799999,4763793101.53698,1388912,85648.726,2315810991.33028,0
1685548800000,26900.00,27290.00,26826.00,27201.10,99349.914,1685577599999,2687463179.21168,941324,51605.867,1396073110.87688,0
