open_time,open,high,low,close,volume,close_time,quote_volume,count,taker_buy_volume,taker_buy_quote_volume,ignore
1661212800000,21387.00,21460.00,20874.80,21297.30,189915.356,1661241599999,4020714975.04218,1367720,95198.890,2016069088.88520,0
1661241600000,21297.20,21667.20,21279.00,21460.60,292978.181,1661270399999,6283749458.45656,2089557,151382.770,3247184765.35716,0
1661270400000,21460.70,21662.00,21350.00,21518.20,126851.733,1661299199999,2726048541.53508,1061817,65174.682,1400814535.95158,0
