open_time,open,high,low,close,volume,close_time,quote_volume,count,taker_buy_volume,taker_buy_quote_volume,ignore
1672099200000,16912.80,16968.00,16830.00,16859.60,57915.807,1672127999999,978016106.84900,301644,27442.855,463468837.91890,0
1672128000000,16859.60,16874.80,16723.20,16790.70,97465.795,1672156799999,1637792172.91460,455933,48578.466,816309586.99100,0
1672156800000,16790.70,16795.40,16580.00,16698.20,107446.962,1672185599999,1792200951.73180,545659,51554.200,859901289.76580,0
