open_time,open,high,low,close,volume,close_time,quote_volume,count,taker_buy_volume,taker_buy_quote_volume,ignore
1690934400000,29701.20,30059.90,29550.00,29570.10,178931.568,1690963199999,5324454225.45036,1406393,88684.179,2639175854.36938,0
1690963200000,29570.20,29599.00,29156.00,29312.60,173082.590,1690991999999,5089602571.81866,1348602,83044.735,2442090175.93090,0
1690992000000,29312.50,29357.00,28906.30,29170.10,139711.334,1691020799999,4068326890.07675,1092947,66919.808,1948868376.61942,0
