open_time,open,high,low,close,volume,close_time,quote_volume,count,taker_buy_volume,taker_buy_quote_volume,ignore
1678492800000,20140.30,20674.50,19812.20,19844.30,347705.708,1678521599999,7063550868.25151,2025604,175958.408,3575545950.50279,0
1678521600000,19844.40,20200.00,19752.50,20052.30,220408.578,1678550399999,4417322179.12292,1542290,113136.000,2267615344.40597,0
1678550400000,20052.30,20531.00,19968.30,20447.30,185365.272,1678579199999,3755523196.62889,1287726,96496.299,1955355452.20079,0
