open_time,open,high,low,close,volume,close_time,quote_volume,count,taker_buy_volume,taker_buy_quote_volume,ignore
1715558400000,61455.70,62426.00,60750.00,62296.60,87741.547,1715587199999,5384343635.54850,1188388,44558.748,2734609040.97980,0
1715587200000,62296.50,63289.30,62296.50,62980.50,116898.070,1715615999999,7339525892.35920,1550721,59805.582,3755336940.51620,0
1715616000000,62981.20,63440.00,62540.20,62912.10,57287.456,1715644799999,3606511301.38050,900786,28766.141,1811054456.56390,0
