open_time,open,high,low,close,volume,close_time,quote_volume,count,taker_buy_volume,taker_buy_quote_volume,ignore
1666483200000,19195.10,19214.00,19136.00,19151.60,47850.216,1666511999999,917525871.52850,286262,22576.511,432938923.92360,0
1666512000000,19151.60,19204.90,19050.00,19180.60,76335.350,1666540799999,1461821308.92900,437724,38652.273,740312835.58120,0
1666540800000,19180.60,19690.00,19160.30,19560.70,234425.976,1666569599999,4564560345.04338,1223162,127566.646,2483211957.61448,0
