open_time,open,high,low,close,volume,close_time,quote_volume,count,taker_buy_volume,taker_buy_quote_volume,ignore
1667692800000,21289.80,21355.80,21133.80,21185.30,70501.386,1667721599999,1496205101.24480,429933,33291.513,706525552.30010,0
1667721600000,21185.20,21301.00,21166.10,21233.70,78012.635,1667750399999,1656558490.68380,489053,39364.191,835904345.21230,0
1667750400000,21233.80,21272.30,20863.30,20900.00,128634.625,1667779199999,2714833659.02616,735582,60026.365,1267318246.89570,0
