open_time,open,high,low,close,volume,close_time,quote_volume,count,taker_buy_volume,taker_buy_quote_volume,ignore
1682121600000,27252.60,27387.80,27126.00,27268.40,81804.539,1682150399999,2231496289.97776,766313,40299.625,1099374302.82306,0
1682150400000,27268.40,27556.10,27166.00,27477.10,125093.407,1682179199999,3419484944.73322,1005945,64735.632,1769769327.24084,0
1682179200000,27477.10,27888.00,27470.50,27807.20,138651.075,1682207999999,3835950329.13122,1204991,71850.714,1987952303.44904,0
