open_time,open,high,low,close,volume,close_time,quote_volume,count,taker_buy_volume,taker_buy_quote_volume,ignore
1687219200000,26828.60,27177.30,26733.60,26820.40,137783.735,1687247999999,3708176866.71577,1350552,69647.466,1874797064.13995,0
1687248000000,26820.50,27125.50,26633.90,27054.20,156016.562,1687276799999,4187496471.52994,1524867,79619.395,2137348610.02100,0
1687276800000,27054.30,28397.80,26983.30,28290.60,464376.000,1687305599999,12890657949.57922,3855640,246505.490,6843300709.38154,0
