open_time,open,high,low,close,volume,close_time,quote_volume,count,taker_buy_volume,taker_buy_quote_volume,ignore
1698624000000,34528.60,34578.80,34104,34191.70,64394.560,1698652799999,2209224189.12318,869723,29656.778,1017589506.59710,0
1698652800000,34191.80,34888.20,34161.70,34664.50,131461.907,1698681599999,4549524955.99745,1609745,66433.760,2299218966.00081,0
1698681600000,34664.50,34664.50,34050,34483.80,85984.881,1698710399999,2953808808.83880,1038439,41429.599,1423288721.54499,0
