open_time,open,high,low,close,volume,close_time,quote_volume,count,taker_buy_volume,taker_buy_quote_volume,ignore
1682640000000,29459.00,29591.10,29314.90,29473.90,128249.091,1682668799999,3777569475.03396,1432239,64632.088,1903896099.78588,0
1682668800000,29473.80,29493.70,28870.00,29133.90,256775.848,1682697599999,7492699061.73072,2353197,124590.297,3636107024.08900,0
1682697600000,29134.00,29433.40,29080.30,29300.00,123325.216,1682726399999,3609032190.27258,1312917,62659.461,1833802896.98698,0
