open_time,open,high,low,close,volume,close_time,quote_volume,count,taker_buy_volume,taker_buy_quote_volume,ignore
1688428800000,31149.00,31319.40,30860.00,30902.30,96664.376,1688457599999,3006395626.39127,880176,46686.186,1452145008.40831,0
1688457600000,30902.20,31080.00,30856.00,30959.30,83865.055,1688486399999,2598455697.91072,781755,41674.053,1291310027.20818,0
1688486400000,30959.30,31145.00,30600.00,30756.10,120302.829,1688515199999,3709084300.03545,966127,58404.350,1800996232.40680,0
