open_time,open,high,low,close,volume,close_time,quote_volume,count,taker_buy_volume,taker_buy_quote_volume,ignore
1687910400000,30683.20,30701.80,30127.00,30176.00,106456.797,1687939199999,3236521864.33812,1124250,49514.679,1505573631.29620,0
1687939200000,30176.00,30485.00,29992.50,30399.80,168188.261,1687967999999,5085799328.36140,1539704,83709.001,2531561240.24507,0
1687968000000,30399.80,30457.00,29804.60,30066.30,142011.376,1687996799999,4276271618.95892,1336370,68009.946,2048035784.86632,0
