open_time,open,high,low,close,volume,close_time,quote_volume,count,taker_buy_volume,taker_buy_quote_volume,ignore
1721001600000,60766.00,63075.80,60622.60,62816.00,124236.810,1721030399999,7727200720.46960,1446816,65485.184,4072786419.99970,0
1721030400000,62816.10,63299.80,62266.00,62985.90,100968.826,1721059199999,6341138489.40910,1150057,51392.775,3228805374.90660,0
1721059200000,62986.00,64870.70,62812.80,64680.60,127016.545,1721087999999,8095499640.35270,1487916,68004.653,4335988547.00900,0
