open_time,open,high,low,close,volume,close_time,quote_volume,count,taker_buy_volume,taker_buy_quote_volume,ignore
1715731200000,61550.50,62245.10,61316.10,62157.40,38946.562,1715759999999,2408034803.85590,706548,19128.660,1182807427.86360,0
1715760000000,62157.50,65055.00,61886.80,64685.50,209926.961,1715788799999,13359775439.11950,2708079,109338.943,6959494355.79720,0
1715788800000,64685.40,66440.00,64681.50,66175.40,116158.157,1715817599999,7618707151.05680,1821404,62032.336,4069759262.37230,0
