open_time,open,high,low,close,volume,close_time,quote_volume,count,taker_buy_volume,taker_buy_quote_volume,ignore
1660867200000,23185.00,23200.00,21220.00,21892.80,309265.958,1660895999999,6929476945.48623,2041828,142591.118,3193314044.90791,0
1660896000000,21892.90,21906.00,21235.80,21431.10,324171.282,1660924799999,6976364250.12439,2172190,160813.752,3460521792.17010,0
1660924800000,21431.00,21646.10,20760.00,20824.90,273172.585,1660953599999,5794318108.28771,1882849,131528.820,2791304051.62688,0
