open_time,open,high,low,close,volume,close_time,quote_volume,count,taker_buy_volume,taker_buy_quote_volume,ignore
1708041600000,51898.40,52376.10,51758.00,51786.40,61817.909,1708070399999,3219404791.38587,873303,30905.284,1609779090.62800,0
1708070400000,51786.40,52623.00,51611.70,51909.30,138463.178,1708099199999,7211517362.26605,1788579,69432.209,3616328941.88108,0
1708099200000,51909.20,52284.30,51665.40,52148.60,59538.706,1708127999999,3095497847.86821,937704,29574.673,1537743003.77767,0
