open_time,open,high,low,close,volume,close_time,quote_volume,count,taker_buy_volume,taker_buy_quote_volume,ignore
1687737600000,30458.00,30580.00,29920.00,30395.60,147713.496,1687766399999,4472259461.78716,1567966,73236.954,2218023540.97501,0
1687766400000,30395.50,30667.30,30115.10,30400.50,132002.208,1687795199999,4010033728.77437,1420293,65386.491,1986580639.16271,0
1687795200000,30400.70,30425.70,29890.10,30260.10,135383.652,1687823999999,4079856599.14268,1428265,64787.156,1952573735.84701,0
