open_time,open,high,low,close,volume,close_time,quote_volume,count,taker_buy_volume,taker_buy_quote_volume,ignore
1663027200000,22386.00,22659.90,22048.40,22267.80,197937.974,1663055999999,4413379211.28670,1311479,99938.975,2229044556.15381,0
1663056000000,22267.90,22850.00,20729.00,20823.90,621948.456,1663084799999,13507295889.10786,3791192,307182.704,6679272735.50583,0
1663084800000,20823.90,20920.60,19840.00,20162.50,398883.497,1663113599999,8134445461.66194,2412546,192466.637,3925249854.24980,0
