open_time,open,high,low,close,volume,close_time,quote_volume,count,taker_buy_volume,taker_buy_quote_volume,ignore
1681689600000,30286.60,30307.40,29714.10,29831.10,144858.488,1681718399999,4337734517.82092,1206445,67222.869,2012806734.87654,0
1681718400000,29831.20,29913.60,29219.90,29346.50,225771.358,1681747199999,6665380021.57227,1618683,107628.427,3177673520.15494,0
1681747200000,29346.50,29565.00,29316.30,29420.00,84888.702,1681775999999,2500120634.75574,735531,41558.538,1223949060.16554,0
