open_time,open,high,low,close,volume,close_time,quote_volume,count,taker_buy_volume,taker_buy_quote_volume,ignore
1707177600000,42692.90,42941.10,42559.80,42870.00,43293.709,1707206399999,1851509296.51784,537629,21429.674,916535521.72190,0
1707206400000,42870.00,43266.40,42631.00,43232.00,93943.457,1707235199999,4033447372.33826,1085788,48071.827,2064451857.17126,0
1707235200000,43232.00,43378.80,42980.80,43079.10,58920.477,1707263999999,2544359243.76872,726579,28113.140,1214187603.36784,0
