open_time,open,high,low,close,volume,close_time,quote_volume,count,taker_buy_volume,taker_buy_quote_volume,ignore
1667865600000,20578.50,20664.40,19335.00,19785.60,428751.468,1667894399999,8548150641.64579,2293775,202007.908,4028009476.33185,0
1667894400000,19785.60,19787.70,19200.00,19513.80,293204.333,1667923199999,5728829285.65765,1681528,144741.294,2828518133.82796,0
1667923200000,19513.80,20685.00,16830.00,18534.00,1324520.512,1667951999999,25040039282.63177,6695363,649725.854,12294217104.38417,0
