open_time,open,high,low,close,volume,close_time,quote_volume,count,taker_buy_volume,taker_buy_quote_volume,ignore
1687046400000,26508.80,26675.10,26367.80,26572.00,67737.542,1687075199999,1797007454.91890,728410,34175.303,906829151.85460,0
1687075200000,26572.00,26587.90,26425.80,26547.50,60818.106,1687103999999,1611995668.46030,716525,30323.757,803791916.67710,0
1687104000000,26547.50,26709.40,26230.90,26329.70,113421.836,1687132799999,3002601445.03304,1148057,55233.599,1462485555.05050,0
