open_time,open,high,low,close,volume,close_time,quote_volume,count,taker_buy_volume,taker_buy_quote_volume,ignore
1694217600000,25899.90,25900.10,25820.00,25871.00,20978.664,1694246399999,542514703.24630,294287,10550.083,272840645.35390,0
1694246400000,25871.00,25921.50,25781.50,25881.90,30009.479,1694275199999,775957310.77460,364156,15220.873,393601457.81020,0
1694275200000,25881.90,25940.60,25834.30,25892.60,16921.667,1694303999999,437854236.40250,244467,8446.052,218552445.55640,0
