open_time,open,high,low,close,volume,close_time,quote_volume,count,taker_buy_volume,taker_buy_quote_volume,ignore
1691280000000,29057.70,29100.00,29023.40,29081.40,19631.788,1691308799999,570495631.35480,238257,10070.250,292649568.42980,0
1691308800000,29081.30,29132.00,28978.50,29001.00,34804.752,1691337599999,1010985936.81040,339849,16580.303,481643270.43300,0
1691337600000,29001.10,29199.00,28983.70,29075.90,48657.900,1691366399999,1415945003.37230,447557,24821.932,722331410.08900,0
