open_time,open,high,low,close,volume,close_time,quote_volume,count,taker_buy_volume,taker_buy_quote_volume,ignore
1728432000000,62131.80,62520.90,61962.80,62243.00,33985.833,1728460799999,2117790321.69260,572703,16320.087,1016932656.05160,0
1728460800000,62243.00,62386.00,61600.10,62285.40,81097.637,1728489599999,5027048603.87990,1070468,39711.750,2462011912.39140,0
1728489600000,62285.40,62320.00,60251.90,60606.40,102218.703,1728518399999,6249838644.87170,1281431,46461.249,2841347914.66010,0
