open_time,open,high,low,close,volume,close_time,quote_volume,count,taker_buy_volume,taker_buy_quote_volume,ignore
1728172800000,62023.10,62132.40,61778.90,61919.80,15449.762,1728201599999,956933068.67480,266192,7672.700,475271624.64100,0
1728201600000,61919.80,62750.00,61890.00,62690.40,40959.544,1728230399999,2553650118.75110,567387,21886.920,1364646049.16740,0
1728230400000,62690.40,62961.50,62265.00,62789.30,40004.147,1728259199999,2506537883.84950,626626,20225.983,1267611686.41100,0
