open_time,open,high,low,close,volume,close_time,quote_volume,count,taker_buy_volume,taker_buy_quote_volume,ignore
1679097600000,27383.90,27726.40,27050.00,27351.90,212956.975,1679126399999,5831308475.98190,1965509,104481.574,2861718247.47118,0
1679126400000,27351.90,27658.40,27037.00,27218.90,234972.633,1679155199999,6426657209.68220,2141667,115778.600,3167309718.94122,0
1679155200000,27218.90,27490.00,26555.50,26907.00,292302.708,1679183999999,7926525767.04264,2346342,141862.324,3848000428.38877,0
