open_time,open,high,low,close,volume,close_time,quote_volume,count,taker_buy_volume,taker_buy_quote_volume,ignore
1667433600000,20140.20,20400.00,20111.00,20293.80,107342.382,1667462399999,2178434274.14910,545623,54706.146,1110200497.42750,0
1667462400000,20293.70,20329.90,20026.00,20241.00,199704.316,1667491199999,4032459592.92415,1073270,99419.802,2007887173.54340,0
1667491200000,20241.10,20304.80,20149.20,20199.70,65074.363,1667519999999,1316022917.01550,381420,31805.502,643287972.78210,0
