open_time,open,high,low,close,volume,close_time,quote_volume,count,taker_buy_volume,taker_buy_quote_volume,ignore
1684800000000,26840.20,27527.50,26782.60,27295.80,195918.323,1684828799999,5335259529.35614,1577995,102080.754,2779785142.55764,0
1684828800000,27295.80,27383.00,27159.30,27310.70,96197.882,1684857599999,2624861726.41878,890409,48634.396,1327137542.68930,0
1684857600000,27310.80,27319.40,27080.00,27209.90,77060.413,1684886399999,2095399904.97590,744646,37725.103,1025822055.21050,0
