open_time,open,high,low,close,volume,close_time,quote_volume,count,taker_buy_volume,taker_buy_quote_volume,ignore
1731801600000,90643.20,90954.90,89400.10,90600.00,50012.429,1731830399999,4515084672.39700,1031539,24195.668,2184525027.56480,0
1731830400000,90600.00,91539.60,89935.70,90305.10,57915.188,1731859199999,5257160632.54140,1110546,27611.632,2506974705.89580,0
1731859200000,90305.20,90701.00,88736.10,89899.90,59577.175,1731887999999,5350608531.00780,1127204,28471.779,2557337174.95770,0
