open_time,open,high,low,close,volume,close_time,quote_volume,count,taker_buy_volume,taker_buy_quote_volume,ignore
1661040000000,21127.70,21320.40,21055.00,21241.70,96098.423,1661068799999,2036143331.22540,818144,48627.324,1030435488.89240,0
1661068800000,21241.70,21580.10,21217.00,21407.70,162201.882,1661097599999,3472286574.82228,1255716,83148.029,1780164049.37118,0
1661097600000,21407.70,21804.60,21259.70,21505.60,165982.119,1661126399999,3567989001.56686,1275885,84341.965,1813492805.68442,0
