open_time,open,high,low,close,volume,close_time,quote_volume,count,taker_buy_volume,taker_buy_quote_volume,ignore
1723766400000,57511.10,58619.90,57062.10,58423.40,69181.412,1723795199999,4008715257.12569,930988,35137.263,2036233264.32190,0
1723795200000,58423.40,58908.50,57500.00,58035.60,115557.242,1723823999999,6725680049.39810,1471608,57769.912,3363063959.39140,0
1723824000000,58035.10,59780.20,57965.40,58854.90,84017.875,1723852799999,4960183904.27780,1129781,42448.332,2505801442.90990,0
