open_time,open,high,low,close,volume,close_time,quote_volume,count,taker_buy_volume,taker_buy_quote_volume,ignore
1715385600000,60778.00,61079.40,60617.00,60988.90,36156.259,1715414399999,2200001658.92340,571212,18205.981,1107848384.36550,0
1715414400000,60989.00,61491.40,60432.60,61146.10,48682.728,1715443199999,2965050855.31130,734647,24584.788,1497493828.40290,0
1715443200000,61146.10,61390.00,60720.30,60809.20,28455.800,1715471999999,1736794543.04120,485879,13554.720,827386833.73330,0
