open_time,open,high,low,close,volume,close_time,quote_volume,count,taker_buy_volume,taker_buy_quote_volume,ignore
1708732800000,50771.90,51133.30,50611.40,51099.80,35328.010,1708761599999,1797467149.91118,531318,17249.089,877607158.95848,0
1708761600000,51099.80,51204.20,50965.00,51124.60,21557.472,1708790399999,1102038483.18311,367834,11084.243,566643406.01431,0
1708790400000,51124.70,51736.60,51117.10,51602.10,48058.975,1708819199999,2476426907.23339,682565,25282.888,1302650512.98974,0
