open_time,open,high,low,close,volume,close_time,quote_volume,count,taker_buy_volume,taker_buy_quote_volume,ignore
1661817600000,20275.50,20574.00,20100.00,20423.30,162085.791,1661846399999,3299075295.93364,1137758,83279.262,1695261145.47134,0
1661846400000,20423.30,20496.60,19634.40,19743.80,318530.163,1661875199999,6399563831.18557,1983524,156682.596,3148066848.62720,0
1661875200000,19743.70,20085.00,19524.40,19803.10,287099.039,1661903999999,5688685214.64589,1750402,142154.625,2817166120.40675,0
