open_time,open,high,low,close,volume,close_time,quote_volume,count,taker_buy_volume,taker_buy_quote_volume,ignore
1664755200000,19049.30,19309.90,18950.80,19190.00,152934.768,1664783999999,2930079437.82583,981253,78892.547,1511519660.98243,0
1664784000000,19190.00,19489.90,19116.30,19329.90,252036.204,1664812799999,4861179340.82040,1465589,128966.054,2487547563.67700,0
1664812800000,19330.00,19723.70,19300.10,19622.00,216845.357,1664841599999,4235036515.89018,1348881,113574.102,2218161010.64768,0
