open_time,open,high,low,close,volume,close_time,quote_volume,count,taker_buy_volume,taker_buy_quote_volume,ignore
1705708800000,41662.10,41781.40,41458.50,41652.40,31070.949,1705737599999,1292989668.69813,437930,15254.236,634787042.30760,0
1705737600000,41652.40,41706.50,41453.60,41570.30,39291.947,1705766399999,1633605033.53920,521067,19500.155,810769447.85846,0
1705766400000,41570.20,41883.50,41522.00,41691.80,25503.166,1705795199999,1063279374.06095,391121,12640.879,527020199.82936,0
