open_time,open,high,low,close,volume,close_time,quote_volume,count,taker_buy_volume,taker_buy_quote_volume,ignore
1707782400000,49943.60,50428.80,49754.40,50019.90,63875.161,1707811199999,3195703725.46041,898517,31604.474,1581421528.46097,0
1707811200000,50019.80,50290.00,48356.00,48753.10,209977.151,1707839999999,10358579645.43944,2327862,101197.205,4993337077.61288,0
1707840000000,48753.20,49783.50,48301.00,49696.40,108495.773,1707868799999,5323103563.74835,1509537,54567.400,2677564045.18662,0
