open_time,open,high,low,close,volume,close_time,quote_volume,count,taker_buy_volume,taker_buy_quote_volume,ignore
1664236800000,19216.30,20368.00,19182.00,20174.20,415877.236,1664265599999,8281861334.68144,2555202,221579.431,4410717479.33484,0
1664265600000,20174.20,20375.00,19860.40,19885.30,329801.112,1664294399999,6656417474.18890,2022511,165817.756,3347498066.98110,0
1664294400000,19885.30,19948.10,18801.50,19070.10,554887.810,1664323199999,10636463334.11803,2886742,267147.836,5120489609.14640,0
