open_time,open,high,low,close,volume,close_time,quote_volume,count,taker_buy_volume,taker_buy_quote_volume,ignore
1729987200000,67071.90,67297.20,66909.40,67174.70,14690.921,1730015999999,985861976.37170,264439,7328.456,491818834.39270,0
1730016000000,67174.70,67835.10,67011.10,67759.90,33765.659,1730044799999,2278260768.63500,495438,18447.169,1244709798.72930,0
1730044800000,67759.90,68306.10,67513.00,67992.60,40012.228,1730073599999,2717810490.92410,603613,20038.701,1361371128.93010,0
