open_time,open,high,low,close,volume,close_time,quote_volume,count,taker_buy_volume,taker_buy_quote_volume,ignore
1721952000000,65773.00,67470.40,65688.20,66873.80,81703.127,1721980799999,5456556804.61080,977881,41198.402,2751377178.18290,0
1721980800000,66873.70,67982.40,66865.70,67528.00,94469.896,1722009599999,6365852988.16040,1081001,47557.015,3204884966.31960,0
1722009600000,67527.90,68200.00,67277.00,67882.50,59211.503,1722038399999,4008936352.19370,731410,29726.261,2013156064.74610,0
