open_time,open,high,low,close,volume,close_time,quote_volume,count,taker_buy_volume,taker_buy_quote_volume,ignore
1730160000000,69939.90,71607.00,69733.00,71004.20,98044.503,1730188799999,6952718353.02220,1269305,51631.156,3660687709.04540,0
1730188800000,71004.10,72490.00,70900.00,72374.90,128882.788,1730217599999,9232103105.32630,1536701,66853.410,4789570879.86370,0
1730217600000,72374.90,73660.00,71871.10,72739.50,155574.769,1730246399999,11317448309.66060,1990288,80540.733,5860705560.85600,0
