open_time,open,high,low,close,volume,close_time,quote_volume,count,taker_buy_volume,taker_buy_quote_volume,ignore
1679961600000,27112.00,27162.50,26800.00,26947.20,123427.087,1679990399999,3331554164.68000,1064880,59639.727,1609853076.40960,0
1679990400000,26947.30,27200.00,26610.00,26984.90,252283.780,1680019199999,6791591651.44341,1979054,125851.349,3388650962.42985,0
1680019200000,26984.80,27500.00,26720.30,27249.70,209369.905,1680047999999,5683804949.63791,1733612,107269.840,2912615249.32573,0
