open_time,open,high,low,close,volume,close_time,quote_volume,count,taker_buy_volume,taker_buy_quote_volume,ignore
1671148800000,17351.90,17528.00,17338.30,17496.60,77191.529,1671177599999,1344615496.64680,437698,41404.638,721349975.18790,0
1671177600000,17496.60,17510.50,16870.60,16961.80,296126.791,1671206399999,5051680309.90541,1556356,139966.130,2386709504.40910,0
1671206400000,16961.80,16969.50,16521.10,16624.10,248831.925,1671235199999,4171536664.49174,1258285,119434.861,2002559646.32250,0
