open_time,open,high,low,close,volume,close_time,quote_volume,count,taker_buy_volume,taker_buy_quote_volume,ignore
1728086400000,62054.30,62242.40,61648.00,62043.00,27986.893,1728115199999,1734947315.87970,424221,14046.647,870784126.68050,0
1728115200000,62043.00,62344.00,62043.00,62131.40,19880.737,1728143999999,1236154601.70680,332085,9499.329,590690438.23400,0
1728144000000,62131.50,62159.40,61671.90,62023.10,26463.151,1728172799999,1638052215.93570,408837,12808.677,792860731.65600,0
