open_time,open,high,low,close,volume,close_time,quote_volume,count,taker_buy_volume,taker_buy_quote_volume,ignore
1695340800000,26552.60,26697.50,26452.90,26660.90,59857.503,1695369599999,1592429249.01610,623740,29414.065,782639103.47030,0
1695369600000,26660.90,26737.70,26540.60,26619.90,66980.348,1695398399999,1783556039.27240,646420,32743.070,871950737.63650,0
1695398400000,26619.90,26632.50,26468.50,26566.70,46696.797,1695427199999,1240234193.68320,507763,23105.236,613652382.12400,0
