open_time,open,high,low,close,volume,close_time,quote_volume,count,taker_buy_volume,taker_buy_quote_volume,ignore
1725408000000,57452.00,57920.00,55555.00,56717.00,132720.750,1725436799999,7506318718.01298,1518450,63342.830,3582349449.46321,0
1725436800000,56717.10,58137.70,56154.00,58096.20,122967.640,1725465599999,7007427353.63876,1420669,62779.426,3578738605.11586,0
1725465600000,58096.00,58500.00,57615.90,57944.80,71294.921,1725494399999,4141250619.99850,966232,36410.280,2114948940.99880,0
