open_time,open,high,low,close,volume,close_time,quote_volume,count,taker_buy_volume,taker_buy_quote_volume,ignore
1717200000000,67577.90,67857.50,67480.00,67677.90,19362.613,1717228799999,1310609722.98870,311262,9396.099,636063396.17560,0
1717228800000,67677.80,67936.00,67649.80,67728.20,16418.210,1717257599999,1112847401.13350,275417,8576.170,581347266.01610,0
1717257600000,67728.20,67921.30,67590.00,67799.20,15162.235,1717286399999,1027223120.40370,264789,7020.114,475638137.91700,0
