open_time,open,high,low,close,volume,close_time,quote_volume,count,taker_buy_volume,taker_buy_quote_volume,ignore
1688256000000,30573.60,30650.00,30458.00,30504.70,43662.803,1688284799999,1333119513.24080,488668,21788.410,665272941.15700,0
1688284800000,30504.70,30626.20,30149.90,30491.40,75372.218,1688313599999,2296125149.58525,673058,37259.116,1135266657.91619,0
1688313600000,30491.40,30800.00,30358.30,30612.70,112831.167,1688342399999,3450097436.52710,923670,55839.906,1707621849.60293,0
