open_time,open,high,low,close,volume,close_time,quote_volume,count,taker_buy_volume,taker_buy_quote_volume,ignore
1731110400000,76482.20,76800.00,76122.40,76523.90,34063.323,1731139199999,2603705245.47300,570501,16812.875,1285274258.91290,0
1731139200000,76523.90,76735.00,76255.00,76305.70,27825.615,1731167999999,2126519371.37780,431794,14193.264,1084775264.40670,0
1731168000000,76305.60,76920.00,75683.20,76675.10,55865.096,1731196799999,4264053061.68220,814348,28577.803,2181878919.85240,0
