open_time,open,high,low,close,volume,close_time,quote_volume,count,taker_buy_volume,taker_buy_quote_volume,ignore
1683676800000,27610.20,27848.70,27507.00,27532.40,79628.570,1683705599999,2203112755.26730,930865,39337.315,1088588702.15192,0
1683705600000,27532.30,28297.00,27457.80,28141.20,253829.742,1683734399999,7100687384.80193,2399315,131437.761,3676682921.28453,0
1683734400000,28141.20,28290.00,26666.60,27582.90,389044.364,1683763199999,10698092660.18030,3337241,187064.935,5145038277.95501,0
