open_time,open,high,low,close,volume,close_time,quote_volume,count,taker_buy_volume,taker_buy_quote_volume,ignore
1706745600000,42560.50,42674.90,41866.80,42182.20,77164.161,1706774399999,3251827214.15830,998315,38163.476,1608314052.69009,0
1706774400000,42182.30,42936.60,41926.30,42500.10,98516.867,1706803199999,4175063218.83289,1155259,49146.641,2083149786.62320,0
1706803200000,42500.00,43288.00,42350.00,43072.60,98640.079,1706831999999,4231611353.31473,1213056,50078.815,2148653975.12689,0
