open_time,open,high,low,close,volume,close_time,quote_volume,count,taker_buy_volume,taker_buy_quote_volume,ignore
1717632000000,71133.30,71280.00,70850.00,71077.30,27953.540,1717660799999,1985973095.43720,396403,14055.499,998643699.44290,0
1717660800000,71077.20,71714.80,70912.90,71334.30,65339.413,1717689599999,4657958842.87710,845767,33033.069,2355044758.39980,0
1717689600000,71334.30,71421.60,70101.90,70830.00,65190.611,1717718399999,4616974895.82810,799834,29968.722,2122612536.93550,0
