open_time,open,high,low,close,volume,close_time,quote_volume,count,taker_buy_volume,taker_buy_quote_volume,ignore
1678320000000,21695.30,21798.00,21616.50,21680.90,83838.631,1678348799999,1821159074.50700,587658,41926.728,910789685.56660,0
1678348800000,21680.90,21823.00,21511.10,21637.40,213861.864,1678377599999,4634512689.55230,1218699,107461.002,2329217197.18970,0
1678377600000,21637.40,21666.40,20003.50,20348.30,654202.865,1678406399999,13602624535.99532,3484164,302127.823,6280931554.15450,0
