open_time,open,high,low,close,volume,close_time,quote_volume,count,taker_buy_volume,taker_buy_quote_volume,ignore
1722124800000,67873.70,68246.60,67037.00,67517.70,47402.965,1722153599999,3205786088.76340,604033,23595.460,1595622894.16480,0
1722153600000,67517.60,68093.40,67178.90,67624.30,40688.009,1722182399999,2755056968.68100,521563,19857.447,1344625648.05310,0
1722182400000,67624.20,68300.00,67588.40,68215.50,28822.961,1722211199999,1960280800.53860,416912,14444.305,982358290.78250,0
