open_time,open,high,low,close,volume,close_time,quote_volume,count,taker_buy_volume,taker_buy_quote_volume,ignore
1702425600000,41514.90,41524.20,40556,41146.30,105146.071,1702454399999,4313753389.78615,1037465,51686.678,2120935532.96082,0
1702454400000,41146.30,41979,40976.90,41960,102457.967,1702483199999,4247280906.57662,1038365,51904.158,2151896930.40870,0
1702483200000,41960,43517.60,41735.60,42875,189106.258,1702511999999,8057294579.89154,1664225,94432.543,4023260442.69940,0
