open_time,open,high,low,close,volume,close_time,quote_volume,count,taker_buy_volume,taker_buy_quote_volume,ignore
1683849600000,26956.40,27090.00,26100.10,26294.10,222507.000,1683878399999,5898407592.52319,2108822,103665.790,2748771865.32490,0
1683878400000,26294.00,26599.40,26220.00,26307.70,153841.454,1683907199999,4058640870.18819,1829171,77337.800,2040588980.41939,0
1683907200000,26307.60,26882.80,25751.00,26785.10,239297.054,1683935999999,6309481514.94721,2293225,119544.819,3154093724.55512,0
