open_time,open,high,low,close,volume,close_time,quote_volume,count,taker_buy_volume,taker_buy_quote_volume,ignore
1722988800000,55991.30,57249.00,55516.30,56898.70,102046.755,1723017599999,5780522130.89191,1367656,51652.979,2926578719.25444,0
1723017600000,56898.80,57699.00,55620.50,56067.50,150653.730,1723046399999,8556795804.85895,1852101,75779.978,4306309685.52633,0
1723046400000,56067.40,56279.80,54519.80,55102.90,124742.055,1723075199999,6890658002.97201,1621761,60484.738,3340809677.39564,0
