open_time,open,high,low,close,volume,close_time,quote_volume,count,taker_buy_volume,taker_buy_quote_volume,ignore
1704067200000,42314.00,42832.00,42207.90,42527.00,49159.997,1704095999999,2088103143.81527,536897,24352.087,1034421935.87549,0
1704096000000,42527.10,42887.50,42489.40,42818.00,44386.229,1704124799999,1895535085.35918,518414,22085.724,943256583.69902,0
1704124800000,42818.00,44266.00,42693.10,44230.20,112877.918,1704153599999,4913919767.34401,1142020,60821.751,2648415397.17395,0
