open_time,open,high,low,close,volume,close_time,quote_volume,count,taker_buy_volume,taker_buy_quote_volume,ignore
1721692800000,67499.20,67729.30,66216.10,66550.00,65894.213,1721721599999,4408631809.63670,854227,31021.352,2075074514.54120,0
1721721600000,66549.90,67338.00,65921.70,66552.80,120865.364,1721750399999,8056541263.32810,1448854,60036.275,4002009965.56580,0
1721750400000,66552.80,66745.10,65416.50,65916.40,83671.103,1721779199999,5515298911.71450,1097395,42320.801,2789823717.58090,0
