open_time,open,high,low,close,volume,close_time,quote_volume,count,taker_buy_volume,taker_buy_quote_volume,ignore
1677542400000,23480.00,23539.00,23210.00,23223.30,88158.599,1677571199999,2062370994.31590,682763,41012.545,959633117.62220,0
1677571200000,23223.40,23571.10,23190.20,23511.20,178207.281,1677599999999,4170974707.25820,1291574,89384.234,2092214481.79490,0
1677600000000,23511.10,23592.80,23010.00,23129.60,190553.958,1677628799999,4436570956.93061,1376337,90676.798,2111434872.83590,0
