open_time,open,high,low,close,volume,close_time,quote_volume,count,taker_buy_volume,taker_buy_quote_volume,ignore
1666828800000,20758.40,20863.70,20561.50,20703.60,113630.635,1666857599999,2356879815.50810,834331,55553.950,1152445601.98840,0
1666857600000,20703.60,20773.10,20420.00,20554.00,286772.862,1666886399999,5909520708.65260,1733660,138724.264,2859186078.05870,0
1666886400000,20554.10,20670.00,20170.00,20285.50,214506.548,1666915199999,4379003630.19109,1178832,102255.989,2088403653.38490,0
