open_time,open,high,low,close,volume,close_time,quote_volume,count,taker_buy_volume,taker_buy_quote_volume,ignore
1683244800000,28826.00,29551.00,28802.80,29059.00,167748.988,1683273599999,4896881905.02664,1630861,86062.646,2512465831.50704,0
1683273600000,29058.90,29437.50,28618.30,29347.40,236751.476,1683302399999,6894985728.22675,2120797,119562.230,3483137894.30544,0
1683302400000,29347.50,29693.00,29304.00,29491.50,173984.713,1683331199999,5135356097.60747,1718736,89761.791,2649693346.54279,0
