open_time,open,high,low,close,volume,close_time,quote_volume,count,taker_buy_volume,taker_buy_quote_volume,ignore
1701216000000,37812,38238,37663.20,38095.70,56814.378,1701244799999,2157549689.22071,594280,29823.190,1132593682.78320,0
1701244800000,38095.70,38500,37551.80,37817.60,143095.518,1701273599999,5441635568.15342,1308149,70815.921,2693586248.10113,0
1701273600000,37817.60,37924.50,37564.20,37837.10,61721.985,1701302399999,2329946288.67725,674730,30569.702,1154091439.34781,0
