open_time,open,high,low,close,volume,close_time,quote_volume,count,taker_buy_volume,taker_buy_quote_volume,ignore
1669680000000,16204.60,16535.00,16088.00,16455.90,147251.174,1669708799999,2408214182.88364,798630,76562.216,1252476417.87024,0
1669708800000,16456.00,16543.00,16312.60,16384.80,153294.953,1669737599999,2520494644.86400,802045,77806.482,1279460128.80940,0
1669737600000,16384.90,16521.90,16335.10,16433.20,90864.727,1669766399999,1492184345.75510,498031,45928.437,754322387.34030,0
