open_time,open,high,low,close,volume,close_time,quote_volume,count,taker_buy_volume,taker_buy_quote_volume,ignore
1679011200000,24990.50,26200.00,24875.30,26046.90,362116.216,1679039999999,9302684024.71533,2756428,189572.099,4869750111.07229,0
1679040000000,26046.90,26980.00,25912.50,26412.60,541280.010,1679068799999,14328833231.09073,4207416,276678.735,7325617920.36111,0
1679068800000,26412.70,27763.40,26250.00,27384.00,437762.838,1679097599999,11812013031.84502,3228397,226491.632,6112169935.13400,0
