open_time,open,high,low,close,volume,close_time,quote_volume,count,taker_buy_volume,taker_buy_quote_volume,ignore
1728691200000,62509.00,63055.90,62458.00,62734.10,33340.030,1728719999999,2089884532.04890,468594,17573.033,1101570188.54330,0
1728720000000,62734.00,63462.60,62645.50,63124.80,44365.248,1728748799999,2797587344.72810,622327,22576.303,1423803012.96000,0
1728748800000,63124.90,63366.80,62862.00,63176.00,25079.128,1728777599999,1582707062.92080,411983,12447.308,785629989.33250,0
