open_time,open,high,low,close,volume,close_time,quote_volume,count,taker_buy_volume,taker_buy_quote_volume,ignore
1723939200000,59468.50,60249.80,59214.00,59545.40,48441.832,1723967999999,2889865501.42620,651464,24747.006,1476488780.29680,0
1723968000000,59545.50,60250.00,59401.10,59828.80,52296.113,1723996799999,3131745912.93530,678111,26235.826,1571311621.68850,0
1723996800000,59828.80,59916.00,58352.00,58390.00,48922.319,1724025599999,2898093048.97780,659126,23284.774,1379713300.09070,0
