open_time,open,high,low,close,volume,close_time,quote_volume,count,taker_buy_volume,taker_buy_quote_volume,ignore
1691366400000,29075.90,29220.70,29005.50,29084.70,52699.566,1691395199999,1534538915.76760,510378,25980.739,756557588.97300,0
1691395200000,29084.70,29148.80,28771.00,28853.20,108685.546,1691423999999,3151050091.23700,855237,52886.926,1533589851.86460,0
1691424000000,28853.20,29274.50,28682.30,29202.70,136367.327,1691452799999,3956786885.18382,1081492,69992.600,2030968739.04851,0
