open_time,open,high,low,close,volume,close_time,quote_volume,count,taker_buy_volume,taker_buy_quote_volume,ignore
1718236800000,68270.30,68400.00,66957.00,67724.90,59249.711,1718265599999,4007637823.94570,755314,28884.078,1953820751.96380,0
1718265600000,67724.90,68607.70,66337.00,66464.40,136433.506,1718294399999,9210277824.23120,1461142,66427.788,4485310596.02450,0
1718294400000,66464.30,67080.50,66251.10,66786.90,52672.244,1718323199999,3516493205.36880,713599,27233.946,1818297005.80690,0
