open_time,open,high,low,close,volume,close_time,quote_volume,count,taker_buy_volume,taker_buy_quote_volume,ignore
1695859200000,26359.60,26549.90,26325.20,26445.70,78617.192,1695887999999,2077457474.09706,719422,40144.036,1060856527.25426,0
1695888000000,26445.70,27075,26373.80,27012.30,177839.389,1695916799999,4745641378.17279,1602304,95078.360,2538072519.59189,0
1695916800000,27012.30,27308.70,26837.30,27011.80,173131.277,1695945599999,4688321180.37925,1603639,84834.335,2297536588.58555,0
