open_time,open,high,low,close,volume,close_time,quote_volume,count,taker_buy_volume,taker_buy_quote_volume,ignore
1699920000000,36486.20,36740.80,36220.40,36705.50,59697.696,1699948799999,2176946827.38046,687889,29540.616,1077342589.10869,0
1699948800000,36705.50,36779.90,35665.20,36168.70,151702.166,1699977599999,5521676615.61830,1457772,71720.976,2611509916.58411,0
1699977600000,36168.80,36449,34446.30,35559,185865.938,1700006399999,6616070518.91304,1671961,86860.427,3093014544.04258,0
