open_time,open,high,low,close,volume,close_time,quote_volume,count,taker_buy_volume,taker_buy_quote_volume,ignore
1721520000000,67095.60,67400.00,66560.00,66670.00,31496.284,1721548799999,2109648284.12330,452327,14870.750,996121232.68720,0
1721548800000,66669.90,67498.00,66571.30,67130.90,42840.353,1721577599999,2870538409.66780,583479,22147.044,1484176777.95450,0
1721577600000,67130.90,68351.20,65750.00,68138.00,132891.735,1721606399999,8931276856.21040,1615052,68212.063,4586328509.13160,0
