open_time,open,high,low,close,volume,close_time,quote_volume,count,taker_buy_volume,taker_buy_quote_volume,ignore
1661904000000,19803.20,20496.00,19787.90,20247.50,217283.541,1661932799999,4398798457.54834,1497533,115326.635,2334896995.67474,0
1661932800000,20247.50,20419.00,19850.00,20130.50,295582.662,1661961599999,5970920655.75567,1990582,149615.467,3022608921.86340,0
1661961600000,20130.60,20329.00,19870.20,20041.50,198773.136,1661990399999,3995278043.63258,1364350,99637.678,2002983494.26358,0
