open_time,open,high,low,close,volume,close_time,quote_volume,count,taker_buy_volume,taker_buy_quote_volume,ignore
1661385600000,21355.00,21750.00,21295.30,21732.20,138079.015,1661414399999,2976122669.92154,1015197,73231.624,1578492182.21844,0
1661414400000,21732.20,21810.90,21475.00,21557.00,163906.096,1661443199999,3549549221.24700,1236769,81988.065,1775685931.97220,0
1661443200000,21557.00,21677.00,21385.50,21548.30,113772.881,1661471999999,2450696934.83046,843050,56221.089,1211221945.33400,0
