open_time,open,high,low,close,volume,close_time,quote_volume,count,taker_buy_volume,taker_buy_quote_volume,ignore
1689897600000,29791.00,29949.50,29705.90,29757.80,65512.395,1689926399999,1954406689.49592,587270,31762.097,947646996.08644,0
1689926400000,29757.80,29904.70,29710.30,29852.00,74764.070,1689955199999,2229019409.57520,679476,36467.696,1087312033.48300,0
1689955200000,29852.00,30056.20,29762.00,29891.40,80868.609,1689983999999,2418099461.37844,726786,40469.735,1210225718.06534,0
