open_time,open,high,low,close,volume,close_time,quote_volume,count,taker_buy_volume,taker_buy_quote_volume,ignore
1721088000000,64680.60,64988.80,62672.40,62881.80,119448.684,1721116799999,7634520766.06540,1360644,57580.740,3680693907.70070,0
1721116800000,62881.80,64942.00,62350.00,64833.90,152407.792,1721145599999,9690510085.11750,1730287,78581.441,4998158099.11790,0
1721145600000,64833.90,65388.00,64058.00,65010.00,103402.140,1721174399999,6690319885.06670,1282484,51095.954,3306708675.39140,0
