open_time,open,high,low,close,volume,close_time,quote_volume,count,taker_buy_volume,taker_buy_quote_volume,ignore
1726185600000,58097.10,58226.80,57708.00,58079.80,32762.837,1726214399999,1898387449.03990,474008,16131.325,934693229.87980,0
1726214400000,58079.70,59706.10,57594.00,59623.50,140714.975,1726243199999,8222524804.30600,1464280,73067.083,4271971361.62670,0
1726243200000,59623.60,60597.00,59278.90,60456.20,103951.680,1726271999999,6226378626.51200,1350960,53876.638,3227669779.26890,0
