open_time,open,high,low,close,volume,close_time,quote_volume,count,taker_buy_volume,taker_buy_quote_volume,ignore
1718755200000,65149.90,65711.90,64777.10,65295.00,63749.524,1718783999999,4162667010.40060,792395,30697.459,2004569271.99250,0
1718784000000,65294.90,65519.60,64708.20,64895.00,55994.767,1718812799999,3644734481.47610,645837,26939.841,1753712665.91230,0
1718812800000,64895.00,65269.50,64600.00,64933.60,30288.378,1718841599999,1966346153.09060,427151,15491.113,1005844038.41910,0
