open_time,open,high,low,close,volume,close_time,quote_volume,count,taker_buy_volume,taker_buy_quote_volume,ignore
1729900800000,66662.70,67211.20,66414.10,66982.00,42034.054,1729929599999,2808807485.85470,657023,20460.072,1367302793.16650,0
1729929600000,66982.00,67250.00,66708.00,66864.20,30576.591,1729958399999,2047614793.15200,501079,15519.865,1039443454.27190,0
1729958400000,66864.30,67450.00,66760.50,67071.80,21559.347,1729987199999,1446646102.57680,364531,11351.505,761789704.26170,0
