open_time,open,high,low,close,volume,close_time,quote_volume,count,taker_buy_volume,taker_buy_quote_volume,ignore
1681171200000,29623.10,30491.00,29573.90,30095.30,278202.483,1681199999999,8355674840.53054,2026742,145167.039,4360742930.59375,0
1681200000000,30095.30,30280.00,29938.90,30179.40,170725.763,1681228799999,5140095857.42596,1277711,83940.901,2527712573.85136,0
1681228800000,30179.50,30564.00,29896.00,30185.10,180050.245,1681257599999,5437650584.55317,1425118,91840.849,2774468235.04194,0
