open_time,open,high,low,close,volume,close_time,quote_volume,count,taker_buy_volume,taker_buy_quote_volume,ignore
1690416000000,29336.00,29485.90,29286.20,29396.90,49906.456,1690444799999,1467406496.13400,458403,25814.965,759035352.72540,0
1690444800000,29396.90,29558.40,29218.10,29278.00,89338.580,1690473599999,2627118879.41202,788194,43715.628,1285664394.48364,0
1690473600000,29278.00,29324.50,29065.50,29209.70,84131.498,1690502399999,2455250447.69032,769534,42012.160,1226152371.49240,0
