open_time,open,high,low,close,volume,close_time,quote_volume,count,taker_buy_volume,taker_buy_quote_volume,ignore
1709078400000,57074.50,58472.80,56730.10,58300.00,81557.409,1709107199999,4690296582.39993,1001866,43046.947,2476642270.14305,0
1709107200000,58299.90,61437.40,58226.90,61000.00,402749.495,1709135999999,24092643947.37987,4063694,203463.155,12172539397.22250,0
1709136000000,61000.00,64300.00,59000.00,62487.90,525811.538,1709164799999,32338454730.40322,5404984,265862.875,16360558659.89381,0
