open_time,open,high,low,close,volume,close_time,quote_volume,count,taker_buy_volume,taker_buy_quote_volume,ignore
1705190400000,42846.40,43064.40,42553.00,43012.80,37979.307,1705219199999,1625093602.52829,647300,18035.660,771760797.66563,0
1705219200000,43012.80,43096.10,42710.30,42908.40,36918.362,1705247999999,1583288879.15325,605141,18413.682,789706017.95494,0
1705248000000,42908.40,43019.10,41713.50,41734.90,106199.299,1705276799999,4501810690.62244,1334077,49776.566,2110717851.36314,0
