open_time,open,high,low,close,volume,close_time,quote_volume,count,taker_buy_volume,taker_buy_quote_volume,ignore
1689379200000,30293.30,30380.00,30220.20,30317.60,48010.707,1689407999999,1454625608.84726,493766,22960.811,695729789.55596,0
1689408000000,30317.70,30360.00,30237.00,30290.50,37003.322,1689436799999,1121294819.80470,439377,17801.669,539479395.50120,0
1689436800000,30290.40,30341.50,30238.10,30276.40,26608.445,1689465599999,805828525.50490,357601,12950.112,392213452.39420,0
