open_time,open,high,low,close,volume,close_time,quote_volume,count,taker_buy_volume,taker_buy_quote_volume,ignore
1730246400000,72739.50,72797.40,72018.00,72244.80,46344.690,1730275199999,3353550919.60240,717557,22510.131,1628887659.42350,0
1730275200000,72244.80,72620.00,71444.20,72058.80,98097.360,1730303999999,7070371921.13830,1372951,48100.418,3467280024.77480,0
1730304000000,72058.80,72984.90,71631.60,72349.00,82666.758,1730332799999,5970758951.71380,1158963,42600.537,3077343628.35130,0
