open_time,open,high,low,close,volume,close_time,quote_volume,count,taker_buy_volume,taker_buy_quote_volume,ignore
1701388800000,37716.90,38344.80,37600,38234.90,90770.661,1701417599999,3453773351.51593,876988,45638.135,1736564252.57770,0
1701417600000,38234.90,38844,38205.20,38401.50,146215.203,1701446399999,5629158102.26871,1237875,75826.288,2919741696.52920,0
1701446400000,38401.40,38989,38383,38660,105376.130,1701475199999,4082810025.35111,938998,53935.486,2090004478.60785,0
