open_time,open,high,low,close,volume,close_time,quote_volume,count,taker_buy_volume,taker_buy_quote_volume,ignore
1683936000000,26785.20,26974.10,26674.90,26759.30,88723.363,1683964799999,2378094095.31780,989117,44982.189,1205932890.26560,0
1683964800000,26759.20,26897.00,26722.80,26802.00,68574.349,1683993599999,1837898956.00790,859545,35311.726,946489768.48030,0
1683993600000,26802.00,27051.50,26730.00,26762.70,85397.217,1684022399999,2293160625.20182,1004053,42584.827,1143678998.67250,0
