open_time,open,high,low,close,volume,close_time,quote_volume,count,taker_buy_volume,taker_buy_quote_volume,ignore
1677456000000,23545.20,23634.90,23331.00,23411.10,101456.789,1677484799999,2382068860.84290,801392,49164.686,1154468605.64470,0
1677484800000,23411.10,23888.00,23320.00,23546.50,231810.251,1677513599999,5471974054.40437,1683164,118414.894,2795467475.67928,0
1677513600000,23546.50,23603.90,23088.00,23480.00,243487.926,1677542399999,5679175201.68821,1686899,119112.298,2778602418.58499,0
