open_time,open,high,low,close,volume,close_time,quote_volume,count,taker_buy_volume,taker_buy_quote_volume,ignore
1724976000000,59323.30,59558.00,58650.00,59235.90,54565.146,1725004799999,3225368356.56610,727207,27400.137,1619792884.77070,0
1725004800000,59236.00,59914.90,57901.20,58073.10,129373.910,1725033599999,7631001710.84760,1595399,62887.325,3710411995.70090,0
1725033600000,58073.70,59345.80,57525.00,59096.30,84337.413,1725062399999,4944497264.49080,1123324,41957.776,2460492392.63620,0
