open_time,open,high,low,close,volume,close_time,quote_volume,count,taker_buy_volume,taker_buy_quote_volume,ignore
1665100800000,19954.00,20046.00,19800.00,19916.80,111612.985,1665129599999,2225247173.99595,747695,54125.590,1079182582.56770,0
1665129600000,19916.70,20067.00,19454.20,19574.10,379098.285,1665158399999,7475437007.90728,2123624,182519.745,3600071608.05960,0
1665158400000,19574.10,19635.70,19304.40,19520.90,182695.832,1665187199999,3555475489.20770,1179731,87341.549,1699940810.97740,0
