open_time,open,high,low,close,volume,close_time,quote_volume,count,taker_buy_volume,taker_buy_quote_volume,ignore
1660953600000,20825.00,21368.90,20783.80,21295.10,163431.302,1660982399999,3451365622.62432,1286754,84644.062,1787656698.89172,0
1660982400000,21295.20,21328.80,21107.20,21291.70,113861.139,1661011199999,2416983880.32800,935615,56594.977,1201436037.24960,0
1661011200000,21291.80,21350.00,20742.90,21127.80,213214.601,1661039999999,4493972817.69173,1565021,106990.005,2255527591.55239,0
