open_time,open,high,low,close,volume,close_time,quote_volume,count,taker_buy_volume,taker_buy_quote_volume,ignore
1673049600000,16943.90,16973.60,16915.80,16939.80,28600.179,1673078399999,484465591.26050,164734,13974.250,236708469.06560,0
1673078400000,16939.80,16946.40,16900.10,16934.50,30187.808,1673107199999,510803437.47720,171099,16041.752,271449714.38660,0
1673107200000,16934.50,16945.80,16910.40,16936.50,19185.118,1673135999999,324803652.43300,118809,9335.113,158039835.37390,0
