open_time,open,high,low,close,volume,close_time,quote_volume,count,taker_buy_volume,taker_buy_quote_volume,ignore
1707264000000,43079.10,43179.60,42763.40,42904.80,37858.930,1707292799999,1625963642.08899,506744,18757.990,805651250.16332,0
1707292800000,42904.90,43314.90,42813.60,43057.80,70939.277,1707321599999,3053491085.54134,837785,36241.975,1560173871.09162,0
1707321600000,43057.70,44388.00,42992.20,44326.20,143259.501,1707350399999,6275190086.65749,1585415,75579.332,3310162856.02696,0
