open_time,open,high,low,close,volume,close_time,quote_volume,count,taker_buy_volume,taker_buy_quote_volume,ignore
1680220800000,28015.00,28367.90,27500.00,27733.30,184769.081,1680249599999,5172740725.53026,1576097,89582.202,2508683745.87147,0
1680249600000,27733.30,28675.30,27670.00,28488.50,293518.408,1680278399999,8280952857.65307,2364767,150958.799,4259769531.62481,0
1680278400000,28488.60,28632.50,28250.10,28454.90,133269.801,1680307199999,3787630128.76304,1266784,67222.882,1910834277.79372,0
