open_time,open,high,low,close,volume,close_time,quote_volume,count,taker_buy_volume,taker_buy_quote_volume,ignore
1674000000000,21130.80,21376.30,21103.60,21307.70,84775.356,1674028799999,1802109243.45720,561937,43115.665,916579318.42610,0
1674028800000,21307.80,21672.00,20810.00,21035.50,314570.738,1674057599999,6703457179.00041,1713515,156467.180,3335904387.43644,0
1674057600000,21035.50,21138.00,20386.00,20680.00,414439.423,1674086399999,8623972365.98253,2605080,206027.935,4287893737.23437,0
