open_time,open,high,low,close,volume,close_time,quote_volume,count,taker_buy_volume,taker_buy_quote_volume,ignore
1690070400000,29783.50,29974.60,29718.90,29900.90,64174.024,1690099199999,1916543165.00854,565188,34795.685,1039122968.75954,0
1690099200000,29900.90,29950.00,29836.20,29886.00,30402.165,1690127999999,908813326.16070,328617,14336.435,428589220.49830,0
1690128000000,29885.90,30368.20,29885.90,30070.80,130137.657,1690156799999,3917098627.89748,1059632,68223.764,2053720650.64282,0
