open_time,open,high,low,close,volume,close_time,quote_volume,count,taker_buy_volume,taker_buy_quote_volume,ignore
1669766400000,16433.30,17082.20,16421.50,16874.10,243148.816,1669795199999,4097129248.62817,1233067,131045.917,2207268150.84667,0
1669795200000,16874.10,16926.20,16750.80,16856.80,120430.691,1669823999999,2028016132.78740,640096,59661.729,1004750768.73400,0
1669824000000,16856.80,17248.30,16700.00,17153.30,256745.443,1669852799999,4359533567.78225,1324285,133824.473,2272849677.04021,0
