open_time,open,high,low,close,volume,close_time,quote_volume,count,taker_buy_volume,taker_buy_quote_volume,ignore
1690329600000,29216.20,29414.60,29083.00,29205.30,74556.905,1690358399999,2178875175.61582,603027,38006.982,1110900343.44348,0
1690358400000,29205.40,29349.30,29145.20,29307.20,58869.930,1690387199999,1721346030.97568,541763,28987.191,847682525.96468,0
1690387200000,29307.30,29670.50,29172.00,29336.00,185100.747,1690415999999,5442298522.00313,1426137,93076.358,2737152693.03625,0
