open_time,open,high,low,close,volume,close_time,quote_volume,count,taker_buy_volume,taker_buy_quote_volume,ignore
1648771200000,45505.90,45638.90,44206.20,44993.80,128106.311,1648799999999,5740514080.78869,1045488,60502.944,2711705906.17153,0
1648800000000,44993.70,46700.00,44680.90,46523.50,158769.656,1648828799999,7238432588.23873,1330992,80474.518,3670112539.05065,0
1648828800000,46523.60,46585.30,45883.90,46266.20,73858.586,1648857599999,3419160624.57067,701416,35992.749,1666417642.10471,0
