open_time,open,high,low,close,volume,close_time,quote_volume,count,taker_buy_volume,taker_buy_quote_volume,ignore
1717545600000,70580.00,71430.00,70462.80,71244.10,61456.598,1717574399999,4365432735.34030,808351,30685.728,2179793974.07590,0
1717574400000,71244.00,71792.00,70423.60,71625.10,86333.418,1717603199999,6133124760.98540,1069734,43331.003,3078662991.75520,0
1717603200000,71625.20,71824.40,70711.30,71133.30,56202.018,1717631999999,4008166310.24900,771254,27333.457,1949389224.86440,0
