open_time,open,high,low,close,volume,close_time,quote_volume,count,taker_buy_volume,taker_buy_quote_volume,ignore
1703030400000,42298.20,43056.90,42218.30,42950.00,68958.466,1703059199999,2941719271.56732,809947,35758.689,1525532587.93058,0
1703059200000,42950.00,44384.60,42693.60,44079.00,173285.165,1703087999999,7550208127.22063,1657279,90181.929,3929560751.79053,0
1703088000000,44078.90,44290.00,43260.10,43708.90,134765.292,1703116799999,5901230360.24643,1425632,66157.459,2896743724.96819,0
