open_time,open,high,low,close,volume,close_time,quote_volume,count,taker_buy_volume,taker_buy_quote_volume,ignore
1715472000000,60809.20,61097.00,60557.30,60803.80,22637.960,1715500799999,1378156284.79070,386759,11151.666,678974608.78930,0
1715500800000,60803.80,61598.80,60757.70,61395.90,37447.079,1715529599999,2290626343.16770,553734,19793.459,1210756031.61490,0
1715529600000,61395.90,61849.40,60870.00,61455.80,43958.858,1715558399999,2699791883.48510,699649,21147.487,1298890175.13110,0
