open_time,open,high,low,close,volume,close_time,quote_volume,count,taker_buy_volume,taker_buy_quote_volume,ignore
1672272000000,16538.90,16588.60,16485.10,16553.00,56391.277,1672300799999,933008582.21590,283537,29285.247,484554550.18000,0
1672300800000,16553.00,16659.00,16514.60,16610.10,92904.756,1672329599999,1542312828.06700,429621,47746.610,792606892.13010,0
1672329600000,16610.10,16649.00,16551.00,16630.30,59295.498,1672358399999,984824781.75860,299347,29280.007,486331560.89080,0
