open_time,open,high,low,close,volume,close_time,quote_volume,count,taker_buy_volume,taker_buy_quote_volume,ignore
1705881600000,41579.90,41692.30,40666.00,41042.60,92215.033,1705910399999,3796569847.86124,1131836,43652.197,1797261816.56044,0
1705910400000,41042.70,41253.70,40333.00,40774.70,151329.681,1705939199999,6166239403.20272,1827543,75748.455,3086961829.35825,0
1705939200000,40775.00,40880.10,39402.00,39567.00,215479.392,1705967999999,8638285505.02950,2255819,102158.636,4096562896.67487,0
