open_time,open,high,low,close,volume,close_time,quote_volume,count,taker_buy_volume,taker_buy_quote_volume,ignore
1721433600000,66627.90,66797.00,66159.10,66526.30,33681.333,1721462399999,2240097547.78790,458097,16641.497,1107052042.08270,0
1721462400000,66526.40,66799.90,66241.40,66797.00,28750.607,1721491199999,1912786061.85620,384225,14939.476,994173845.07140,0
1721491200000,66797.00,67648.70,66632.00,67095.60,61132.466,1721519999999,4104494061.00930,782180,30681.578,2060196129.62660,0
