open_time,open,high,low,close,volume,close_time,quote_volume,count,taker_buy_volume,taker_buy_quote_volume,ignore
1699574400000,36719.60,36940.60,36461.80,36480.20,67124.735,1699603199999,2462898154.19338,777827,31460.382,1154512377.54589,0
1699603200000,36480.30,37276,36350,37092.60,141415.600,1699631999999,5223609974.18281,1499050,69236.397,2557315109.06326,0
1699632000000,37092.60,37570,37080,37330.40,90833.557,1699660799999,3390387938.22558,983309,45229.506,1688251273.50393,0
