open_time,open,high,low,close,volume,close_time,quote_volume,count,taker_buy_volume,taker_buy_quote_volume,ignore
1695254400000,27107.70,27149,26917.40,26978.40,53829.387,1695283199999,1454407374.84250,613797,26651.123,720122910.85190,0
1695283200000,26978.40,27008,26360.10,26567.70,208481.151,1695311999999,5554279372.77505,1905840,101546.163,2705285013.31450,0
1695312000000,26567.60,26685.70,26484,26552.60,55682.331,1695340799999,1480384981.56410,585166,28089.515,746828512.87160,0
