open_time,open,high,low,close,volume,close_time,quote_volume,count,taker_buy_volume,taker_buy_quote_volume,ignore
1716508800000,67999.90,68042.90,66850.00,67191.20,54953.708,1716537599999,3709324381.76750,777357,26042.103,1757708499.82200,0
1716537600000,67191.20,68445.00,66639.00,68340.20,73916.189,1716566399999,4995341052.49030,969804,37700.169,2547959147.47870,0
1716566400000,68340.30,69273.50,67950.00,68584.10,57811.185,1716595199999,3975870244.90400,796894,28276.666,1945122602.22910,0
