open_time,open,high,low,close,volume,close_time,quote_volume,count,taker_buy_volume,taker_buy_quote_volume,ignore
1703203200000,43896.40,44484.00,43566.10,43614.10,97807.369,1703231999999,4307580554.08813,1065543,48557.677,2139402192.84813,0
1703232000000,43614.00,43877.50,43430.40,43699.90,86191.080,1703260799999,3764059143.97333,966762,42064.005,1837198277.91831,0
1703260800000,43699.90,44086.00,43503.40,43999.20,54343.484,1703289599999,2380507326.37916,649625,27000.984,1182724217.01917,0
