open_time,open,high,low,close,volume,close_time,quote_volume,count,taker_buy_volume,taker_buy_quote_volume,ignore
1704326400000,42849.50,43290.00,42625.00,42775.00,67052.419,1704355199999,2883233561.00617,767162,31964.548,1374436400.52399,0
1704355200000,42775.10,44343.10,42645.10,44050.40,130884.953,1704383999999,5688524051.92888,1419594,67111.889,2917057928.24943,0
1704384000000,44050.40,44840.80,43773.40,44143.80,135985.726,1704412799999,6011030375.90354,1591503,68249.734,3017595608.04330,0
