open_time,open,high,low,close,volume,close_time,quote_volume,count,taker_buy_volume,taker_buy_quote_volume,ignore
1665532800000,19055.00,19193.90,19019.80,19103.40,109776.238,1665561599999,2095946454.00210,677799,56323.714,1075425576.10380,0
1665561600000,19103.40,19190.00,18924.30,19130.50,194006.186,1665590399999,3704540523.28690,1146718,97284.904,1857839981.18300,0
1665590400000,19130.60,19240.00,19030.60,19148.00,102987.864,1665619199999,1970306581.40473,640517,51234.065,980287782.87393,0
