open_time,open,high,low,close,volume,close_time,quote_volume,count,taker_buy_volume,taker_buy_quote_volume,ignore
1674086400000,20680.10,20882.00,20659.90,20818.20,74261.749,1674115199999,1542810650.38760,522191,38051.207,790610215.11460,0
1674115200000,20818.20,20962.70,20661.00,20870.70,147482.482,1674143999999,3066685673.95400,833544,73236.167,1523045497.63970,0
1674144000000,20870.80,21183.90,20786.80,21068.30,152989.386,1674172799999,3212846135.23196,905794,78436.438,1647351316.72866,0
