open_time,open,high,low,close,volume,close_time,quote_volume,count,taker_buy_volume,taker_buy_quote_volume,ignore
1702771200000,42287.40,42322.20,41773.20,41894.60,56781.007,1702799999999,2385093472.42626,685685,27009.339,1134659749.15535,0
1702800000000,41894.60,42036.60,41496,41828.50,65957.538,1702828799999,2758913378.11511,774133,31741.113,1327976429.98287,0
1702828800000,41828.50,42476,41248.30,41396.50,101984.306,1702857599999,4277978452.67369,1098108,50137.012,2104154412.99152,0
