open_time,open,high,low,close,volume,close_time,quote_volume,count,taker_buy_volume,taker_buy_quote_volume,ignore
1716422400000,69219.20,69900.00,69219.10,69770.60,32644.337,1716451199999,2270236055.36970,539379,15737.427,1094531162.24250,0
1716451200000,69770.60,70133.30,67612.80,68103.00,138658.610,1716479999999,9533054773.62670,1556827,68750.151,4726145163.57700,0
1716480000000,68102.90,68388.00,66156.60,67999.90,128790.675,1716508799999,8693212329.06630,1699851,63175.770,4264912709.64060,0
