open_time,open,high,low,close,volume,close_time,quote_volume,count,taker_buy_volume,taker_buy_quote_volume,ignore
1727136000000,63302.10,63542.90,62688.20,63527.80,53745.572,1727164799999,3390737437.24040,708978,27198.985,1716205565.73020,0
1727164800000,63527.70,63925.50,62695.00,63128.80,95848.488,1727193599999,6072511920.59930,1099290,45854.659,2905356096.09020,0
1727193600000,63128.80,64666.00,63056.00,64243.10,87393.568,1727222399999,5592062751.92410,1046441,45408.239,2905890798.04910,0
