open_time,open,high,low,close,volume,close_time,quote_volume,count,taker_buy_volume,taker_buy_quote_volume,ignore
1673827200000,20882.70,21449.30,20780.20,21116.00,231232.328,1673855999999,4890509017.63354,1349524,116562.863,2465502094.31207,0
1673856000000,21116.00,21121.70,20606.60,21000.60,216127.752,1673884799999,4503992152.57830,1329837,105173.073,2192109175.13616,0
1673884800000,21000.60,21498.00,20921.00,21188.30,218788.121,1673913599999,4638116230.95898,1334545,112179.379,2378451093.82481,0
