open_time,open,high,low,close,volume,close_time,quote_volume,count,taker_buy_volume,taker_buy_quote_volume,ignore
1675728000000,22757.80,22977.80,22742.40,22905.60,67368.815,1675756799999,1540398278.64410,479148,34036.190,778267266.49230,0
1675756800000,22905.50,23061.00,22854.80,22898.80,101310.304,1675785599999,2325985120.02190,693645,51321.434,1178397355.65800,0
1675785600000,22898.90,23368.60,22762.00,23234.10,278594.375,1675814399999,6430775672.22530,1638583,142481.131,3289395619.23618,0
