open_time,open,high,low,close,volume,close_time,quote_volume,count,taker_buy_volume,taker_buy_quote_volume,ignore
1728950400000,66064.90,66312.40,65200.10,65638.40,58538.250,1728979199999,3843317948.80200,830350,28260.522,1855618120.42030,0
1728979200000,65638.40,67953.70,64771.70,65994.60,244845.494,1729007999999,16198809617.80100,2645539,124675.064,8249715423.06710,0
1729008000000,65994.70,67372.90,65952.60,67044.10,118621.767,1729036799999,7914913861.47770,1547883,59589.944,3976411269.43440,0
