open_time,open,high,low,close,volume,close_time,quote_volume,count,taker_buy_volume,taker_buy_quote_volume,ignore
1698278400000,34487.80,34828.70,34401.70,34648.70,78343.517,1698307199999,2713626110.93973,1174881,38742.873,1342091073.35680,0
1698307200000,34648.60,34745,33830,34050,179468.200,1698335999999,6138112986.09256,2231958,85305.539,2917890430.88395,0
1698336000000,34050.10,34287.50,33750,34154,81741.247,1698364799999,2780761545.17172,1121794,41344.129,1406660381.67842,0
