open_time,open,high,low,close,volume,close_time,quote_volume,count,taker_buy_volume,taker_buy_quote_volume,ignore
1728000000000,60727.10,61476.10,60434.10,61403.90,50501.733,1728028799999,3081401189.79890,767361,26755.646,1632553674.06660,0
1728028800000,61403.90,61985.00,60700.50,61843.10,121826.341,1728057599999,7484864082.21320,1556207,59968.191,3684735836.87610,0
1728057600000,61843.20,62457.10,61611.00,62054.40,62467.762,1728086399999,3881573689.20610,868212,31200.414,1938918521.71030,0
