open_time,open,high,low,close,volume,close_time,quote_volume,count,taker_buy_volume,taker_buy_quote_volume,ignore
1716249600000,71466.50,72132.80,70740.80,70926.40,89082.704,1716278399999,6347140507.77130,1251589,43586.505,3105955645.15270,0
1716278400000,70926.30,71498.60,69722.00,69874.90,105260.611,1716307199999,7458131157.94970,1384022,50558.833,3582917261.21010,0
1716307200000,69874.80,70393.20,69165.60,70168.80,69331.012,1716335999999,4840360124.51400,1135831,33893.859,2366972521.67000,0
