open_time,open,high,low,close,volume,close_time,quote_volume,count,taker_buy_volume,taker_buy_quote_volume,ignore
1677628800000,23129.70,23852.60,23008.40,23709.60,214614.269,1677657599999,5044827794.46047,1432811,115028.584,2704473067.98337,0
1677657600000,23709.60,24022.70,23558.00,23702.80,225449.833,1677686399999,5351400562.72717,1535909,114022.370,2707237542.43923,0
1677686400000,23702.90,23739.00,23281.60,23619.80,177186.209,1677715199999,4169843518.33839,1237669,85911.887,2022091602.66590,0
