open_time,open,high,low,close,volume,close_time,quote_volume,count,taker_buy_volume,taker_buy_quote_volume,ignore
1731628800000,87382.60,88544.50,87111.00,87693.90,63690.957,1731657599999,5601203247.48380,1296517,31383.437,2759881997.84290,0
1731657600000,87693.90,90780.00,87418.40,88485.40,145627.523,1731686399999,12988832167.98740,2314106,72491.521,6465430754.34970,0
1731686400000,88485.50,91921.50,88428.90,91074.60,105113.428,1731715199999,9494188430.10500,1811638,53737.679,4854055554.77570,0
