open_time,open,high,low,close,volume,close_time,quote_volume,count,taker_buy_volume,taker_buy_quote_volume,ignore
1670976000000,17777.10,17844.90,17734.80,17807.10,52985.592,1671004799999,942584383.02370,340725,26679.036,474641025.21710,0
1671004800000,17807.10,18111.50,17784.00,18054.80,174825.349,1671033599999,3135669409.43537,929893,90439.047,1622308521.35497,0
1671033600000,18054.80,18400.00,17659.40,17803.90,399700.758,1671062399999,7190364778.45556,2046545,203837.574,3668159243.37734,0
