open_time,open,high,low,close,volume,close_time,quote_volume,count,taker_buy_volume,taker_buy_quote_volume,ignore
1674950400000,23016.00,23520.00,22961.50,23200.40,152364.833,1674979199999,3539772687.26890,954371,78125.309,1815236209.26789,0
1674979200000,23200.40,23680.00,23151.00,23522.70,203293.961,1675007999999,4764929998.60289,1344476,105549.124,2474125618.55469,0
1675008000000,23522.70,23962.70,23473.70,23740.30,206369.437,1675036799999,4898526429.61268,1450282,105553.841,2505833152.26088,0
