open_time,open,high,low,close,volume,close_time,quote_volume,count,taker_buy_volume,taker_buy_quote_volume,ignore
1708214400000,51679.50,51841.40,51178.00,51703.70,48962.404,1708243199999,2524705287.45646,750008,23429.283,1208135663.38030,0
1708243200000,51703.70,52107.30,51563.30,51808.90,55862.304,1708271999999,2895307750.51681,856500,27629.432,1432117730.52361,0
1708272000000,51809.00,52450.00,51616.50,52175.90,61811.718,1708300799999,3216655496.07124,928590,31499.640,1639555426.97446,0
