open_time,open,high,low,close,volume,close_time,quote_volume,count,taker_buy_volume,taker_buy_quote_volume,ignore
1722902400000,54003.50,56254.80,53925.30,55979.10,121466.117,1722931199999,6754330284.65778,1777799,61495.672,3419058717.94334,0
1722931200000,55979.00,56599.00,54288.00,56370.00,196414.931,1722959999999,10889368175.93275,2622961,98521.927,5464441052.05069,0
1722960000000,56370.00,56999.90,55792.00,55991.20,118072.391,1722988799999,6671541903.41646,1633441,59191.131,3345076688.82929,0
