open_time,open,high,low,close,volume,close_time,quote_volume,count,taker_buy_volume,taker_buy_quote_volume,ignore
1696377600000,27412,27500,27163.90,27442,75293.980,1696406399999,2059550531.45494,783322,39743.289,1087127254.13856,0
1696406400000,27442,27627.60,27317.10,27388.30,98620.093,1696435199999,2711215433.02624,925383,48210.311,1325421324.29948,0
1696435200000,27388.30,27830,27385.80,27759.80,106870.249,1696463999999,2954921405.59290,1172010,54970.632,1520013566.45722,0
