open_time,open,high,low,close,volume,close_time,quote_volume,count,taker_buy_volume,taker_buy_quote_volume,ignore
1704153600000,44230.30,45832.80,44200.90,45495.50,177167.180,1704182399999,7989925950.69513,1735165,88952.728,4011377620.01472,0
1704182400000,45495.60,45950.00,44868.10,45215.00,172072.992,1704211199999,7827891268.92949,1706632,83606.324,3803896628.11450,0
1704211200000,45215.00,45449.20,44598.00,44979.80,110558.351,1704239999999,4981298412.84223,1143102,54213.804,2443160897.65088,0
