open_time,open,high,low,close,volume,close_time,quote_volume,count,taker_buy_volume,taker_buy_quote_volume,ignore
1676937600000,24849.90,25120.00,24787.20,25004.60,123437.998,1676966399999,3080178706.77538,935455,63907.809,1595026993.35478,0
1676966400000,25004.60,25347.60,24388.00,24554.00,359416.001,1676995199999,8892901759.12253,2220300,174036.961,4308504764.00488,0
1676995200000,24554.00,24745.00,24150.00,24443.40,246436.576,1677023999999,6023082486.36558,1664786,119834.073,2929477698.81480,0
