open_time,open,high,low,close,volume,close_time,quote_volume,count,taker_buy_volume,taker_buy_quote_volume,ignore
1691884800000,29420.80,29447.40,29343.80,29385.50,21410.757,1691913599999,629360866.95070,187448,9291.139,273111126.24570,0
1691913600000,29385.60,29400.70,29349.00,29362.80,17241.358,1691942399999,506501796.52570,179874,8363.147,245686052.04270,0
1691942400000,29362.80,29463.00,29256.60,29293.30,45538.390,1691971199999,1336966949.18830,399614,22446.334,659030317.07090,0
