open_time,open,high,low,close,volume,close_time,quote_volume,count,taker_buy_volume,taker_buy_quote_volume,ignore
1663286400000,19690.80,19849.60,19573.10,19730.50,96942.676,1663315199999,1913536570.45400,673741,48830.601,963928552.91980,0
1663315200000,19730.40,19878.00,19385.20,19653.30,251077.032,1663343999999,4942466082.59556,1462196,124984.966,2460663035.74910,0
1663344000000,19653.30,19819.50,19300.00,19792.50,196589.096,1663372799999,3843904067.17685,1220503,97228.413,1901484955.42275,0
