open_time,open,high,low,close,volume,close_time,quote_volume,count,taker_buy_volume,taker_buy_quote_volume,ignore
1690675200000,29339.10,29345.90,29251.90,29280.00,20410.826,1690703999999,597983980.97020,235200,9554.724,279926994.09630,0
1690704000000,29280.10,29442.50,29211.20,29337.10,61162.645,1690732799999,1793982458.71650,502544,30203.047,885896456.90140,0
1690732800000,29337.20,29399.50,29006.00,29271.10,88327.782,1690761599999,2579454250.62033,701073,43520.986,1270932186.68020,0
