open_time,open,high,low,close,volume,close_time,quote_volume,count,taker_buy_volume,taker_buy_quote_volume,ignore
1690243200000,29163.80,29174.50,29033.00,29132.30,45189.730,1690271999999,1315323897.28230,441373,21761.640,633416190.07290,0
1690272000000,29132.30,29333.00,29058.00,29167.00,100988.748,1690300799999,2948862523.14743,853311,52522.919,1533819261.26463,0
1690300800000,29167.00,29379.50,29165.50,29216.30,50260.140,1690329599999,1469678428.84950,503259,26013.937,760739982.24620,0
