open_time,open,high,low,close,volume,close_time,quote_volume,count,taker_buy_volume,taker_buy_quote_volume,ignore
1719878400000,62883.70,63284.00,62566.00,62617.90,33366.658,1719907199999,2098855003.11430,406102,16809.580,1057454115.01990,0
1719907200000,62617.90,63167.40,61840.00,61945.00,90162.716,1719935999999,5633015758.30010,900884,44086.669,2755210479.91140,0
1719936000000,61945.00,62362.80,61800.00,62123.60,39571.869,1719964799999,2455737890.89110,457101,20284.983,1258781991.98490,0
