open_time,open,high,low,close,volume,close_time,quote_volume,count,taker_buy_volume,taker_buy_quote_volume,ignore
1719964800000,62123.50,62278.20,60600.00,60859.90,78760.550,1719993599999,4824347155.45830,787229,36383.941,2228599993.71170,0
1719993600000,60859.80,60987.30,59515.10,60176.10,147354.467,1720022399999,8885425697.31430,1369190,71059.400,4285698170.68440,0
1720022400000,60176.10,60653.00,59299.30,60208.00,69188.248,1720051199999,4155571519.24100,751556,33853.380,2033688062.03320,0
