open_time,open,high,low,close,volume,close_time,quote_volume,count,taker_buy_volume,taker_buy_quote_volume,ignore
1730073600000,67992.70,68666.00,67584.20,68395.20,48457.626,1730102399999,3298896449.33710,687499,25410.143,1730044967.82350,0
1730102400000,68395.30,69272.10,68207.40,68459.10,105090.136,1730131199999,7226039686.55210,1341457,53755.766,3696705627.25140,0
1730131200000,68459.10,70331.00,68424.00,69940.00,102580.860,1730159999999,7124984427.80860,1305998,56688.981,3937964504.51260,0
