open_time,open,high,low,close,volume,close_time,quote_volume,count,taker_buy_volume,taker_buy_quote_volume,ignore
1690156800000,30070.90,30091.70,29639.70,29816.40,112158.133,1690185599999,3342547162.83844,910874,53243.126,1586727825.26270,0
1690185600000,29816.40,29820.90,28830.00,29085.80,261725.647,1690214399999,7642018434.70140,1903092,123823.980,3614541343.87562,0
1690214400000,29085.90,29200.00,28982.50,29163.80,60298.637,1690243199999,1754582432.15310,636800,30967.298,901175790.12440,0
