open_time,open,high,low,close,volume,close_time,quote_volume,count,taker_buy_volume,taker_buy_quote_volume,ignore
1698537600000,34086.70,34147.70,33933,34086,28638.823,1698566399999,974789205.75410,461395,14188.058,482941960.41480,0
1698566400000,34086.10,34579.70,34082,34462.50,75667.534,1698595199999,2599873513.36702,977751,39853.010,1369201747.38372,0
1698595200000,34462.60,34773.80,34382,34528.60,71591.193,1698623999999,2477499973.33587,1024732,34910.952,1208122607.26260,0
