open_time,open,high,low,close,volume,close_time,quote_volume,count,taker_buy_volume,taker_buy_quote_volume,ignore
1673222400000,17124.60,17248.00,17098.20,17189.70,121058.978,1673251199999,2080124061.86208,547669,60727.404,1043566738.81738,0
1673251200000,17189.80,17325.00,17180.00,17260.40,131128.760,1673279999999,2261718960.68020,565858,67937.420,1171871767.07420,0
1673280000000,17260.40,17387.80,17118.30,17169.70,148090.071,1673308799999,2557333582.43910,654104,71698.322,1238290866.70860,0
