open_time,open,high,low,close,volume,close_time,quote_volume,count,taker_buy_volume,taker_buy_quote_volume,ignore
1686441600000,25826.60,25850.00,25621.30,25728.00,64205.877,1686470399999,1653229636.50806,725877,31380.699,808078641.41460,0
1686470400000,25728.00,25839.00,25661.00,25741.20,54577.910,1686499199999,1405027272.82650,640339,27291.588,702638550.32190,0
1686499200000,25741.10,26199.00,25726.20,25909.90,160581.776,1686527999999,4168832886.96907,1494393,81107.546,2105757098.85864,0
