open_time,open,high,low,close,volume,close_time,quote_volume,count,taker_buy_volume,taker_buy_quote_volume,ignore
1676160000000,21851.20,21874.70,21752.90,21788.20,37696.240,1676188799999,821700186.78070,329034,19467.516,424369319.56170,0
1676188800000,21788.20,22000.50,21750.00,21931.40,105240.240,1676217599999,2301230984.31310,658998,53820.317,1177083576.28200,0
1676217600000,21931.40,22080.90,21618.00,21771.10,133850.613,1676246399999,2927241081.81890,841907,64513.579,1411221206.14303,0
