open_time,open,high,low,close,volume,close_time,quote_volume,count,taker_buy_volume,taker_buy_quote_volume,ignore
1689120000000,30608.30,30849.20,30485.00,30730.80,78748.484,1689148799999,2414303665.66859,747015,41216.733,1263680427.53479,0
1689148800000,30730.70,30980.50,30447.00,30510.20,232601.346,1689177599999,7141897362.33915,1863812,113178.410,3475675642.14613,0
1689177600000,30510.10,30529.00,30186.00,30368.90,113708.427,1689206399999,3453701101.34089,1046680,56020.681,1701695250.41010,0
