open_time,open,high,low,close,volume,close_time,quote_volume,count,taker_buy_volume,taker_buy_quote_volume,ignore
1718928000000,64854.00,65055.50,64167.10,64179.40,46081.461,1718956799999,2977198711.88610,568466,21784.453,1407746422.75750,0
1718956800000,64179.50,64350.00,63361.20,63716.90,117510.851,1718985599999,7501567604.93410,1406543,56446.262,3603691215.66140,0
1718985600000,63717.00,64448.90,63444.60,64124.00,46517.289,1719014399999,2974015239.76900,612682,22648.688,1448203044.39280,0
