open_time,open,high,low,close,volume,close_time,quote_volume,count,taker_buy_volume,taker_buy_quote_volume,ignore
1670198400000,17099.50,17430.00,17068.00,17303.70,199733.135,1670227199999,3451520199.05008,983987,102754.097,1775701799.00868,0
1670227200000,17303.70,17378.30,17010.00,17073.80,172074.190,1670255999999,2959862168.37530,969189,82080.212,1412055501.26820,0
1670256000000,17073.80,17124.60,16860.60,16958.30,148154.065,1670284799999,2516141304.09453,973674,70974.433,1205496757.88710,0
