open_time,open,high,low,close,volume,close_time,quote_volume,count,taker_buy_volume,taker_buy_quote_volume,ignore
1675209600000,23119.50,23177.70,22988.00,23071.00,74085.484,1675238399999,1710803680.28930,544679,36182.904,835576064.26060,0
1675238400000,23070.90,23143.60,22911.30,22975.70,121816.706,1675267199999,2806578445.95140,826645,59972.728,1381786526.65200,0
1675267200000,22975.60,23852.40,22747.00,23730.00,375527.521,1675295999999,8759346484.38899,2360865,191057.558,4457723358.34147,0
