open_time,open,high,low,close,volume,close_time,quote_volume,count,taker_buy_volume,taker_buy_quote_volume,ignore
1697673600000,28307.20,28404.60,28076,28315,57616.636,1697702399999,1627802141.02570,635405,28410.591,802746014.60006,0
1697702400000,28314.90,28801.60,28267.40,28659.50,152153.540,1697731199999,4342569233.22257,1450294,76373.126,2180008679.95667,0
1697731200000,28659.50,28933.40,28436.80,28696.90,123903.031,1697759999999,3553408354.55395,1268176,61858.866,1774297876.03669,0
