open_time,open,high,low,close,volume,close_time,quote_volume,count,taker_buy_volume,taker_buy_quote_volume,ignore
1694131200000,26240.70,26437.50,26171.00,26244.10,70294.386,1694159999999,1847073212.35204,835330,35981.641,945512642.58490,0
1694160000000,26244.00,26257.90,25630.00,25829.80,129414.159,1694188799999,3350032564.64402,1287132,61545.059,1592657620.60468,0
1694188800000,25829.90,25923.10,25707.00,25899.80,49561.216,1694217599999,1279644088.05890,600758,24314.813,627850165.07600,0
