open_time,open,high,low,close,volume,close_time,quote_volume,count,taker_buy_volume,taker_buy_quote_volume,ignore
1720396800000,55831.00,55999.00,54243.10,55828.40,137457.050,1720425599999,7583640729.88729,1573645,69203.425,3818632102.60019,0
1720425600000,55828.40,58200.00,54890.00,55736.80,255518.144,1720454399999,14492974484.93030,2604133,129835.972,7365584873.78946,0
1720454400000,55736.80,56955.00,55400.50,56686.40,71131.763,1720483199999,4000320234.59193,939478,35558.644,2000082484.37731,0
