open_time,open,high,low,close,volume,close_time,quote_volume,count,taker_buy_volume,taker_buy_quote_volume,ignore
1665273600000,19406.30,19444.20,19310.00,19398.20,67052.546,1665302399999,1299650088.19090,461738,32667.989,633175343.48950,0
1665302400000,19398.30,19550.00,19365.00,19524.50,104857.888,1665331199999,2042289427.31496,657285,55697.592,1084775058.13226,0
1665331200000,19524.50,19543.00,19333.00,19430.00,95268.361,1665359999999,1852216980.84320,620226,46675.519,907543518.18960,0
