open_time,open,high,low,close,volume,close_time,quote_volume,count,taker_buy_volume,taker_buy_quote_volume,ignore
1717459200000,68851.30,69408.20,68659.00,69054.70,35344.181,1717487999999,2441037768.57620,515624,17332.343,1197118188.21350,0
1717488000000,69054.60,70560.30,68595.50,70492.00,102130.697,1717516799999,7105022772.47200,1247787,52332.291,3641713097.24130,0
1717516800000,70492.10,71146.40,70117.80,70580.00,78625.138,1717545599999,5556563308.34100,988808,40097.081,2833815091.01610,0
