open_time,open,high,low,close,volume,close_time,quote_volume,count,taker_buy_volume,taker_buy_quote_volume,ignore
1669507200000,16449.20,16594.20,16441.00,16553.90,57181.261,1669535999999,945048153.86670,377466,30293.984,500680679.41890,0
1669536000000,16553.90,16589.00,16505.50,16566.20,58360.766,1669564799999,965377198.13480,367145,29433.169,486899573.70600,0
1669564800000,16566.30,16588.00,16396.00,16422.60,73828.318,1669593599999,1218467339.87510,420910,35570.296,587058352.03830,0
