open_time,open,high,low,close,volume,close_time,quote_volume,count,taker_buy_volume,taker_buy_quote_volume,ignore
1718496000000,66213.70,66350.00,66012.10,66249.40,16336.314,1718524799999,1081219076.11820,207466,8129.214,538073872.13730,0
1718524800000,66249.30,66780.00,66169.40,66690.40,37735.971,1718553599999,2511152245.26980,434485,19435.134,1293312300.04970,0
1718553600000,66690.40,66960.30,66432.90,66653.60,26289.266,1718582399999,1752120290.07230,329751,13144.738,876192794.54030,0
