open_time,open,high,low,close,volume,close_time,quote_volume,count,taker_buy_volume,taker_buy_quote_volume,ignore
1648512000000,47121.80,47752.20,47042.50,47330.10,56780.845,1648540799999,2694315107.30056,567844,28067.701,1331854429.81512,0
1648540800000,47330.00,48100.00,47312.00,47424.00,106614.548,1648569599999,5087913546.45192,964001,52876.714,2523774211.87224,0
1648569600000,47424.00,47880.00,46911.00,47418.50,95645.442,1648598399999,4533438862.45306,875222,47929.921,2272399660.21630,0
