open_time,open,high,low,close,volume,close_time,quote_volume,count,taker_buy_volume,taker_buy_quote_volume,ignore
1720224000000,56604.90,56975.00,56000.00,56571.10,57178.666,1720252799999,3225047971.08603,741841,28558.900,1610798091.08040,0
1720252800000,56571.10,57420.00,56412.50,57285.40,56560.645,1720281599999,3217150014.04955,710125,29116.050,1656378478.99345,0
1720281600000,57285.40,58472.00,57150.00,58216.00,64840.711,1720310399999,3755563356.26120,772624,35813.642,2074641583.78210,0
