open_time,open,high,low,close,volume,close_time,quote_volume,count,taker_buy_volume,taker_buy_quote_volume,ignore
1660262400000,23917.30,24088.00,23750.00,23949.20,118044.160,1660291199999,2824504411.18042,1087697,58050.714,1389256795.75220,0
1660291200000,23949.20,24149.50,23560.00,23966.70,207370.748,1660319999999,4942326597.81192,1597859,101983.214,2431021770.50280,0
1660320000000,23966.70,24438.80,23938.50,24387.50,152319.137,1660348799999,3679503079.81576,1252458,78123.774,1887497945.83016,0
