open_time,open,high,low,close,volume,close_time,quote_volume,count,taker_buy_volume,taker_buy_quote_volume,ignore
1725062400000,59096.40,59436.00,59028.00,59060.80,20517.776,1725091199999,1214806993.65970,339365,9852.903,583453760.27310,0
1725091200000,59060.80,59215.80,58795.40,58983.70,26743.759,1725119999999,1578600448.47240,405084,13238.695,781473703.81910,0
1725120000000,58983.80,59108.30,58700.00,58941.90,21605.139,1725148799999,1273090275.45240,356477,10930.959,644186655.02290,0
