open_time,open,high,low,close,volume,close_time,quote_volume,count,taker_buy_volume,taker_buy_quote_volume,ignore
1689292800000,31441.60,31640.00,31068.50,31096.00,107683.454,1689321599999,3378109167.68888,1072224,51958.179,1630352599.89137,0
1689321600000,31095.90,31364.90,31037.40,31236.50,104075.956,1689350399999,3247528045.63070,1030838,52257.790,1630735198.40362,0
1689350400000,31236.60,31272.70,29876.60,30293.30,326932.836,1689379199999,9944952808.86351,2431150,150804.349,4585918275.73769,0
