open_time,open,high,low,close,volume,close_time,quote_volume,count,taker_buy_volume,taker_buy_quote_volume,ignore
1718150400000,67320.60,67624.20,66920.00,67449.40,37330.099,1718179199999,2513857917.75150,532995,17745.931,1194963722.29240,0
1718179200000,67449.50,70028.00,67346.60,69738.00,137113.746,1718207999999,9460168920.79840,1399348,72027.163,4967501089.06000,0
1718208000000,69738.00,69864.20,67215.20,68270.30,155474.615,1718236799999,10675251673.76010,1609849,75525.461,5186595913.27860,0
