open_time,open,high,low,close,volume,close_time,quote_volume,count,taker_buy_volume,taker_buy_quote_volume,ignore
1708646400000,51316.90,51576.30,50900.20,50952.30,55536.062,1708675199999,2843567639.57235,764964,26036.020,1333430784.07620,0
1708675200000,50952.30,51372.30,50804.40,50938.10,91172.214,1708703999999,4655395873.20361,1174565,45104.268,2303390828.39621,0
1708704000000,50938.20,51228.60,50512.70,50771.90,68766.286,1708732799999,3501980422.75194,898657,32346.017,1647556317.11527,0
