open_time,open,high,low,close,volume,close_time,quote_volume,count,taker_buy_volume,taker_buy_quote_volume,ignore
1693872000000,25814.00,25833.10,25531.20,25724.70,50839.960,1693900799999,1306125087.19770,571591,24320.756,624819761.36700,0
1693900800000,25724.70,25900.00,25610.00,25747.90,96423.586,1693929599999,2482218684.40714,953939,49476.953,1273791972.19948,0
1693929600000,25747.90,25837.70,25660.00,25779.70,39376.399,1693958399999,1013497989.04580,467507,19440.624,500390723.35970,0
