open_time,open,high,low,close,volume,close_time,quote_volume,count,taker_buy_volume,taker_buy_quote_volume,ignore
1684886400000,27209.90,27212.90,26566.50,26664.20,177460.764,1684915199999,4761604009.27509,1352972,81031.197,2174097234.73110,0
1684915200000,26664.20,26834.00,26060.00,26306.90,237197.074,1684943999999,6266652280.46736,1799204,112251.169,2965715942.26556,0
1684944000000,26306.90,26476.00,26145.40,26313.80,120533.839,1684972799999,3170464807.68250,1073689,61015.417,1604970591.64170,0
