open_time,open,high,low,close,volume,close_time,quote_volume,count,taker_buy_volume,taker_buy_quote_volume,ignore
1704672000000,43916.90,44431.10,43158.10,43970.00,101892.559,1704700799999,4454496686.55016,1204185,51103.208,2234783178.72666,0
1704700800000,43969.90,45440.00,43629.70,44969.60,173017.550,1704729599999,7734073056.35839,1940360,87720.191,3921545353.08669,0
1704729600000,44969.70,47312.00,44783.80,46972.70,220177.874,1704758399999,10212856401.03063,2408382,113545.428,5266780920.17390,0
