open_time,open,high,low,close,volume,close_time,quote_volume,count,taker_buy_volume,taker_buy_quote_volume,ignore
1706572800000,43287.60,43798.20,43111.30,43346.60,70087.725,1706601599999,3044755509.58177,913540,36257.396,1575476185.84428,0
1706601600000,43346.70,43888.00,43092.00,43355.50,103953.799,1706630399999,4511924761.94700,1289157,51507.508,2236065203.21286,0
1706630400000,43355.40,43750.00,42665.60,42918.30,83541.260,1706659199999,3617655795.17098,1077241,39475.317,1710014376.94092,0
