open_time,open,high,low,close,volume,close_time,quote_volume,count,taker_buy_volume,taker_buy_quote_volume,ignore
1727740800000,63309.00,64092.60,63000.00,64017.00,53668.727,1727769599999,3413641046.74250,773073,26936.141,1713767475.90830,0
1727769600000,64016.90,64075.50,61801.60,62613.80,168218.638,1727798399999,10556215544.47640,1840383,78161.184,4904698400.16050,0
1727798400000,62613.80,62760.00,60128.20,60776.80,207930.470,1727827199999,12785644690.59520,2476703,96944.348,5962468193.98980,0
