open_time,open,high,low,close,volume,close_time,quote_volume,count,taker_buy_volume,taker_buy_quote_volume,ignore
1697414400000,27139.80,28168.60,27095.40,27837.20,165752.356,1697443199999,4583599640.10576,1388236,87503.916,2419870700.76404,0
1697443200000,27837.20,30720,27627.40,28054,512099.838,1697471999999,14581073990.28104,3890184,263608.474,7507380831.73337,0
1697472000000,28054.10,28797.90,28050,28486.30,145151.588,1697500799999,4123579455.28076,1575801,72764.547,2067359911.33449,0
