open_time,open,high,low,close,volume,close_time,quote_volume,count,taker_buy_volume,taker_buy_quote_volume,ignore
1730678400000,68762.50,69495.30,68220.00,68601.00,53111.280,1730707199999,3661039924.25610,876957,26250.814,1810056020.29510,0
1730707200000,68601.00,69243.80,68173.30,68614.70,72440.700,1730735999999,4972662586.96630,1199813,35066.023,2407213196.93200,0
1730736000000,68614.80,68808.60,66810.00,67834.30,119360.186,1730764799999,8075702501.81680,1608073,59288.182,4012048696.47880,0
