open_time,open,high,low,close,volume,close_time,quote_volume,count,taker_buy_volume,taker_buy_quote_volume,ignore
1716854400000,69461.50,69628.00,67500.00,67712.00,84367.273,1716883199999,5768584121.58900,1188998,38367.064,2622662322.35730,0
1716883200000,67712.10,68921.60,67550.00,68399.70,87273.493,1716911999999,5954329533.55970,1178994,43541.959,2971120635.04380,0
1716912000000,68399.80,68710.00,67273.00,68440.50,56197.674,1716940799999,3827474194.73830,827324,27751.957,1890094065.52450,0
