open_time,open,high,low,close,volume,close_time,quote_volume,count,taker_buy_volume,taker_buy_quote_volume,ignore
1675123200000,22819.90,22980.00,22715.30,22967.70,89349.875,1675151999999,2040420819.63060,661417,44093.200,1007047991.00320,0
1675152000000,22967.70,23200.00,22803.00,23113.90,159414.685,1675180799999,3667081006.77544,1085769,81158.293,1867153197.99744,0
1675180800000,23114.00,23330.00,22804.00,23119.40,154962.406,1675209599999,3575120423.85778,1005939,78634.401,1814635406.77808,0
