open_time,open,high,low,close,volume,close_time,quote_volume,count,taker_buy_volume,taker_buy_quote_volume,ignore
1684108800000,26901.90,27550.00,26694.40,27398.60,194063.300,1684137599999,5277557531.30437,1939707,100211.291,2725969431.43565,0
1684137600000,27398.60,27525.00,27200.00,27383.00,119798.534,1684166399999,3278598764.85166,1341041,58761.112,1608366995.84750,0
1684166400000,27383.00,27650.00,27100.00,27152.50,136401.242,1684195199999,3739295427.70923,1434370,66868.149,1833869846.03293,0
