open_time,open,high,low,close,volume,close_time,quote_volume,count,taker_buy_volume,taker_buy_quote_volume,ignore
1728259200000,62789.20,63950.00,62620.10,63509.90,72467.634,1728287999999,4600372140.76210,950021,38757.044,2460097200.13400,0
1728288000000,63509.90,64448.20,62621.90,63620.00,138264.053,1728316799999,8780380607.69490,1594868,69387.448,4407379909.75320,0
1728316800000,63620.10,63885.00,62091.80,62190.70,88217.688,1728345599999,5560082288.45900,1185819,42264.302,2664598205.30490,0
