open_time,open,high,low,close,volume,close_time,quote_volume,count,taker_buy_volume,taker_buy_quote_volume,ignore
1660348800000,24387.50,24879.00,24319.30,24566.10,183816.864,1660377599999,4528929068.77642,1478372,95103.340,2343276661.44216,0
1660377600000,24566.10,24647.70,24267.50,24501.80,167073.242,1660406399999,4087049099.66643,1355089,83006.738,2030850780.91806,0
1660406400000,24501.80,24584.50,24309.70,24429.00,80203.553,1660435199999,1961189487.13948,803223,39906.933,975896665.27210,0
