open_time,open,high,low,close,volume,close_time,quote_volume,count,taker_buy_volume,taker_buy_quote_volume,ignore
1676246400000,21771.00,21888.00,21606.00,21857.20,104594.975,1676275199999,2277338029.40460,664670,51823.974,1128502731.62120,0
1676275200000,21857.10,21865.10,21410.00,21553.30,217189.952,1676303999999,4693176035.19834,1278138,106100.069,2292789266.06990,0
1676304000000,21553.30,21840.00,21338.00,21766.20,189810.766,1676332799999,4093871106.90550,1120815,97013.141,2093043127.86106,0
