open_time,open,high,low,close,volume,close_time,quote_volume,count,taker_buy_volume,taker_buy_quote_volume,ignore
1677974400000,22335.80,22650.00,22174.90,22365.20,143620.231,1678003199999,3221396576.65660,867811,72502.219,1626320940.60550,0
1678003200000,22365.20,22480.00,22302.00,22424.40,63689.491,1678031999999,1426768033.93790,452335,32667.285,731846741.57620,0
1678032000000,22424.50,22555.00,22310.00,22419.40,74952.023,1678060799999,1680556910.02900,554721,38704.198,867992858.34000,0
