open_time,open,high,low,close,volume,close_time,quote_volume,count,taker_buy_volume,taker_buy_quote_volume,ignore
1724544000000,64116.60,64549.00,63751.00,63835.40,37576.908,1724572799999,2408713099.94630,584810,17844.766,1144071249.56770,0
1724572800000,63835.50,64270.00,63731.30,64099.90,29846.327,1724601599999,1909337495.37670,426424,15849.148,1013952137.59060,0
1724601600000,64099.90,65175.40,63950.00,64190.20,48123.653,1724630399999,3100562152.19200,627112,25075.904,1616126150.51820,0
