open_time,open,high,low,close,volume,close_time,quote_volume,count,taker_buy_volume,taker_buy_quote_volume,ignore
1669939200000,16970.50,17038.00,16852.40,16947.10,76623.441,1669967999999,1297312521.63640,464499,38773.597,656536517.84410,0
1669968000000,16947.00,17096.30,16760.00,16928.90,184411.983,1669996799999,3123023458.07920,972574,91083.838,1542815921.76460,0
1669996800000,16928.90,17088.40,16894.00,17083.00,74003.791,1670025599999,1256933618.71760,448030,39893.250,677653868.08840,0
