open_time,open,high,low,close,volume,close_time,quote_volume,count,taker_buy_volume,taker_buy_quote_volume,ignore
1676419200000,22187.40,22190.80,22038.50,22097.50,59476.333,1676447999999,1315146954.48400,451663,29800.091,658961838.67400,0
1676448000000,22097.40,22924.90,22075.90,22798.10,293225.434,1676476799999,6623498351.26639,1666480,157809.723,3564112708.26269,0
1676476800000,22798.00,24420.00,22730.10,24332.60,471974.704,1676505599999,11167071708.54030,2655855,250486.125,5927414845.30550,0
