open_time,open,high,low,close,volume,close_time,quote_volume,count,taker_buy_volume,taker_buy_quote_volume,ignore
1692057600000,29419.50,29446.50,29338.90,29396.90,28892.668,1692086399999,849002570.00170,294551,13900.442,408470490.99270,0
1692086400000,29396.90,29492.10,29294.90,29315.20,68929.102,1692115199999,2025584087.22950,529404,33680.711,989887418.47440,0
1692115200000,29315.10,29358.90,29050.00,29188.80,93468.189,1692143999999,2730082142.47282,724328,45213.717,1320719599.29310,0
