open_time,open,high,low,close,volume,close_time,quote_volume,count,taker_buy_volume,taker_buy_quote_volume,ignore
1692921600000,26164.60,26177.00,25960.00,25969.30,49993.647,1692950399999,1302782550.67970,501971,23588.853,614652943.40520,0
1692950400000,25969.40,26300.00,25754.40,25917.40,161351.631,1692979199999,4199783141.99053,1303362,79928.503,2080926242.82504,0
1692979200000,25917.30,26078.00,25820.00,26051.70,63485.216,1693007999999,1648598611.70286,630477,32708.554,849416945.96686,0
