open_time,open,high,low,close,volume,close_time,quote_volume,count,taker_buy_volume,taker_buy_quote_volume,ignore
1728864000000,62839.70,64676.70,62420.00,64599.60,112904.500,1728892799999,7209287424.74030,1369111,61805.875,3946597378.23320,0
1728892800000,64599.50,66288.00,64306.90,65850.90,150558.790,1728921599999,9822818316.26460,1777726,77312.269,5045207182.97410,0
1728921600000,65850.90,66533.00,65520.00,66064.90,74788.311,1728950399999,4931882624.44410,955064,39223.111,2586998124.96580,0
