open_time,open,high,low,close,volume,close_time,quote_volume,count,taker_buy_volume,taker_buy_quote_volume,ignore
1676764800000,24636.80,24867.60,24553.60,24576.70,88068.018,1676793599999,2175878918.36340,636441,41953.277,1036704618.35610,0
1676793600000,24576.60,25073.50,24556.90,24929.70,138248.607,1676822399999,3426104825.03768,912055,71321.457,1767712643.67098,0
1676822400000,24929.70,25200.00,24179.40,24265.90,317190.003,1676851199999,7807147169.90559,1984780,150440.773,3704546859.46807,0
