open_time,open,high,low,close,volume,close_time,quote_volume,count,taker_buy_volume,taker_buy_quote_volume,ignore
1693440000000,27290.40,27290.50,27166.00,27249.10,32638.773,1693468799999,888563575.03870,361620,16813.374,457737602.06290,0
1693468800000,27249.20,27674.30,26733.80,26909.50,155936.466,1693497599999,4235382214.19560,1256756,75144.262,2042253139.47587,0
1693497600000,26909.40,26913.90,25617.80,25928.00,314331.038,1693526399999,8250427930.92470,2490581,150557.524,3952061900.85388,0
