open_time,open,high,low,close,volume,close_time,quote_volume,count,taker_buy_volume,taker_buy_quote_volume,ignore
1686787200000,25115.90,25198.80,24856.00,24974.60,109033.844,1686815999999,2728471779.04472,1027850,53390.261,1336003828.31532,0
1686816000000,24974.60,25100.00,24777.00,24948.40,138927.511,1686844799999,3469798368.07220,1299605,68452.708,1709864316.05980,0
1686844800000,24948.40,25750.00,24918.20,25586.10,226010.020,1686873599999,5737752848.64698,1931057,115870.144,2941326911.59248,0
