open_time,open,high,low,close,volume,close_time,quote_volume,count,taker_buy_volume,taker_buy_quote_volume,ignore
1677196800000,23928.70,24138.60,23754.00,23821.50,114903.161,1677225599999,2748712428.11540,920445,55503.729,1328012390.20000,0
1677225600000,23821.60,24029.30,23310.50,23337.20,292004.516,1677254399999,6921955860.66240,1983288,138637.102,3288195150.95160,0
1677254400000,23337.10,23339.30,22800.00,23175.60,324670.265,1677283199999,7505683263.63457,2040527,156460.174,3617806631.56418,0
