open_time,open,high,low,close,volume,close_time,quote_volume,count,taker_buy_volume,taker_buy_quote_volume,ignore
1726099200000,57305.60,58465.40,57283.10,58101.80,74190.871,1726127999999,4301250732.09520,1052016,38908.866,2255813424.44930,0
1726128000000,58101.70,58606.60,57310.00,57472.10,118239.753,1726156799999,6840784825.42300,1441316,59138.229,3422144168.93540,0
1726156800000,57472.20,58425.70,57454.40,58097.00,69019.064,1726185599999,4010564653.00670,940279,35014.276,2034603388.66860,0
