open_time,open,high,low,close,volume,close_time,quote_volume,count,taker_buy_volume,taker_buy_quote_volume,ignore
1685059200000,26461.70,26532.00,26313.90,26491.30,73560.887,1685087999999,1943390058.41100,649074,36505.910,964594931.25660,0
1685088000000,26491.20,26925.00,26342.90,26737.50,170714.188,1685116799999,4546246617.80786,1342365,87529.505,2331374357.59496,0
1685116800000,26737.50,26829.00,26601.00,26689.90,80200.471,1685145599999,2143673750.10482,744206,40082.863,1071435995.37672,0
