open_time,open,high,low,close,volume,close_time,quote_volume,count,taker_buy_volume,taker_buy_quote_volume,ignore
1698105600000,33074,35300,32833.50,34025.90,402188.978,1698134399999,13741126299.48515,4398504,205550.831,7021461676.71167,0
1698134400000,34025.80,34888,33244,33674,313546.232,1698163199999,10709576001.81862,3629564,153264.042,5235300129.56837,0
1698163200000,33673.90,34398.90,33379.20,33917,206257.853,1698191999999,6988098155.76645,2828604,104477.352,3540208940.48304,0
