open_time,open,high,low,close,volume,close_time,quote_volume,count,taker_buy_volume,taker_buy_quote_volume,ignore
1665014400000,20149.90,20443.90,20134.60,20214.70,224627.504,1665043199999,4558980982.62019,1390916,114940.120,2332816805.88749,0
1665043200000,20214.70,20322.00,19867.50,20004.40,370259.434,1665071999999,7441588023.03867,2041176,181472.632,3647558128.82420,0
1665072000000,20004.30,20264.10,19843.30,19954.00,187147.731,1665100799999,3746558406.15910,1218620,92590.180,1853959635.93940,0
