open_time,open,high,low,close,volume,close_time,quote_volume,count,taker_buy_volume,taker_buy_quote_volume,ignore
1723248000000,60808.60,61450.00,60208.50,60809.50,46014.710,1723276799999,2791194408.78450,694860,23363.605,1417563834.80440,0
1723276800000,60809.60,61082.00,60375.00,60480.50,38287.305,1723305599999,2324799209.71110,576153,17797.077,1080738875.62190,0
1723305600000,60480.50,61200.00,60360.00,60889.90,31291.339,1723334399999,1904711313.63780,476138,16163.161,983984973.18220,0
