open_time,open,high,low,close,volume,close_time,quote_volume,count,taker_buy_volume,taker_buy_quote_volume,ignore
1666137600000,19320.90,19349.80,19136.00,19210.00,100305.204,1666166399999,1930474501.44570,627899,49606.784,954781326.49390,0
1666166400000,19210.00,19300.00,19050.00,19259.80,190275.796,1666195199999,3648864425.78110,1080087,92328.463,1770891415.28470,0
1666195200000,19259.80,19271.30,19070.80,19116.70,113789.458,1666223999999,2180800170.31310,708567,54331.726,1041342928.30960,0
