open_time,open,high,low,close,volume,close_time,quote_volume,count,taker_buy_volume,taker_buy_quote_volume,ignore
1673740800000,20962.80,21012.00,20556.00,20750.00,131419.701,1673769599999,2726870078.41753,832991,64019.800,1328414180.43630,0
1673769600000,20750.10,21028.00,20581.40,20925.00,146324.976,1673798399999,3038431588.00689,897220,75456.860,1567316822.24569,0
1673798400000,20925.00,21073.80,20670.00,20882.70,150741.882,1673827199999,3147755707.85710,936601,73433.410,1533601005.13697,0
