open_time,open,high,low,close,volume,close_time,quote_volume,count,taker_buy_volume,taker_buy_quote_volume,ignore
1719014400000,64124.10,64520.00,63915.80,64490.10,23841.179,1719043199999,1532668607.67430,336158,12320.700,792168026.55060,0
1719043200000,64490.00,64512.00,64184.80,64283.40,20872.444,1719071999999,1342068890.35130,236698,9708.018,624228788.37320,0
1719072000000,64283.30,64340.60,64200.20,64240.00,9142.239,1719100799999,587563295.98110,138372,4040.113,259656825.29780,0
