open_time,open,high,low,close,volume,close_time,quote_volume,count,taker_buy_volume,taker_buy_quote_volume,ignore
1670284800000,16958.20,17094.60,16949.10,16993.60,87126.611,1670313599999,1482464579.96430,584157,44022.742,749162954.16250,0
1670313600000,16993.70,17034.70,16899.90,16974.90,126663.957,1670342399999,2150584583.95800,746426,63398.072,1076492332.23650,0
1670342400000,16974.90,17100.00,16901.60,17078.60,107540.045,1670371199999,1826518046.76430,668525,56202.703,954729914.61880,0
