open_time,open,high,low,close,volume,close_time,quote_volume,count,taker_buy_volume,taker_buy_quote_volume,ignore
1717718400000,70830.00,71476.00,70700.00,71147.90,38964.213,1717747199999,2771116522.41080,491925,19270.675,1370529578.55780,0
1717747200000,71147.90,72144.00,70668.00,71150.00,122944.355,1717775999999,8772121671.33440,1416910,62065.701,4429757849.40800,0
1717776000000,71150.10,71254.70,68405.00,69377.00,137503.802,1717804799999,9564761833.98490,1603921,64673.192,4498270187.96120,0
