open_time,open,high,low,close,volume,close_time,quote_volume,count,taker_buy_volume,taker_buy_quote_volume,ignore
1692144000000,29188.90,29257.40,29100.00,29187.00,43924.827,1692172799999,1282092697.92200,368723,22275.108,650192080.33730,0
1692172800000,29187.00,29209.00,29030.00,29098.00,71564.223,1692201599999,2084845628.62940,618937,35615.823,1037711000.93980,0
1692201600000,29097.90,29229.60,28705.10,28714.40,156535.459,1692230399999,4537035249.21325,1197684,71510.853,2073444369.34230,0
