open_time,open,high,low,close,volume,close_time,quote_volume,count,taker_buy_volume,taker_buy_quote_volume,ignore
1689724800000,29845.70,30178.50,29826.70,29984.00,87681.014,1689753599999,2632695853.96097,806658,42981.230,1290557942.92707,0
1689753600000,29984.10,30130.00,29745.00,29939.80,126590.632,1689782399999,3788495060.56304,1086823,62495.060,1870666016.79970,0
1689782400000,29939.70,30088.10,29811.00,29895.50,84147.208,1689811199999,2520358101.36460,804190,42379.712,1269452327.75500,0
