open_time,open,high,low,close,volume,close_time,quote_volume,count,taker_buy_volume,taker_buy_quote_volume,ignore
1694044800000,25747.40,25838.00,25710.30,25750.90,29200.922,1694073599999,752564759.47280,353100,14527.057,374407292.69090,0
1694073600000,25751.00,25824.70,25602.30,25766.70,64333.323,1694102399999,1654195691.03790,703515,32546.951,836883706.00150,0
1694102400000,25766.70,26451.00,25760.00,26240.70,163815.657,1694131199999,4277078258.32536,1553223,85860.150,2242173304.50648,0
