open_time,open,high,low,close,volume,close_time,quote_volume,count,taker_buy_volume,taker_buy_quote_volume,ignore
1668470400000,16605.30,16931.80,16516.70,16834.90,151364.668,1668499199999,2534140228.74950,1067293,77932.211,1304835490.34890,0
1668499200000,16834.90,17127.20,16695.00,16978.00,286590.617,1668527999999,4843341327.79820,1724743,144378.421,2440417158.35276,0
1668528000000,16977.70,17060.80,16606.00,16888.30,211394.173,1668556799999,3561388183.38964,1325884,105969.253,1785441931.30370,0
