open_time,open,high,low,close,volume,close_time,quote_volume,count,taker_buy_volume,taker_buy_quote_volume,ignore
1724112000000,59398.40,61386.00,59324.20,60899.90,89839.995,1724140799999,5442999902.96490,1287224,47778.054,2893936747.65920,0
1724140800000,60899.90,60949.70,58663.40,58783.70,132965.476,1724169599999,7962736800.97710,1617498,64475.692,3862160290.41440,0
1724169600000,58783.70,59689.50,58501.10,58982.90,64243.659,1724198399999,3797409557.26970,882410,32058.778,1895177803.90730,0
