open_time,open,high,low,close,volume,close_time,quote_volume,count,taker_buy_volume,taker_buy_quote_volume,ignore
1719273600000,60273.50,61566.00,60230.50,60660.80,75155.124,1719302399999,4580604902.01640,801142,36992.383,2254718752.78370,0
1719302400000,60660.90,62145.50,60641.20,61776.00,111378.984,1719331199999,6842930933.03700,1119846,55744.071,3424962301.09110,0
1719331200000,61775.90,62448.10,61100.00,61777.80,78113.209,1719359999999,4822287737.70160,840403,38837.774,2398485803.93650,0
