open_time,open,high,low,close,volume,close_time,quote_volume,count,taker_buy_volume,taker_buy_quote_volume,ignore
1697760000000,28697,29405.40,28560,29228.50,176178.516,1697788799999,5126410729.11187,1695819,94067.637,2737225890.64915,0
1697788800000,29228.60,30243,29214.40,29538.70,302705.177,1697817599999,8994370123.11247,2878035,154612.235,4595433036.60398,0
1697817600000,29538.70,29784.50,29304,29653,72121.634,1697846399999,2131091978.46955,816679,37659.757,1113112480.28252,0
