open_time,open,high,low,close,volume,close_time,quote_volume,count,taker_buy_volume,taker_buy_quote_volume,ignore
1700265600000,36621.90,36625.70,36196,36429,34704.604,1700294399999,1262917033.78589,459187,16620.625,604813215.70505,0
1700294400000,36429,36693,36364.80,36671.90,39503.089,1700323199999,1441851432.24771,514727,20474.212,747385015.68201,0
1700323200000,36672,36900,36450,36580.90,47513.229,1700351999999,1741855312.59317,585860,22850.366,837898300.65760,0
