open_time,open,high,low,close,volume,close_time,quote_volume,count,taker_buy_volume,taker_buy_quote_volume,ignore
1672444800000,16601.20,16611.50,16530.00,16564.40,31256.506,1672473599999,517575398.82060,165296,15059.664,249372129.10830,0
1672473600000,16564.40,16640.00,16538.00,16586.00,56309.244,1672502399999,933831870.43550,272462,29038.525,481574495.05730,0
1672502400000,16586.10,16609.30,16461.80,16537.60,46896.406,1672531199999,775831092.41310,247249,21724.771,359440791.93760,0
