open_time,open,high,low,close,volume,close_time,quote_volume,count,taker_buy_volume,taker_buy_quote_volume,ignore
1720051200000,60208.00,60500.00,57611.00,58214.00,145507.273,1720079999999,8575433393.02430,1455866,65906.641,3885019540.99750,0
1720080000000,58214.00,58484.50,56750.00,58137.60,208587.148,1720108799999,11992210870.42945,2072951,103739.375,5965969164.39277,0
1720108800000,58137.50,58800.00,56560.00,57045.90,91561.856,1720137599999,5306565777.97339,1086108,42763.415,2480255507.30177,0
