open_time,open,high,low,close,volume,close_time,quote_volume,count,taker_buy_volume,taker_buy_quote_volume,ignore
1701993600000,43296,43586.50,43108.80,43184.50,52724.770,1702022399999,2288215328.49262,557727,26084.905,1132260202.96232,0
1702022400000,43184.60,44081.60,43100,43778.50,114498.407,1702051199999,4997586705.81327,1093000,58649.987,2559806714.21439,0
1702051200000,43778.60,44779.30,43650,44209.50,114657.416,1702079999999,5069062625.45060,1038666,57252.312,2531357679.07207,0
