open_time,open,high,low,close,volume,close_time,quote_volume,count,taker_buy_volume,taker_buy_quote_volume,ignore
1719100800000,64240.10,64500.00,64240.00,64390.00,13840.527,1719129599999,891199891.54380,199695,6858.198,441601458.70250,0
1719129600000,64390.00,64414.00,64034.20,64071.80,19561.533,1719158399999,1256646800.77480,265250,9326.335,599172731.83430,0
1719158400000,64071.80,64166.40,63137.90,63194.90,38650.233,1719187199999,2462147833.25080,487444,18035.881,1149302124.82860,0
