open_time,open,high,low,close,volume,close_time,quote_volume,count,taker_buy_volume,taker_buy_quote_volume,ignore
1687824000000,30260.10,30488.00,30213.00,30404.50,77658.131,1687852799999,2356908751.23996,944523,39715.617,1205421305.79446,0
1687852800000,30404.50,30998.50,30322.20,30487.40,228944.245,1687881599999,7017345380.74081,2274199,113662.923,3484363052.49425,0
1687881600000,30487.40,30762.40,30435.90,30683.20,99470.972,1687910399999,3047186790.18001,1107752,49945.560,1530015674.51051,0
