open_time,open,high,low,close,volume,close_time,quote_volume,count,taker_buy_volume,taker_buy_quote_volume,ignore
1717804800000,69377.00,69612.50,69257.90,69612.50,23097.059,1717833599999,1603750726.61930,346330,11248.405,781041956.02180,0
1717833600000,69612.50,69613.60,69192.30,69462.10,27103.270,1717862399999,1881547140.71260,387697,13195.984,916067612.90280,0
1717862400000,69462.00,69533.00,69325.00,69346.50,15539.528,1717891199999,1078793662.75700,237069,7278.281,505287352.08800,0
