open_time,open,high,low,close,volume,close_time,quote_volume,count,taker_buy_volume,taker_buy_quote_volume,ignore
1703462400000,43008.40,43360.40,42755.40,43233.20,47216.314,1703491199999,2034112583.86103,583566,24524.086,1056485232.41288,0
1703491200000,43233.30,43850.00,43083.20,43661.00,81763.130,1703519999999,3558471491.04218,881056,43132.617,1877481977.49277,0
1703520000000,43661.00,43772.10,43354.30,43611.90,55230.830,1703548799999,2406388961.65786,656616,26903.533,1172293218.68616,0
