open_time,open,high,low,close,volume,close_time,quote_volume,count,taker_buy_volume,taker_buy_quote_volume,ignore
1693353600000,27700.10,27758.20,27265.00,27427.20,89400.442,1693382399999,2454668508.45747,841607,43216.273,1186520868.13050,0
1693382400000,27427.10,27493.60,26950.00,27192.00,161412.842,1693411199999,4402516178.32537,1370597,77476.281,2113617644.61954,0
1693411200000,27191.90,27335.60,27053.00,27290.40,64500.632,1693439999999,1754537982.25510,656350,32966.801,896840214.72520,0
