open_time,open,high,low,close,volume,close_time,quote_volume,count,taker_buy_volume,taker_buy_quote_volume,ignore
1691193600000,29101.10,29145.00,29020.50,29037.90,27673.657,1691222399999,804633988.46042,305013,13675.471,397643378.62422,0
1691222400000,29037.90,29083.00,28960.00,29032.40,36634.170,1691251199999,1063465556.93140,380318,17835.930,517816697.02630,0
1691251200000,29032.50,29092.10,28997.40,29057.70,18200.797,1691279999999,528790070.04760,233458,9255.396,268897092.62190,0
