open_time,open,high,low,close,volume,close_time,quote_volume,count,taker_buy_volume,taker_buy_quote_volume,ignore
1724198400000,58982.70,59721.20,58728.90,59689.20,37248.569,1724227199999,2209238066.95040,574035,18512.088,1098185033.44250,0
1724227200000,59689.20,60192.30,58801.10,59486.00,120378.132,1724255999999,7162399449.08390,1561481,58754.841,3496620021.71530,0
1724256000000,59485.90,61793.90,59339.90,61120.00,112956.978,1724284799999,6871528664.33520,1532832,58247.374,3542919167.82970,0
