open_time,open,high,low,close,volume,close_time,quote_volume,count,taker_buy_volume,taker_buy_quote_volume,ignore
1680652800000,28155.10,28800.00,28085.80,28515.70,164107.058,1680681599999,4682176842.69490,1382654,86314.427,2462616253.27164,0
1680681600000,28515.70,28741.00,27830.10,28014.90,246022.814,1680710399999,6964001788.38565,1964650,119593.987,3385905766.33976,0
1680710400000,28015.00,28300.00,27775.00,28154.00,133582.966,1680739199999,3748827853.47739,1184098,66053.878,1854132674.93349,0
