open_time,open,high,low,close,volume,close_time,quote_volume,count,taker_buy_volume,taker_buy_quote_volume,ignore
1679356800000,27704.10,27960.70,27288.00,27490.90,159650.276,1679385599999,4419220232.50547,1655028,76589.337,2120446236.26016,0
1679385600000,27490.90,28252.50,27382.50,28028.70,309863.676,1679414399999,8653667063.31546,2775186,156656.442,4375239543.15768,0
1679414400000,28028.70,28460.00,27902.00,28091.10,215973.762,1679443199999,6080026447.71385,2107424,107968.503,3040090649.73545,0
