open_time,open,high,low,close,volume,close_time,quote_volume,count,taker_buy_volume,taker_buy_quote_volume,ignore
1722556800000,65329.00,65577.00,63630.60,64146.00,87780.156,1722585599999,5655091010.02830,1230852,41492.749,2672913455.60550,0
1722585600000,64146.00,65534.30,62350.00,63393.50,195142.530,1722614399999,12502023699.96460,2116844,96762.025,6201811107.94430,0
1722614400000,63393.50,63600.00,61200.20,61483.70,138705.734,1722643199999,8662568327.26830,1723680,65497.596,4092415682.07280,0
