open_time,open,high,low,close,volume,close_time,quote_volume,count,taker_buy_volume,taker_buy_quote_volume,ignore
1662076800000,20122.60,20290.00,19947.90,20100.50,132191.792,1662105599999,2658482601.46200,848805,69369.413,1395382318.31950,0
1662105600000,20100.40,20434.30,19978.00,20344.80,263895.547,1662134399999,5338527411.28547,1530551,135905.460,2749684812.21817,0
1662134400000,20344.80,20368.00,19736.00,19941.00,272960.477,1662163199999,5445077825.38874,1574842,131355.361,2620403822.62880,0
