open_time,open,high,low,close,volume,close_time,quote_volume,count,taker_buy_volume,taker_buy_quote_volume,ignore
1684540800000,26870.10,26902.00,26813.50,26841.80,23470.576,1684569599999,630087254.13140,317407,11135.143,298944103.86810,0
1684569600000,26841.90,26969.80,26841.80,26936.00,40759.919,1684598399999,1096216914.26370,476381,21268.514,572043126.63790,0
1684598400000,26936.00,27144.40,26900.10,27089.50,73284.859,1684627199999,1981393112.71420,719725,39180.941,1059340122.67190,0
