open_time,open,high,low,close,volume,close_time,quote_volume,count,taker_buy_volume,taker_buy_quote_volume,ignore
1662854400000,21639.50,21673.00,21336.00,21599.90,117625.964,1662883199999,2533264834.74964,805876,58016.592,1249580215.24960,0
1662883200000,21600.00,21761.50,21450.10,21633.90,130795.266,1662911999999,2826003771.98426,886903,66314.430,1432972075.91166,0
1662912000000,21634.00,21883.40,21438.50,21820.30,172558.096,1662940799999,3734321564.05980,1169811,88555.555,1917016196.63430,0
