open_time,open,high,low,close,volume,close_time,quote_volume,count,taker_buy_volume,taker_buy_quote_volume,ignore
1694563200000,25825.80,26099.50,25750.00,25865.70,80182.915,1694591999999,2078056714.38684,879764,41191.533,1067654658.30626,0
1694592000000,25865.70,26382.00,25850.80,26229.10,164938.447,1694620799999,4312822279.68767,1642219,86376.183,2258825063.78171,0
1694620800000,26229.20,26400.00,26038.00,26209.90,90131.356,1694649599999,2361954629.02240,943406,43737.226,1146198201.85994,0
