open_time,open,high,low,close,volume,close_time,quote_volume,count,taker_buy_volume,taker_buy_quote_volume,ignore
1663200000000,20217.00,20315.00,19903.50,20195.20,198374.600,1663228799999,3987776013.25140,1439962,99044.775,1991202786.35000,0
1663228800000,20195.10,20213.30,19453.00,19728.80,306475.052,1663257599999,6104980385.63638,1846600,149201.567,2973002578.81745,0
1663257600000,19728.80,19936.30,19561.50,19690.80,161012.415,1663286399999,3182615322.10050,1110582,80438.049,1590071180.04720,0
