open_time,open,high,low,close,volume,close_time,quote_volume,count,taker_buy_volume,taker_buy_quote_volume,ignore
1662422400000,19784.90,20174.70,19665.00,19900.70,266475.799,1662451199999,5295767313.81104,1472050,131238.433,2608734179.82967,0
1662451200000,19900.70,20023.20,19650.40,19810.10,250842.756,1662479999999,4977851261.81040,1376375,124612.122,2473446658.64890,0
1662480000000,19810.20,19847.10,18600.00,18781.50,428170.587,1662508799999,8170734146.32607,2329312,194672.985,3713876493.57566,0
