open_time,open,high,low,close,volume,close_time,quote_volume,count,taker_buy_volume,taker_buy_quote_volume,ignore
1705968000000,39567.10,40172.70,39508.00,39773.90,57769.456,1705996799999,2304921426.09932,795171,29197.311,1164856052.81575,0
1705996800000,39773.90,39862.90,38545.00,39197.40,229402.505,1706025599999,8953976408.65044,2704775,113339.547,4424196653.39893,0
1706025600000,39197.50,39898.00,38925.60,39890.00,127201.425,1706054399999,5003778882.51917,1496392,64335.967,2531307337.69238,0
