open_time,open,high,low,close,volume,close_time,quote_volume,count,taker_buy_volume,taker_buy_quote_volume,ignore
1669334400000,16592.50,16610.00,16331.70,16453.80,110304.743,1669363199999,1814635190.54240,647259,51888.127,853688292.18490,0
1669363200000,16453.70,16583.90,16400.00,16505.40,122168.929,1669391999999,2015120805.66150,718304,62473.869,1030621349.08940,0
1669392000000,16505.30,16639.90,16451.00,16516.10,74086.444,1669420799999,1223556517.75560,432498,38450.186,635114934.91300,0
