open_time,open,high,low,close,volume,close_time,quote_volume,count,taker_buy_volume,taker_buy_quote_volume,ignore
1682812800000,29212.70,29287.50,29067.40,29252.00,49892.618,1682841599999,1455952208.67930,545096,25191.260,735199339.72450,0
1682841600000,29251.90,29950.00,29150.00,29644.20,175720.450,1682870399999,5191261958.56829,1439139,92734.465,2739914744.46151,0
1682870400000,29644.40,29860.00,29145.30,29223.00,192185.778,1682899199999,5661354975.97896,1847180,91611.707,2699067556.56200,0
