open_time,open,high,low,close,volume,close_time,quote_volume,count,taker_buy_volume,taker_buy_quote_volume,ignore
1694908800000,26547.00,26560.70,26400.00,26482.60,37108.621,1694937599999,982965684.18130,375556,16064.442,425604516.87670,0
1694937600000,26482.60,26614.30,26480.30,26537.00,33764.433,1694966399999,896551870.51190,398831,16674.748,442758507.52950,0
1694966400000,26536.90,26539.00,26377.40,26514.20,43366.340,1694995199999,1148000899.75140,472328,20585.393,544964347.21610,0
