open_time,open,high,low,close,volume,close_time,quote_volume,count,taker_buy_volume,taker_buy_quote_volume,ignore
1684972800000,26313.90,26384.50,25850.00,26118.90,135519.197,1685001599999,3541899211.43335,1092107,65090.646,1701633718.70280,0
1685001600000,26118.90,26489.50,26107.80,26216.90,150480.159,1685030399999,3959284958.04204,1114961,77337.245,2035081349.17880,0
1685030400000,26216.90,26644.00,26193.50,26461.80,108535.869,1685059199999,2867346769.00579,843448,56535.906,1493987994.93659,0
