open_time,open,high,low,close,volume,close_time,quote_volume,count,taker_buy_volume,taker_buy_quote_volume,ignore
1722211200000,68215.50,69872.60,68130.10,69510.60,92897.113,1722239999999,6430750519.04180,1121485,49161.716,3403405572.49920,0
1722240000000,69510.50,70081.00,67650.00,68067.20,145520.647,1722268799999,10036206080.64310,1553134,70920.018,4893317999.80450,0
1722268800000,68067.30,68093.10,66365.80,66750.00,134120.058,1722297599999,9001712602.62050,1418042,62990.601,4228170718.01500,0
