open_time,open,high,low,close,volume,close_time,quote_volume,count,taker_buy_volume,taker_buy_quote_volume,ignore
1680307200000,28454.80,28845.30,28328.00,28416.10,112537.083,1680335999999,3210705473.74948,1030562,56645.486,1616517303.18590,0
1680336000000,28416.10,28476.90,28180.00,28387.20,78536.636,1680364799999,2228247488.93881,715622,37944.503,1076791265.27180,0
1680364800000,28387.20,28575.00,28259.20,28443.80,65413.503,1680393599999,1859387561.38276,655296,33280.852,946055073.15246,0
