open_time,open,high,low,close,volume,close_time,quote_volume,count,taker_buy_volume,taker_buy_quote_volume,ignore
1704585600000,43956.60,44267.90,43824.20,44071.50,42302.857,1704614399999,1861926290.25083,598832,20998.900,924345224.17085,0
1704614400000,44071.60,44486.90,43862.80,44035.00,70083.704,1704643199999,3095579985.23901,923769,34526.042,1525216815.37481,0
1704643200000,44034.90,44262.90,43557.50,43916.90,68324.153,1704671999999,3002835382.38713,903849,33506.093,1472795213.43044,0
