open_time,open,high,low,close,volume,close_time,quote_volume,count,taker_buy_volume,taker_buy_quote_volume,ignore
1703635200000,42538.60,42595.50,42145.70,42495.90,45651.022,1703663999999,1936036004.13408,505349,22509.694,954669916.30691,0
1703664000000,42496.00,43277.10,42443.00,43009.60,120820.839,1703692799999,5190815870.62855,1142145,61211.657,2629683314.93134,0
1703692800000,43010.00,43700.00,42890.30,43453.80,84879.677,1703721599999,3673565696.14019,958208,43083.545,1864942530.61286,0
