open_time,open,high,low,close,volume,close_time,quote_volume,count,taker_buy_volume,taker_buy_quote_volume,ignore
1703289600000,43999.20,44023.00,43304.20,43582.00,56887.778,1703318399999,2481043885.68500,620433,26647.046,1162193497.42249,0
1703318400000,43582.10,43899.80,43513.40,43782.00,37740.368,1703347199999,1649035065.02675,433858,19767.435,863784427.82885,0
1703347200000,43782.00,43880.10,43656.80,43725.20,26164.053,1703375999999,1145518751.25855,402209,12500.327,547308033.92359,0
