open_time,open,high,low,close,volume,close_time,quote_volume,count,taker_buy_volume,taker_buy_quote_volume,ignore
1730419200000,70321.90,70500.00,68870.40,69301.00,83722.665,1730447999999,5821631334.29180,1198401,38440.898,2672997491.64690,0
1730448000000,69301.00,71650.00,69036.00,69381.00,165914.121,1730476799999,11683805104.92020,1984368,81195.440,5718516745.03310,0
1730476800000,69381.10,70543.30,68822.50,69495.50,102954.302,1730505599999,7164261150.97030,1435421,50768.851,3533528553.41200,0
