open_time,open,high,low,close,volume,close_time,quote_volume,count,taker_buy_volume,taker_buy_quote_volume,ignore
1681257600000,30185.10,30350.00,29811.00,29979.40,141292.158,1681286399999,4239129318.72932,1179688,67496.466,2025283464.33598,0
1681286400000,29979.50,30480.00,29620.00,29948.00,304263.078,1681315199999,9153203546.24013,2160058,148955.274,4482910000.99191,0
1681315200000,29948.00,30087.70,29736.00,29875.00,118113.194,1681343999999,3533657468.77190,1047936,57643.271,1724695371.21820,0
