open_time,open,high,low,close,volume,close_time,quote_volume,count,taker_buy_volume,taker_buy_quote_volume,ignore
1718323200000,66786.80,67228.20,66471.30,66906.20,41319.225,1718351999999,2762964151.98050,569406,19601.312,1310806048.41370,0
1718352000000,66906.30,67366.50,66334.50,66380.00,73001.987,1718380799999,4884254868.46950,853030,35945.209,2405210786.31410,0
1718380800000,66380.00,66648.80,65052.40,66039.70,125090.019,1718409599999,8219098013.17730,1319573,59913.062,3937145015.87240,0
