open_time,open,high,low,close,volume,close_time,quote_volume,count,taker_buy_volume,taker_buy_quote_volume,ignore
1707350400000,44326.30,44795.10,44306.80,44500.80,75359.412,1707379199999,3357072669.34244,892041,37637.293,1676743824.09056,0
1707379200000,44500.80,45450.00,44496.50,45406.30,131980.659,1707407999999,5934474106.95680,1441610,67821.898,3049961804.31759,0
1707408000000,45406.40,45600.00,44878.00,45269.10,92398.217,1707436799999,4181318692.46877,1114544,44953.932,2034482503.51925,0
