open_time,open,high,low,close,volume,close_time,quote_volume,count,taker_buy_volume,taker_buy_quote_volume,ignore
1723593600000,60550.40,61277.00,60390.00,60887.20,39836.145,1723622399999,2422047754.56650,665331,19608.402,1192199345.04140,0
1723622400000,60887.30,61839.70,58773.30,59396.90,186875.511,1723651199999,11243536660.46360,2146137,91541.949,5507901964.12170,0
1723651200000,59396.90,59436.20,58367.20,58648.10,68951.152,1723679999999,4066170875.86250,1013956,31827.014,1877348978.02690,0
