open_time,open,high,low,close,volume,close_time,quote_volume,count,taker_buy_volume,taker_buy_quote_volume,ignore
1718668800000,66472.10,66558.90,64565.00,65646.40,120547.864,1718697599999,7877852218.01270,1359539,57063.478,3729664312.91110,0
1718697600000,65646.30,65724.60,64212.00,64676.80,133275.199,1718726399999,8653237649.35850,1352554,65227.027,4235657105.59510,0
1718726400000,64676.70,65281.60,64009.80,65150.00,81736.331,1718755199999,5285223794.42760,990380,40442.773,2615261773.97500,0
