open_time,open,high,low,close,volume,close_time,quote_volume,count,taker_buy_volume,taker_buy_quote_volume,ignore
1730937600000,75579.90,76072.50,74450.00,74800.00,75529.730,1730966399999,5673905605.52660,1272381,36883.039,2771261058.07910,0
1730966400000,74800.00,76094.60,74508.00,76081.60,76296.042,1730995199999,5729934574.37190,1270051,38818.407,2916672258.29830,0
1730995200000,76081.50,76900.00,75471.10,75859.40,128849.261,1731023999999,9817826274.58710,1888642,64226.968,4894938696.45480,0
