open_time,open,high,low,close,volume,close_time,quote_volume,count,taker_buy_volume,taker_buy_quote_volume,ignore
1664323200000,19070.10,19228.30,18460.00,18770.60,306540.991,1664351999999,5757773538.84382,1833888,147216.629,2765878944.75763,0
1664352000000,18770.50,19496.60,18558.60,19477.90,506509.308,1664380799999,9647935132.86570,2741093,260054.399,4954940820.80280,0
1664380800000,19477.90,19787.60,19250.00,19407.30,328172.473,1664409599999,6403698605.74278,1974161,168141.758,3281885148.54058,0
