open_time,open,high,low,close,volume,close_time,quote_volume,count,taker_buy_volume,taker_buy_quote_volume,ignore
1719187200000,63194.90,63357.00,62125.40,62433.60,92493.641,1719215999999,5802088771.52540,1063933,44730.910,2806334053.79390,0
1719216000000,62433.60,62955.30,60500.00,60823.20,163408.661,1719244799999,10046027172.58630,1703671,76891.109,4728014558.44060,0
1719244800000,60823.30,61018.60,58218.00,60273.60,190000.882,1719273599999,11377545732.05910,1976400,88428.137,5297390978.80150,0
