open_time,open,high,low,close,volume,close_time,quote_volume,count,taker_buy_volume,taker_buy_quote_volume,ignore
1708300800000,52175.90,52532.90,51933.10,52423.90,55934.030,1708329599999,2923009770.33704,911980,27840.511,1455023636.01291,0
1708329600000,52424.00,52509.10,52051.00,52157.50,67258.898,1708358399999,3516065753.35017,1037856,32776.576,1713553304.01189,0
1708358400000,52157.50,52270.00,51688.80,51813.80,73195.050,1708387199999,3803981844.40883,1034294,36503.113,1897239073.53905,0
