open_time,open,high,low,close,volume,close_time,quote_volume,count,taker_buy_volume,taker_buy_quote_volume,ignore
1678665600000,21986.20,22598.00,21856.00,22451.60,327678.691,1678694399999,7300953983.99728,2277037,169021.794,3766307967.52722,0
1678694400000,22451.50,24517.20,21804.00,24009.00,890118.574,1678723199999,20452040217.01200,5358089,464108.888,10666285672.96898,0
1678723200000,24009.00,24437.90,23777.00,24119.50,317184.911,1678751999999,7647854096.95217,2575147,159577.069,3848251787.96046,0
