open_time,open,high,low,close,volume,close_time,quote_volume,count,taker_buy_volume,taker_buy_quote_volume,ignore
1708819200000,51602.10,51949.80,51465.50,51756.80,37532.550,1708847999999,1940210146.70475,553137,18740.979,968870947.13657,0
1708848000000,51756.90,51828.40,51465.00,51547.80,33957.067,1708876799999,1754432809.20111,490896,16583.140,856891989.54100,0
1708876800000,51547.90,52050.00,51300.40,51764.90,50687.643,1708905599999,2620047533.58078,693279,25884.155,1338202732.03807,0
