open_time,open,high,low,close,volume,close_time,quote_volume,count,taker_buy_volume,taker_buy_quote_volume,ignore
1708473600000,52297.30,52402.30,51510.00,51599.90,54515.784,1708502399999,2832051496.00545,790094,25629.447,1331706003.39932,0
1708502400000,51599.90,51835.60,50528.40,51183.70,156855.244,1708531199999,8027353508.61567,1924334,77295.091,3956507297.38084,0
1708531200000,51183.60,51991.20,50663.00,51877.80,96756.273,1708559999999,4955514133.01800,1225090,48349.887,2477013141.71341,0
