open_time,open,high,low,close,volume,close_time,quote_volume,count,taker_buy_volume,taker_buy_quote_volume,ignore
1689033600000,30396.90,30660.00,30348.70,30528.50,82221.122,1689062399999,2507213227.38841,805545,42271.342,1289213920.40841,0
1689062400000,30528.60,30804.90,30261.40,30585.50,137148.434,1689091199999,4182190575.78536,1283404,68055.270,2075724048.06509,0
1689091200000,30585.50,30684.60,30383.90,30608.40,79535.191,1689119999999,2429778175.91110,820227,39520.466,1207363287.65160,0
