open_time,open,high,low,close,volume,close_time,quote_volume,count,taker_buy_volume,taker_buy_quote_volume,ignore
1716768000000,68524.40,69331.60,68327.30,68661.10,38370.184,1716796799999,2640780451.26760,574318,19159.099,1318652808.66630,0
1716796800000,68661.00,70584.90,68268.70,70421.50,74574.403,1716825599999,5169118291.93910,1000134,39478.541,2737122818.65520,0
1716825600000,70421.40,70750.00,69100.00,69461.60,57346.769,1716854399999,4009617972.48870,814956,28038.752,1960769161.08170,0
