open_time,open,high,low,close,volume,close_time,quote_volume,count,taker_buy_volume,taker_buy_quote_volume,ignore
1660694400000,23843.00,24437.00,23754.00,23774.20,219410.517,1660723199999,5283493576.83107,1531961,111066.527,2674894957.91034,0
1660723200000,23774.20,23908.20,23312.90,23385.70,251931.149,1660751999999,5946610026.94364,1809830,120389.660,2841792699.20880,0
1660752000000,23385.70,23619.70,23170.00,23333.10,169259.237,1660780799999,3956033324.19354,1313297,82661.407,1932383358.53740,0
