open_time,open,high,low,close,volume,close_time,quote_volume,count,taker_buy_volume,taker_buy_quote_volume,ignore
1724630400000,64190.10,64455.80,63541.90,63603.20,44420.678,1724659199999,2839969354.38840,653844,21701.259,1387628936.81330,0
1724659200000,63603.30,64022.20,63032.00,63493.00,88522.823,1724687999999,5626967686.47910,1158912,42872.772,2725956077.76620,0
1724688000000,63493.00,63859.20,62750.20,62807.60,63033.721,1724716799999,3989985890.44900,856775,31218.799,1976226758.81440,0
