open_time,open,high,low,close,volume,close_time,quote_volume,count,taker_buy_volume,taker_buy_quote_volume,ignore
1721865600000,65350.70,65606.30,63800.00,64115.10,115363.501,1721894399999,7425386145.84110,1245383,52873.935,3403574260.23900,0
1721894400000,64115.00,64993.60,63456.70,64773.30,118099.702,1721923199999,7580497622.53080,1319783,58972.572,3786679304.60700,0
1721923200000,64773.30,66144.00,64357.50,65773.00,86222.238,1721951999999,5617123551.82150,1122660,44491.823,2899810345.28850,0
