open_time,open,high,low,close,volume,close_time,quote_volume,count,taker_buy_volume,taker_buy_quote_volume,ignore
1715299200000,63050.00,63365.50,62633.20,63053.90,49158.290,1715327999999,3094667136.32370,743653,24495.610,1542372114.69280,0
1715328000000,63053.80,63446.50,60645.30,60893.80,151627.623,1715356799999,9387630824.92000,1887397,70598.209,4371631519.74550,0
1715356800000,60893.70,61262.70,60117.40,60778.10,106429.047,1715385599999,6455936583.15590,1431864,51254.372,3109423200.81510,0
