open_time,open,high,low,close,volume,close_time,quote_volume,count,taker_buy_volume,taker_buy_quote_volume,ignore
1692316800000,26609.70,26818.00,26150.00,26413.80,154813.143,1692345599999,4101003117.53576,1485760,75873.627,2010259984.08535,0
1692345600000,26413.80,26595.20,25918.20,25993.10,179691.845,1692374399999,4718727520.25150,1621083,85972.100,2257931028.04360,0
1692374400000,25993.10,26300.00,25600.00,26042.10,187870.328,1692403199999,4881608239.62609,1539260,92283.969,2398338295.44798,0
