open_time,open,high,low,close,volume,close_time,quote_volume,count,taker_buy_volume,taker_buy_quote_volume,ignore
1690502400000,29209.80,29299.90,29125.50,29126.90,42493.407,1690531199999,1241236884.73840,437832,20653.527,603319565.26860,0
1690531200000,29126.90,29535.70,29112.80,29379.00,118327.165,1690559999999,3472487625.15312,949816,61568.261,1806652899.52462,0
1690560000000,29379.00,29391.60,29180.60,29299.90,60479.295,1690588799999,1771527334.43188,544563,30018.675,879352051.19710,0
