open_time,open,high,low,close,volume,close_time,quote_volume,count,taker_buy_volume,taker_buy_quote_volume,ignore
1697846400000,29653,29725.80,29443.50,29681,53350.564,1697875199999,1578526518.92004,595535,27784.509,822189374.38800,0
1697875200000,29681.10,29973.90,29614.10,29916.50,81457.694,1697903999999,2427022870.80856,946776,42278.816,1259901047.37426,0
1697904000000,29916.40,30374.60,29827.90,29895.40,123387.698,1697932799999,3708459123.90533,1371610,63087.704,1896607170.59147,0
