open_time,open,high,low,close,volume,close_time,quote_volume,count,taker_buy_volume,taker_buy_quote_volume,ignore
1676505600000,24332.70,24934.10,24287.00,24630.80,234622.983,1676534399999,5783429820.02485,1560816,120518.862,2970851290.50125,0
1676534400000,24630.80,25104.80,24312.00,25090.20,262821.467,1676563199999,6469136960.54738,1683719,134522.722,3312346579.65759,0
1676563200000,25090.20,25290.00,23518.00,23526.60,462018.709,1676591999999,11342424427.21121,2821815,220984.141,5430412346.62038,0
