open_time,open,high,low,close,volume,close_time,quote_volume,count,taker_buy_volume,taker_buy_quote_volume,ignore
1668556800000,16888.30,17007.40,16756.70,16814.00,109659.656,1668585599999,1850437120.25623,737588,56102.703,946864429.90743,0
1668585600000,16814.10,16840.60,16358.00,16424.10,289676.620,1668614399999,4809623079.90958,1788399,140358.385,2330747814.50170,0
1668614400000,16424.40,16770.60,16391.70,16650.60,137905.369,1668643199999,2284236435.26334,952839,69761.637,1155724333.79644,0
