open_time,open,high,low,close,volume,close_time,quote_volume,count,taker_buy_volume,taker_buy_quote_volume,ignore
1725753600000,54134.90,54544.80,53937.00,54411.50,30368.027,1725782399999,1649434920.48771,422281,15148.972,822912189.44437,0
1725782400000,54411.50,54700.00,53610.00,53663.60,57136.660,1725811199999,3097493465.57868,707985,26093.871,1414835460.62216,0
1725811200000,53663.40,55300.00,53596.50,54839.60,74573.849,1725839999999,4066256592.39944,929960,38851.204,2118091621.10945,0
