open_time,open,high,low,close,volume,close_time,quote_volume,count,taker_buy_volume,taker_buy_quote_volume,ignore
1725321600000,59112.20,59790.00,58838.10,59078.00,55182.116,1725350399999,3268378066.53780,723245,27210.806,1611887586.45420,0
1725350400000,59078.00,59332.90,57530.10,57695.10,109113.466,1725379199999,6365900062.03170,1320155,52876.482,3084670678.78040,0
1725379200000,57695.10,58250.00,57320.00,57451.90,65900.915,1725407999999,3812954547.18240,859676,32448.701,1877577288.92400,0
