open_time,open,high,low,close,volume,close_time,quote_volume,count,taker_buy_volume,taker_buy_quote_volume,ignore
1707609600000,47732.60,48600.00,47539.40,48169.60,85971.763,1707638399999,4139252873.89918,1068680,43871.435,2112339790.51375,0
1707638400000,48169.50,48469.30,47912.10,48140.80,67093.287,1707667199999,3232054164.18992,876405,32357.441,1558890155.41524,0
1707667200000,48140.70,48401.10,47938.00,48303.40,56886.576,1707695999999,2740391878.30072,734968,28939.440,1394198490.73306,0
