open_time,open,high,low,close,volume,close_time,quote_volume,count,taker_buy_volume,taker_buy_quote_volume,ignore
1661731200000,19547.50,19945.00,19539.40,19885.30,168558.749,1661759999999,3329255584.00360,1259526,87377.450,1725901994.51840,0
1661760000000,19885.30,20365.60,19754.10,20249.10,269945.054,1661788799999,5412695032.41359,1721967,141448.325,2836175557.87509,0
1661788800000,20249.10,20440.00,20069.30,20275.50,159572.866,1661817599999,3227539161.94387,1188114,82469.724,1668243314.72120,0
