open_time,open,high,low,close,volume,close_time,quote_volume,count,taker_buy_volume,taker_buy_quote_volume,ignore
1698969600000,34940.10,34944.90,34300.10,34470,85874.534,1698998399999,2965516441.56081,963103,41102.779,1419386122.80823,0
1698998400000,34469.90,34850,34123,34759.50,139951.491,1699027199999,4820482543.69382,1487185,70493.394,2427978054.19710,0
1699027200000,34759.50,34825,34304.10,34700.40,80222.174,1699055999999,2771776686.56764,828509,37605.726,1299516151.30283,0
