open_time,open,high,low,close,volume,close_time,quote_volume,count,taker_buy_volume,taker_buy_quote_volume,ignore
1706400000000,42102.20,42836.00,41908.20,42369.90,80787.083,1706428799999,3424526553.52662,955232,41045.844,1740219694.24978,0
1706428800000,42370.00,42688.00,42130.00,42244.50,61271.966,1706457599999,2599092964.69027,822262,30074.220,1275907543.02942,0
1706457600000,42244.50,42340.00,41600.00,42021.20,63677.404,1706486399999,2671035313.95283,846475,31612.465,1326167945.00012,0
