open_time,open,high,low,close,volume,close_time,quote_volume,count,taker_buy_volume,taker_buy_quote_volume,ignore
1673913600000,21188.20,21308.90,20827.80,21134.70,122062.831,1673942399999,2575962539.71949,787817,60791.222,1283189742.48130,0
1673942400000,21134.80,21640.00,21024.30,21175.60,282830.525,1673971199999,6011125798.23316,1523920,143718.171,3055692440.78398,0
1673971200000,21175.70,21426.00,21080.30,21130.90,142497.237,1673999999999,3028524814.81976,904759,70963.975,1508454517.20936,0
