open_time,open,high,low,close,volume,close_time,quote_volume,count,taker_buy_volume,taker_buy_quote_volume,ignore
1669161600000,16220.50,16659.10,16155.50,16572.90,188167.927,1669190399999,3093181169.49034,1137072,98750.613,1623558607.44394,0
1669190400000,16572.90,16694.00,16338.00,16415.90,180403.275,1669219199999,2977582880.26290,1112678,89592.721,1478905111.02800,0
1669219200000,16415.90,16703.40,16313.10,16595.80,178143.708,1669247999999,2939296429.62260,1069822,91810.844,1515121335.84520,0
