open_time,open,high,low,close,volume,close_time,quote_volume,count,taker_buy_volume,taker_buy_quote_volume,ignore
1727827200000,60776.70,61926.70,60703.30,61702.50,64609.737,1727855999999,3970594567.80420,868032,34375.352,2112208431.49210,0
1727856000000,61702.50,61902.60,60495.00,61833.90,133908.164,1727884799999,8199912493.96780,1703717,68410.957,4189452173.84950,0
1727884800000,61833.90,62355.00,59934.90,60622.60,128483.904,1727913599999,7828898145.97520,1831271,62526.657,3810736856.24610,0
