open_time,open,high,low,close,volume,close_time,quote_volume,count,taker_buy_volume,taker_buy_quote_volume,ignore
1666915200000,20285.60,20326.90,20050.10,20069.90,144547.005,1666943999999,2921901707.51977,805326,67386.689,1362539820.22620,0
1666944000000,20069.90,20585.00,19951.00,20473.20,297337.908,1666972799999,6038075505.04312,1710232,151270.960,3072561740.63357,0
1666972800000,20473.20,20740.00,20438.80,20582.80,153653.969,1667001599999,3169787972.70345,948871,79334.250,1636609202.33465,0
