open_time,open,high,low,close,volume,close_time,quote_volume,count,taker_buy_volume,taker_buy_quote_volume,ignore
1686528000000,25910.00,26025.10,25600.00,25793.30,97456.780,1686556799999,2515966051.02093,1077683,47579.802,1228514804.63698,0
1686556800000,25793.20,26097.70,25722.00,25809.30,115848.409,1686585599999,3000538628.12854,1277521,58951.568,1526960161.28126,0
1686585600000,25809.30,25962.50,25640.00,25894.80,85595.279,1686614399999,2211187279.55104,972851,42757.253,1104680209.89868,0
