open_time,open,high,low,close,volume,close_time,quote_volume,count,taker_buy_volume,taker_buy_quote_volume,ignore
1667347200000,20472.10,20550.00,20343.40,20414.20,85248.557,1667375999999,1744309203.39780,485556,41747.169,854236303.85930,0
1667376000000,20414.20,20529.90,20323.00,20400.20,105704.544,1667404799999,2157970562.90470,684433,52339.402,1068611508.72030,0
1667404800000,20400.20,20796.00,20050.00,20140.10,460582.660,1667433599999,9409813345.17769,2369737,230118.632,4703053330.13333,0
