open_time,open,high,low,close,volume,close_time,quote_volume,count,taker_buy_volume,taker_buy_quote_volume,ignore
1666224000000,19116.60,19199.60,18882.40,19138.00,153932.929,1666252799999,2934420774.24837,893066,75261.523,1434780885.46910,0
1666252800000,19138.00,19350.00,19098.00,19244.30,186089.594,1666281599999,3575102470.61583,989648,92342.892,1774109400.26853,0
1666281600000,19244.20,19244.30,18912.40,19034.70,197604.525,1666310399999,3767541218.71058,995145,94215.276,1796283702.50820,0
