open_time,open,high,low,close,volume,close_time,quote_volume,count,taker_buy_volume,taker_buy_quote_volume,ignore
1697068800000,26864.50,26939,26722.40,26799.40,53202.798,1697097599999,1427373473.52570,574199,26009.052,697815863.90240,0
1697097600000,26799.30,26856.50,26606.20,26665.40,93528.474,1697126399999,2500970982.66430,969743,45941.474,1228592987.55430,0
1697126400000,26665.40,26800,26534.80,26744,73547.768,1697155199999,1961531068.01162,762355,36330.486,969061217.31242,0
