open_time,open,high,low,close,volume,close_time,quote_volume,count,taker_buy_volume,taker_buy_quote_volume,ignore
1693008000000,26051.70,26129.40,26018.10,26039.70,21998.803,1693036799999,573277721.79950,244489,11154.540,290715740.56270,0
1693036800000,26039.80,26070.00,25969.00,26040.20,25697.415,1693065599999,668691099.33080,234957,12907.462,335889457.90800,0
1693065600000,26040.20,26048.50,25975.50,26004.30,16229.644,1693094399999,422183014.76810,207028,7527.484,195816822.09720,0
