open_time,open,high,low,close,volume,close_time,quote_volume,count,taker_buy_volume,taker_buy_quote_volume,ignore
1706832000000,43072.60,43430.00,42926.40,43076.00,47152.298,1706860799999,2034348072.54526,647776,23734.370,1024101735.45814,0
1706860800000,43076.00,43250.00,42512.70,43222.90,92201.727,1706889599999,3957672321.67572,1143019,45824.137,1967426489.83563,0
1706889600000,43222.90,43480.00,42756.10,43182.00,66413.549,1706918399999,2862876475.91738,818899,33299.295,1435568163.40767,0
