open_time,open,high,low,close,volume,close_time,quote_volume,count,taker_buy_volume,taker_buy_quote_volume,ignore
1648944000000,45792.30,46586.10,45501.00,46363.70,57175.834,1648972799999,2631675264.14414,516132,29005.239,1335332131.18216,0
1648972800000,46363.70,46715.00,46068.50,46397.90,59063.072,1649001599999,2739200405.18909,619599,28498.824,1321785121.64150,0
1649001600000,46398.00,47448.00,46192.20,46392.40,96350.107,1649030399999,4498172512.33348,872042,48385.646,2259609164.85938,0
