open_time,open,high,low,close,volume,close_time,quote_volume,count,taker_buy_volume,taker_buy_quote_volume,ignore
1670112000000,16879.50,17075.90,16874.10,16987.90,75430.204,1670140799999,1281429231.84590,440786,40719.260,691760891.38320,0
1670140800000,16987.90,17061.60,16892.00,17022.20,93891.931,1670169599999,1594516513.80520,491154,48618.729,825846595.17260,0
1670169600000,17022.20,17206.20,16965.10,17099.50,122768.733,1670198399999,2096762423.71470,686923,64017.391,1093592394.96530,0
