open_time,open,high,low,close,volume,close_time,quote_volume,count,taker_buy_volume,taker_buy_quote_volume,ignore
1685318400000,28055.80,28442.00,27822.70,27895.00,164294.916,1685347199999,4616536854.73856,1290197,80953.915,2275158977.25053,0
1685347200000,27895.00,27966.70,27570.60,27622.10,130202.873,1685375999999,3619427311.76362,1073677,62956.313,1750351891.78078,0
1685376000000,27622.00,27803.50,27513.50,27722.00,116792.760,1685404799999,3228565769.06900,984089,59589.514,1647527431.75152,0
