open_time,open,high,low,close,volume,close_time,quote_volume,count,taker_buy_volume,taker_buy_quote_volume,ignore
1722297600000,66750.10,66966.60,65820.00,66914.00,77741.675,1722326399999,5164432054.31220,919784,38640.277,2567618163.89860,0
1722326400000,66914.00,66956.60,65500.00,66198.00,89476.432,1722355199999,5933210495.86650,1003602,43112.490,2859051299.60590,0
1722355200000,66198.00,66526.10,65254.50,66159.30,79332.937,1722383999999,5228501109.25420,927090,37849.766,2494838706.41110,0
