open_time,open,high,low,close,volume,close_time,quote_volume,count,taker_buy_volume,taker_buy_quote_volume,ignore
1699142400000,35069.70,35350,34933.30,35175.40,58658.761,1699171199999,2060807462.52689,663768,29779.311,1046271584.40070,0
1699171200000,35175.50,35210.40,34758,34893.90,65092.507,1699199999999,2278668675.13712,744883,30724.092,1075744368.86672,0
1699200000000,34893.90,35455.20,34356,35025.50,107612.071,1699228799999,3765038714.99170,1074584,53703.197,1879818216.05151,0
