open_time,open,high,low,close,volume,close_time,quote_volume,count,taker_buy_volume,taker_buy_quote_volume,ignore
1681776000000,29420.10,29790.00,29078.10,29756.80,125537.899,1681804799999,3698973154.92113,1046068,62476.545,1841534533.28464,0
1681804800000,29756.80,30480.00,29678.20,30170.20,264160.768,1681833599999,7967515234.61102,1980166,134708.146,4062940299.21910,0
1681833600000,30170.10,30450.00,29927.60,30365.80,143490.603,1681862399999,4334107397.22121,1247816,71434.183,2158016909.93767,0
