open_time,open,high,low,close,volume,close_time,quote_volume,count,taker_buy_volume,taker_buy_quote_volume,ignore
1700006400000,35559.10,35685,35388,35597.40,43307.841,1700035199999,1539096302.62073,504449,21358.416,759076222.52963,0
1700035200000,35597.80,36430,35593,36412.10,120217.185,1700063999999,4338330549.17617,1193825,61824.518,2230791558.91347,0
1700064000000,36412.20,38000,36256,37885.60,260293.544,1700092799999,9703768575.24977,2419185,134996.102,5032710011.46016,0
