open_time,open,high,low,close,volume,close_time,quote_volume,count,taker_buy_volume,taker_buy_quote_volume,ignore
1682553600000,28396.00,29480.00,28365.30,28880.00,344282.226,1682582399999,9976420403.29302,2732937,171898.303,4981405561.04787,0
1682582400000,28880.10,29600.00,28650.00,29136.70,304900.893,1682611199999,8848198103.06221,2744509,154742.175,4491610159.21511,0
1682611200000,29136.60,29898.00,29001.00,29459.00,303401.620,1682639999999,8958154390.20933,2862411,155660.336,4596902239.57188,0
