open_time,open,high,low,close,volume,close_time,quote_volume,count,taker_buy_volume,taker_buy_quote_volume,ignore
1699401600000,35406.50,35436.10,35172.70,35239.60,46984.019,1699430399999,1659109451.30152,521541,23108.624,816090106.06147,0
1699430400000,35239.50,35485,35073,35231.30,75481.318,1699459199999,2665894365.07859,750282,35701.705,1261147826.55794,0
1699459200000,35231.40,36150,35194.30,35626.70,212314.112,1699487999999,7574389788.51818,1826658,109048.400,3890880420.20286,0
