open_time,open,high,low,close,volume,close_time,quote_volume,count,taker_buy_volume,taker_buy_quote_volume,ignore
1717372800000,67805.90,69255.00,67642.60,68949.90,67380.032,1717401599999,4626795524.40670,890214,35548.409,2441275430.02780,0
1717401600000,68950.00,70372.90,68554.70,69650.00,113691.945,1717430399999,7891997617.84350,1378533,58167.867,4038182445.68780,0
1717430400000,69650.00,69752.00,68764.00,68851.40,46604.953,1717459199999,3225741928.04320,665370,23078.428,1597371158.19650,0
