open_time,open,high,low,close,volume,close_time,quote_volume,count,taker_buy_volume,taker_buy_quote_volume,ignore
1662508800000,18781.40,18861.90,18500.00,18791.50,169283.157,1662537599999,3169571268.77591,1052718,82387.473,1542964989.51000,0
1662537600000,18791.40,18960.00,18663.60,18863.30,166299.876,1662566399999,3129590080.46686,1004262,83771.081,1576547288.10466,0
1662566400000,18863.30,19455.00,18844.80,19287.00,260053.660,1662595199999,4984352294.69088,1422745,137340.273,2632326967.31748,0
