open_time,open,high,low,close,volume,close_time,quote_volume,count,taker_buy_volume,taker_buy_quote_volume,ignore
1725235200000,57268.10,57966.90,57093.00,57523.20,62906.492,1725263999999,3617859543.14160,875713,31837.239,1831177660.49690,0
1725264000000,57523.30,58783.00,57487.70,58508.00,86624.924,1725292799999,5051813650.34270,1154905,44998.551,2624241906.45620,0
1725292800000,58508.00,59412.30,58267.40,59112.10,51686.968,1725321599999,3042937635.95270,760877,28349.717,1669070621.38750,0
