open_time,open,high,low,close,volume,close_time,quote_volume,count,taker_buy_volume,taker_buy_quote_volume,ignore
1704240000000,44979.70,45463.50,44895.80,45030.40,54297.288,1704268799999,2455244365.36923,676228,26875.610,1215444915.45264,0
1704268800000,45030.50,45582.30,40333.00,43014.00,387480.268,1704297599999,16668518455.62615,3287532,184438.094,7932630108.61768,0
1704297600000,43014.00,43595.90,41920.00,42849.50,154077.669,1704326399999,6602389828.44116,1520934,74424.391,3190049563.21787,0
