open_time,open,high,low,close,volume,close_time,quote_volume,count,taker_buy_volume,taker_buy_quote_volume,ignore
1717286400000,67799.20,67951.70,67661.90,67743.00,12186.676,1717315199999,826448180.26070,235469,5750.610,390012785.22640,0
1717315200000,67743.00,68545.90,67410.00,68189.80,53395.339,1717343999999,3632634586.50600,723349,28759.901,1956639485.92920,0
1717344000000,68189.80,68252.00,67296.30,67805.90,36612.703,1717372799999,2481340419.09320,536470,17071.425,1157040115.26460,0
