open_time,open,high,low,close,volume,close_time,quote_volume,count,taker_buy_volume,taker_buy_quote_volume,ignore
1705363200000,42515.00,42945.00,42466.10,42788.10,42118.632,1705391999999,1799901419.92031,616376,20925.425,894113341.28919,0
1705392000000,42788.50,43333.00,42050.00,43251.70,153865.903,1705420799999,6584906132.77843,1706356,76838.443,3288762354.86259,0
1705420800000,43251.00,43589.00,42825.50,43133.00,91222.698,1705449599999,3941811877.53606,1269181,44732.967,1933287168.79071,0
