open_time,open,high,low,close,volume,close_time,quote_volume,count,taker_buy_volume,taker_buy_quote_volume,ignore
1715990400000,66980.00,67233.60,66696.10,66854.10,30831.232,1716019199999,2062790262.07020,540169,15290.424,1023198352.26630,0
1716019200000,66854.10,67340.50,66503.20,66781.40,47396.603,1716047999999,3173541474.80190,799139,22315.197,1494417708.98350,0
1716048000000,66781.30,67035.10,66682.60,66884.90,18703.713,1716076799999,1250623121.18440,380829,9696.262,648424418.56810,0
