open_time,open,high,low,close,volume,close_time,quote_volume,count,taker_buy_volume,taker_buy_quote_volume,ignore
1683331200000,29491.50,29840.00,29225.30,29350.20,119716.746,1683359999999,3530417629.24331,1206554,59920.245,1767665365.67594,0
1683360000000,29350.20,29359.20,28333.00,28557.90,239727.826,1683388799999,6924512275.22821,2075936,111786.638,3229592304.62698,0
1683388800000,28557.90,28963.90,28519.40,28837.80,116184.329,1683417599999,3343967487.36729,1251520,58657.445,1688219257.96299,0
