open_time,open,high,low,close,volume,close_time,quote_volume,count,taker_buy_volume,taker_buy_quote_volume,ignore
1693699200000,25855.80,25943.60,25810.80,25941.40,21425.740,1693727999999,554454195.07160,288512,10812.999,279855224.17730,0
1693728000000,25941.50,26115.00,25802.80,25858.20,54401.092,1693756799999,1410188090.37476,576393,26440.788,685592565.41558,0
1693756800000,25858.20,26135.20,25777.00,25962.10,57190.000,1693785599999,1484164755.45666,665518,29633.320,769189901.37816,0
