open_time,open,high,low,close,volume,close_time,quote_volume,count,taker_buy_volume,taker_buy_quote_volume,ignore
1677801600000,23457.10,23468.50,21883.20,22347.80,324167.284,1677830399999,7281938603.11717,2011238,146051.833,3278771514.44444,0
1677830400000,22347.80,22495.20,22120.10,22323.90,160377.995,1677859199999,3583866877.58398,1036692,77287.466,1727461094.27178,0
1677859200000,22324.00,22437.90,22126.00,22342.80,123972.858,1677887999999,2765404690.86880,818986,60123.270,1341184451.85070,0
