open_time,open,high,low,close,volume,close_time,quote_volume,count,taker_buy_volume,taker_buy_quote_volume,ignore
1688860800000,30269.20,30397.00,30218.20,30250.00,42509.251,1688889599999,1287782103.43456,480387,20559.543,622830325.94716,0
1688889600000,30250.00,30443.40,30163.60,30336.80,66197.630,1688918399999,2005326668.96864,660688,33262.562,1007710551.22318,0
1688918400000,30336.90,30336.90,30042.00,30147.80,53589.382,1688947199999,1617576436.83422,582950,25130.779,758612077.10640,0
