open_time,open,high,low,close,volume,close_time,quote_volume,count,taker_buy_volume,taker_buy_quote_volume,ignore
1722729600000,60684.50,61089.50,60228.00,60346.00,41288.768,1722758399999,2505067472.70800,544891,20664.810,1253989254.90910,0
1722758400000,60344.60,61064.60,58926.10,59070.00,106865.366,1722787199999,6412873085.12910,1113397,50285.149,3019618631.83280,0
1722787200000,59069.90,59569.20,57040.00,58144.50,191358.281,1722815999999,11197548974.21932,1942939,92111.081,5392670841.54670,0
