open_time,open,high,low,close,volume,close_time,quote_volume,count,taker_buy_volume,taker_buy_quote_volume,ignore
1664841600000,19621.90,19969.50,19480.10,19957.00,193146.287,1664870399999,3808969819.16325,1150775,102252.428,2016817544.79345,0
1664870400000,19957.00,20300.00,19805.40,20092.20,352424.007,1664899199999,7056480073.94794,2031232,184459.210,3694217624.12339,0
1664899200000,20092.20,20500.00,19871.00,20333.00,251108.468,1664927999999,5066110939.29319,1533318,129941.217,2622372935.65809,0
