open_time,open,high,low,close,volume,close_time,quote_volume,count,taker_buy_volume,taker_buy_quote_volume,ignore
1681344000000,29874.90,30270.00,29836.70,30054.10,81298.268,1681372799999,2442355130.93116,724907,40580.253,1219229669.68946,0
1681372800000,30054.00,30648.90,30025.70,30422.50,239374.281,1681401599999,7249093124.87316,1873992,124455.767,3769627919.66728,0
1681401600000,30422.60,30539.70,30185.00,30362.70,115509.945,1681430399999,3505103927.72327,1116887,56074.283,1701821231.14321,0
