open_time,open,high,low,close,volume,close_time,quote_volume,count,taker_buy_volume,taker_buy_quote_volume,ignore
1703808000000,42600.10,42839.10,42123.10,42314.50,87127.035,1703836799999,3703153615.12940,892656,41845.084,1778982247.47439,0
1703836800000,42314.50,43171.90,42160.00,42301.60,108713.759,1703865599999,4643787667.21028,1025255,53691.963,2293847411.39390,0
1703865600000,42301.60,42389.00,41283.20,42095.10,141581.071,1703894399999,5943160160.41744,1382250,66975.863,2812357593.49460,0
