open_time,open,high,low,close,volume,close_time,quote_volume,count,taker_buy_volume,taker_buy_quote_volume,ignore
1682208000000,27807.20,27807.30,27390.30,27704.60,99270.618,1682236799999,2738148068.13998,885957,47894.767,1321119713.40710,0
1682236800000,27704.70,27760.00,27279.70,27460.20,120422.179,1682265599999,3318867648.07636,1105710,58004.514,1598838153.35952,0
1682265600000,27460.20,27679.60,27307.00,27576.00,112389.558,1682294399999,3091039178.47502,1106374,56485.336,1553600182.70936,0
