open_time,open,high,low,close,volume,close_time,quote_volume,count,taker_buy_volume,taker_buy_quote_volume,ignore
1661126400000,21505.60,21520.50,21038.60,21089.10,130171.643,1661155199999,2779317487.58810,1080819,62071.161,1325618349.29870,0
1661155200000,21089.20,21439.20,20858.60,21388.00,285738.473,1661183999999,6051759592.35353,1947298,148419.442,3144052321.39574,0
1661184000000,21388.00,21550.00,20950.00,21387.00,172854.481,1661212799999,3661279225.49342,1364080,86206.792,1826802693.80014,0
