open_time,open,high,low,close,volume,close_time,quote_volume,count,taker_buy_volume,taker_buy_quote_volume,ignore
1674691200000,23060.60,23278.70,22885.70,22961.30,111726.688,1674719999999,2582474625.89328,765477,53832.124,1244414518.13788,0
1674720000000,22961.30,23241.90,22843.80,22947.30,209597.573,1674748799999,4827994974.10575,1259779,103472.311,2383699509.13938,0
1674748800000,22947.20,23161.00,22850.00,23001.90,106436.525,1674777599999,2449796468.50300,743022,53487.093,1231227195.76400,0
