open_time,open,high,low,close,volume,close_time,quote_volume,count,taker_buy_volume,taker_buy_quote_volume,ignore
1702857600000,41396.60,41487.50,40810.60,41159.90,89879.169,1702886399999,3698486597.81563,1034102,43876.554,1805590746.95257,0
1702886400000,41160.00,41780.00,40553.80,41288.00,162391.566,1702915199999,6683450890.00142,1665769,81445.886,3352914428.63999,0
1702915200000,41288.00,42795.30,41170.00,42671.70,123114.940,1702943999999,5180488730.40927,1306047,63571.163,2675458049.22954,0
