open_time,open,high,low,close,volume,close_time,quote_volume,count,taker_buy_volume,taker_buy_quote_volume,ignore
1702598400000,43032.30,43098,42410.50,42724.80,63008.610,1702627199999,2695454649.17454,755285,29728.385,1271816619.69248,0
1702627200000,42724.80,43054,41668,41930.30,117125.663,1702655999999,4965981384.68615,1263191,57446.687,2436009854.12764,0
1702656000000,41930.40,42280,41715,41968,77042.740,1702684799999,3238555287.54432,872739,38485.774,1617880539.39389,0
