open_time,open,high,low,close,volume,close_time,quote_volume,count,taker_buy_volume,taker_buy_quote_volume,ignore
1690848000000,29220.80,29337.30,28684.70,28921.20,127271.547,1690876799999,3684145006.77304,973989,59714.075,1728589931.15088,0
1690876800000,28921.20,28986.50,28550.00,28942.90,119240.998,1690905599999,3438154340.39356,943882,58137.166,1676803064.72280,0
1690905600000,28943.00,29735.00,28850.20,29701.20,195816.098,1690934399999,5728950699.68479,1421395,104031.263,3044654851.31239,0
