open_time,open,high,low,close,volume,close_time,quote_volume,count,taker_buy_volume,taker_buy_quote_volume,ignore
1705104000000,42789.00,43265.10,42445.70,43102.10,72891.556,1705132799999,3123605366.31465,1209254,36281.067,1554726086.55261,0
1705132800000,43102.10,43273.40,42509.80,43159.70,87613.364,1705161599999,3753120334.38838,1313234,43393.071,1858750258.70671,0
1705161600000,43159.90,43193.90,42703.20,42846.40,47232.406,1705190399999,2026562465.62833,761820,22664.117,972380465.61506,0
