open_time,open,high,low,close,volume,close_time,quote_volume,count,taker_buy_volume,taker_buy_quote_volume,ignore
1700611200000,35737,36560,35610.70,36430.70,82891.616,1700639999999,3000359478.35378,863797,41797.615,1512794233.86694,0
1700640000000,36430.70,36779,36240,36480.50,92847.291,1700668799999,3391190687.24755,1014034,46651.635,1704094435.18316,0
1700668800000,36480.60,37880,36371.20,37413.40,162450.711,1700697599999,6052109159.89144,1553897,85471.746,3184072349.21039,0
