open_time,open,high,low,close,volume,close_time,quote_volume,count,taker_buy_volume,taker_buy_quote_volume,ignore
1699833600000,37085.60,37464.80,36760,36982.50,78078.864,1699862399999,2894406761.38140,879677,38113.928,1413197470.25856,0
1699862400000,36982.50,37065.90,36546.50,36871.70,88327.931,1699891199999,3253648574.58816,933389,43297.119,1595183309.86203,0
1699891200000,36871.70,37074.30,36350,36486.20,90668.853,1699919999999,3325818684.97847,978163,43522.650,1596990674.26445,0
