open_time,open,high,low,close,volume,close_time,quote_volume,count,taker_buy_volume,taker_buy_quote_volume,ignore
1724025600000,58390.10,58736.60,58173.20,58475.50,53783.343,1724054399999,3144711790.50720,767387,27064.598,1582671307.99820,0
1724054400000,58475.50,58945.40,57750.00,58505.00,97308.427,1724083199999,5676798524.85600,1177496,47479.786,2770581202.61570,0
1724083200000,58504.50,59585.40,58332.00,59398.50,62951.369,1724111999999,3713515466.10510,940455,32187.300,1898960263.83430,0
