open_time,open,high,low,close,volume,close_time,quote_volume,count,taker_buy_volume,taker_buy_quote_volume,ignore
1683504000000,28419.50,28624.60,27800.00,27957.80,225191.503,1683532799999,6352778289.68929,1916249,105141.679,2967322794.05600,0
1683532800000,27957.70,28074.90,27550.00,27874.10,219101.789,1683561599999,6101015158.49987,2129000,108053.696,3009419799.88314,0
1683561600000,27874.20,27918.00,27250.00,27659.80,213895.485,1683590399999,5885684588.54631,2163478,104284.095,2869744901.88456,0
