open_time,open,high,low,close,volume,close_time,quote_volume,count,taker_buy_volume,taker_buy_quote_volume,ignore
1727308800000,63118.30,63843.10,62634.40,63823.40,59487.906,1727337599999,3764956359.65960,714646,29128.608,1843975287.37620,0
1727337600000,63823.40,65549.50,63567.00,65200.00,177494.024,1727366399999,11468107761.87320,1800045,91949.224,5942274852.17230,0
1727366400000,65200.00,65800.00,64601.60,65139.20,84204.426,1727395199999,5485928064.14520,1086605,43036.675,2804161380.98960,0
