open_time,open,high,low,close,volume,close_time,quote_volume,count,taker_buy_volume,taker_buy_quote_volume,ignore
1716940800000,68440.40,68983.00,67975.50,67993.60,40300.837,1716969599999,2764321412.53240,614952,19311.985,1324925070.40340,0
1716969600000,67993.70,68330.60,67321.70,67421.00,76835.101,1716998399999,5211740996.07870,1123353,37884.513,2570284396.12520,0
1716998400000,67421.00,67882.20,67129.00,67686.70,41100.661,1717027199999,2774619215.79600,669746,20673.092,1395821552.65480,0
