open_time,open,high,low,close,volume,close_time,quote_volume,count,taker_buy_volume,taker_buy_quote_volume,ignore
1708905600000,51764.90,51846.10,51320.00,51327.50,30899.081,1708934399999,1592931458.67140,474105,14904.827,768486693.93718,0
1708934400000,51327.50,52885.50,50922.50,52872.30,138630.774,1708963199999,7183208611.19054,1602310,72150.324,3740007249.99452,0
1708963200000,52872.20,54991.80,52777.20,54511.60,223936.376,1708991999999,12083381782.13857,2483283,117502.692,6340447166.74785,0
