open_time,open,high,low,close,volume,close_time,quote_volume,count,taker_buy_volume,taker_buy_quote_volume,ignore
1672531200000,16537.50,16557.10,16488.00,16519.60,32204.874,1672559999999,532128733.31910,180227,15476.518,255737000.24460,0
1672560000000,16519.50,16565.90,16496.80,16553.10,30660.160,1672588799999,507002552.94060,182149,14873.158,245952704.66110,0
1672588800000,16553.00,16618.80,16552.60,16610.30,42637.931,1672617599999,707318563.47950,231923,22267.833,369393001.91820,0
