open_time,open,high,low,close,volume,close_time,quote_volume,count,taker_buy_volume,taker_buy_quote_volume,ignore
1689552000000,30216.90,30329.70,30161.00,30265.30,35948.848,1689580799999,1087677811.56460,412266,17749.582,537036081.40470,0
1689580800000,30265.20,30309.40,29910.00,30163.40,134220.640,1689609599999,4047581255.47355,1147581,64353.311,1940936177.34971,0
1689609600000,30163.40,30282.90,29630.00,30126.10,173943.939,1689638399999,5213290442.44508,1494822,83922.216,2515839341.55496,0
