open_time,open,high,low,close,volume,close_time,quote_volume,count,taker_buy_volume,taker_buy_quote_volume,ignore
1730332800000,72349.00,72598.50,72030.50,72417.80,32387.820,1730361599999,2342156866.23070,553443,15702.579,1135592696.64970,0
1730361600000,72417.80,72720.30,70453.10,70638.70,134490.560,1730390399999,9610703228.16310,1672917,63991.766,4573048752.81880,0
1730390400000,70638.60,70922.40,69705.00,70321.90,89606.948,1730419199999,6308000101.54000,1352098,43038.155,3030449947.37370,0
