open_time,open,high,low,close,volume,close_time,quote_volume,count,taker_buy_volume,taker_buy_quote_volume,ignore
1675555200000,23322.60,23436.00,23211.00,23377.00,54444.238,1675583999999,1270169497.07210,422510,27391.171,639096472.32090,0
1675584000000,23377.00,23418.70,23000.00,23094.20,123618.795,1675612799999,2867562396.82764,809885,55617.167,1290339533.65060,0
1675612800000,23094.20,23155.50,22741.00,22929.20,178602.001,1675641599999,4097379019.22068,1181497,85469.990,1961087794.92840,0
