open_time,open,high,low,close,volume,close_time,quote_volume,count,taker_buy_volume,taker_buy_quote_volume,ignore
1664150400000,18799.70,18939.70,18671.00,18902.30,179913.622,1664179199999,3385783466.47788,1148732,90251.149,1698685183.80038,0
1664179200000,18902.30,19311.50,18795.70,19103.90,426669.805,1664207999999,8143099613.57294,2397661,219027.706,4181029834.23106,0
1664208000000,19103.80,19255.00,18958.60,19216.30,171224.091,1664236799999,3274347683.41720,1114199,87241.450,1668482838.46250,0
