open_time,open,high,low,close,volume,close_time,quote_volume,count,taker_buy_volume,taker_buy_quote_volume,ignore
1665187200000,19520.90,19619.60,19416.30,19489.80,72772.434,1665215999999,1420031138.59110,520986,36677.328,715748313.96520,0
1665216000000,19489.80,19539.30,19411.00,19480.00,70947.634,1665244799999,1382331524.12690,499286,34854.407,679134173.19320,0
1665244800000,19479.90,19522.80,19200.00,19406.20,109537.133,1665273599999,2123358293.35023,728779,52222.504,1012536065.15060,0
