open_time,open,high,low,close,volume,close_time,quote_volume,count,taker_buy_volume,taker_buy_quote_volume,ignore
1723161600000,61659.80,61726.00,60555.00,60844.00,78241.221,1723190399999,4782951579.56990,1031401,38195.618,2335565037.68390,0
1723190400000,60844.10,61184.90,59500.00,59786.40,140094.226,1723219199999,8458159836.19110,1761765,67944.908,4102953342.61270,0
1723219200000,59786.40,60961.50,59705.90,60808.60,90338.892,1723247999999,5453812439.95110,1169956,47867.931,2889785229.71560,0
