open_time,open,high,low,close,volume,close_time,quote_volume,count,taker_buy_volume,taker_buy_quote_volume,ignore
1665446400000,19124.10,19125.70,18935.70,19075.10,169367.682,1665475199999,3223398164.48360,925612,85672.548,1630655271.09950,0
1665475200000,19075.10,19260.00,18850.00,19137.60,293162.593,1665503999999,5592786583.98858,1566399,147254.132,2809705370.24880,0
1665504000000,19137.60,19175.70,18910.30,19055.00,140828.049,1665532799999,2682348292.52430,849525,68607.528,1306828398.93880,0
