open_time,open,high,low,close,volume,close_time,quote_volume,count,taker_buy_volume,taker_buy_quote_volume,ignore
1665360000000,19430.00,19513.00,19361.00,19401.30,85574.375,1665388799999,1663258461.75210,576142,42275.919,821676726.76380,0
1665388800000,19401.30,19430.00,19113.70,19261.70,274526.258,1665417599999,5294796755.93193,1562317,133649.485,2577903060.03880,0
1665417600000,19261.70,19355.50,19000.00,19124.00,200820.271,1665446399999,3854228435.20499,1162498,95687.722,1836819214.76600,0
