open_time,open,high,low,close,volume,close_time,quote_volume,count,taker_buy_volume,taker_buy_quote_volume,ignore
1683158400000,29018.40,29228.10,28938.50,29048.60,99169.153,1683187199999,2883842186.12620,1268881,50878.066,1479666519.40590,0
1683187200000,29048.70,29380.00,28660.00,28850.00,224024.473,1683215999999,6492514684.44085,2229794,108882.327,3156380668.02633,0
1683216000000,28850.00,28966.00,28660.00,28826.00,103231.958,1683244799999,2975196565.07350,1244244,50866.244,1466116063.67660,0
