open_time,open,high,low,close,volume,close_time,quote_volume,count,taker_buy_volume,taker_buy_quote_volume,ignore
1668816000000,16689.70,16696.80,16543.80,16592.20,53802.826,1668844799999,893784975.11950,398519,26427.950,439040357.52920,0
1668844800000,16592.20,16677.70,16574.10,16648.50,48520.641,1668873599999,807329566.25650,331054,23851.079,396850758.16510,0
1668873600000,16648.50,16814.50,16600.10,16692.90,69499.448,1668902399999,1160219000.12020,412098,35835.146,598154782.92060,0
