open_time,open,high,low,close,volume,close_time,quote_volume,count,taker_buy_volume,taker_buy_quote_volume,ignore
1680566400000,27786.10,28141.60,27650.20,28013.20,115247.957,1680595199999,3213656933.25682,1054477,58752.566,1638465051.86722,0
1680595200000,28013.20,28450.00,27909.30,28011.70,219965.575,1680623999999,6200753277.74972,1919645,109426.078,3085262193.42050,0
1680624000000,28011.70,28300.00,27952.80,28155.20,97157.080,1680652799999,2734520764.13690,1010123,49715.179,1399369047.52980,0
