open_time,open,high,low,close,volume,close_time,quote_volume,count,taker_buy_volume,taker_buy_quote_volume,ignore
1706054400000,39889.90,40247.00,39550.00,39979.40,81430.174,1706083199999,3246911446.85794,1071920,41119.346,1639698359.04373,0
1706083200000,39979.50,40560.60,39754.40,40046.70,110826.045,1706111999999,4442374106.23956,1430564,55976.927,2244201323.06732,0
1706112000000,40046.70,40208.40,39493.30,40078.70,80497.952,1706140799999,3209511856.92497,1075165,40430.245,1612307856.77777,0
