open_time,open,high,low,close,volume,close_time,quote_volume,count,taker_buy_volume,taker_buy_quote_volume,ignore
1672617600000,16610.40,16767.80,16541.20,16712.50,89977.218,1672646399999,1498742620.66914,398759,46778.739,779319890.26574,0
1672646400000,16712.60,16764.00,16665.00,16729.20,73411.867,1672675199999,1227129320.09600,360930,36886.710,616613882.54560,0
1672675200000,16729.20,16799.00,16650.00,16666.00,51772.091,1672703999999,865482363.58730,260326,24806.676,414790197.32730,0
