open_time,open,high,low,close,volume,close_time,quote_volume,count,taker_buy_volume,taker_buy_quote_volume,ignore
1727568000000,65822.70,65954.50,65400.00,65436.90,24725.335,1727596799999,1623720901.61460,381185,11652.255,765230351.62800,0
1727596800000,65436.90,65832.90,65401.00,65720.00,29577.747,1727625599999,1941392097.98340,428418,15012.031,985342545.91410,0
1727625600000,65720.00,66059.30,65491.40,65568.10,33828.717,1727654399999,2224533713.45580,485070,17440.839,1147104969.45300,0
