open_time,open,high,low,close,volume,close_time,quote_volume,count,taker_buy_volume,taker_buy_quote_volume,ignore
1687305600000,28290.70,29086.60,28236.40,28860.40,245413.524,1687334399999,7047822441.51848,2116600,130293.839,3742019795.68078,0
1687334400000,28860.40,30018.30,28783.00,29837.00,430834.149,1687363199999,12624865028.21626,3507254,225734.457,6617930861.17646,0
1687363200000,29836.90,30822.00,29745.50,29988.50,447226.754,1687391999999,13492989562.07660,3641856,225186.396,6795854785.93729,0
