open_time,open,high,low,close,volume,close_time,quote_volume,count,taker_buy_volume,taker_buy_quote_volume,ignore
1678406400000,20348.40,20351.80,19752.00,19942.90,372592.136,1678435199999,7449629999.11694,1966237,177928.818,3557327010.74417,0
1678435200000,19943.00,20293.00,19521.60,19995.00,567322.710,1678463999999,11283559127.45339,2975151,283705.892,5644371595.65982,0
1678464000000,19995.00,20298.00,19815.60,20140.30,298220.419,1678492799999,5968432975.86827,1728717,151812.273,3038747177.97867,0
