open_time,open,high,low,close,volume,close_time,quote_volume,count,taker_buy_volume,taker_buy_quote_volume,ignore
1663891200000,19392.50,19492.00,19191.10,19216.40,133442.953,1663919999999,2581280405.10250,903949,66630.600,1288993105.76630,0
1663920000000,19216.50,19265.40,18518.50,18704.40,392541.257,1663948799999,7402700040.67083,2129381,192310.744,3626944668.70860,0
1663948800000,18704.40,19398.00,18561.10,19280.70,312509.536,1663977599999,5902110380.02341,1742846,160215.513,3027010823.05791,0
