open_time,open,high,low,close,volume,close_time,quote_volume,count,taker_buy_volume,taker_buy_quote_volume,ignore
1665792000000,19164.60,19218.80,19120.20,19159.00,53637.542,1665820799999,1028403376.01950,382097,25938.050,497359209.23580,0
1665820800000,19159.10,19188.00,19027.30,19119.50,106751.381,1665849599999,2041129036.97830,650336,52599.743,1005812300.85230,0
1665849600000,19119.50,19154.90,18966.00,19060.40,81131.262,1665878399999,1547263369.82169,507675,39477.156,752963628.03280,0
