open_time,open,high,low,close,volume,close_time,quote_volume,count,taker_buy_volume,taker_buy_quote_volume,ignore
1685664000000,26805.30,27200.00,26477.60,27038.30,147089.588,1685692799999,3956745710.01656,1210637,73439.396,1975968821.00787,0
1685692800000,27038.30,27249.30,26840.50,27081.30,156734.939,1685721599999,4238183802.88508,1301971,77930.568,2107707445.87498,0
1685721600000,27081.30,27290.00,26985.10,27227.80,87285.566,1685750399999,2370443359.58878,865018,43186.491,1172964920.95818,0
