open_time,open,high,low,close,volume,close_time,quote_volume,count,taker_buy_volume,taker_buy_quote_volume,ignore
1720915200000,59173.90,60299.00,59164.00,60031.30,78527.604,1720943999999,4692839703.64160,1002449,39981.640,2389595956.94370,0
1720944000000,60031.20,60397.20,59438.00,60053.30,65802.310,1720972799999,3943323114.53010,816695,32202.083,1929681811.50590,0
1720972800000,60053.30,61412.40,59850.00,60766.00,63730.969,1721001599999,3864859450.04050,826646,35179.965,2133567744.63600,0
