open_time,open,high,low,close,volume,close_time,quote_volume,count,taker_buy_volume,taker_buy_quote_volume,ignore
1685577600000,27201.10,27347.90,26600.00,26790.20,160369.275,1685606399999,4314827921.18518,1277320,77131.870,2075101314.27792,0
1685606400000,26790.10,26974.00,26773.20,26884.20,95291.043,1685635199999,2561667974.44560,920380,48779.152,1311392222.20700,0
1685635200000,26884.20,27180.00,26635.00,26805.30,149127.254,1685663999999,4012499239.11201,1238792,72222.007,1943787758.08355,0
