open_time,open,high,low,close,volume,close_time,quote_volume,count,taker_buy_volume,taker_buy_quote_volume,ignore
1667088000000,20796.70,20925.20,20694.60,20842.50,71178.178,1667116799999,1480841505.85350,470487,37428.714,778839507.11970,0
1667116800000,20841.80,20876.00,20607.10,20667.60,130739.069,1667145599999,2707112076.77270,794294,63027.212,1305141731.81370,0
1667145600000,20667.70,20739.40,20503.00,20615.60,93472.443,1667174399999,1927012739.00328,594711,45057.629,929138329.61490,0
