open_time,open,high,low,close,volume,close_time,quote_volume,count,taker_buy_volume,taker_buy_quote_volume,ignore
1693267200000,26106.50,26200.00,25974.10,25992.00,42981.896,1693295999999,1120657838.13140,438721,20734.407,540676816.04290,0
1693296000000,25992.10,27690.00,25905.20,27411.40,396011.652,1693324799999,10678615802.53928,2522965,205666.515,5542247043.86974,0
1693324800000,27411.40,28168.00,27337.60,27700.10,261240.398,1693353599999,7264615162.11033,2134200,132711.544,3691101591.61605,0
