open_time,open,high,low,close,volume,close_time,quote_volume,count,taker_buy_volume,taker_buy_quote_volume,ignore
1708387200000,51813.70,52077.00,51330.50,51869.20,60343.565,1708415999999,3122020028.42590,866373,29752.179,1539459229.96478,0
1708416000000,51869.20,53090.90,51367.60,51712.70,205612.211,1708444799999,10731811624.95142,2329329,100475.452,5245690207.43058,0
1708444800000,51712.70,52561.80,50788.00,52297.40,122957.288,1708473599999,6355239779.97119,1529639,61381.956,3173041245.15820,0
