open_time,open,high,low,close,volume,close_time,quote_volume,count,taker_buy_volume,taker_buy_quote_volume,ignore
1701129600000,37234.40,37338,36856,37087.20,53597.153,1701158399999,1987693723.87802,596602,25913.141,961026447.65331,0
1701158400000,37087.20,37568.60,36917.40,37502.20,80358.130,1701187199999,2994963889.59308,776401,41642.029,1552116279.73829,0
1701187200000,37502.10,38395,37502.10,37812.10,184471.044,1701215999999,7007067769.13366,1476491,93628.008,3556202311.21120,0
