open_time,open,high,low,close,volume,close_time,quote_volume,count,taker_buy_volume,taker_buy_quote_volume,ignore
1718841600000,64933.60,65977.00,64804.70,65831.40,54582.977,1718870399999,3569643845.85460,645315,28181.876,1843292077.00350,0
1718870400000,65831.30,66467.00,64625.20,64794.40,119928.950,1718899199999,7860916113.33970,1306920,59226.534,3882291120.22050,0
1718899200000,64794.30,65198.50,64526.00,64854.00,46442.749,1718927999999,3012522293.33170,583590,22704.992,1472719610.34070,0
