open_time,open,high,low,close,volume,close_time,quote_volume,count,taker_buy_volume,taker_buy_quote_volume,ignore
1698192000000,33917,34388,33660.60,33853.40,111704.532,1698220799999,3802195643.52299,1660292,53308.130,1814766818.85308,0
1698220800000,33853.40,35035,33773.30,34841.40,207038.130,1698249599999,7130583711.71151,2792991,109200.540,3761524427.38108,0
1698249600000,34841.50,35154.30,34203.50,34487.70,146624.482,1698278399999,5080358408.83671,2077128,71163.178,2466358424.55528,0
