open_time,open,high,low,close,volume,close_time,quote_volume,count,taker_buy_volume,taker_buy_quote_volume,ignore
1673481600000,17935.60,18400.00,17902.40,18129.30,219343.598,1673510399999,3981520987.79724,976922,114795.159,2083976554.44614,0
1673510400000,18129.20,18377.40,17907.30,18077.70,367947.000,1673539199999,6677413880.00575,1563310,181980.290,3303240137.78324,0
1673539200000,18077.60,19120.00,18045.70,18838.00,453044.162,1673567999999,8489428239.24968,2042589,238173.015,4462076623.36663,0
