open_time,open,high,low,close,volume,close_time,quote_volume,count,taker_buy_volume,taker_buy_quote_volume,ignore
1664064000000,18910.90,19121.90,18902.10,19089.20,79512.133,1664092799999,1510753847.28940,529341,41028.326,779630836.14940,0
1664092800000,19089.10,19196.00,18834.00,18978.30,141534.515,1664121599999,2688912497.55740,847219,70687.564,1343171292.08010,0
1664121600000,18978.40,19115.90,18621.00,18799.70,189414.955,1664150399999,3574728190.09705,1162068,90386.978,1706207470.23080,0
