open_time,open,high,low,close,volume,close_time,quote_volume,count,taker_buy_volume,taker_buy_quote_volume,ignore
1716163200000,66239.40,67270.00,66010.00,66788.90,63663.556,1716191999999,4245334864.59960,994346,32084.118,2139393531.84550,0
1716192000000,66788.90,67499.90,66716.30,67382.10,69371.543,1716220799999,4650764656.23620,1026938,34684.897,2325779245.37860,0
1716220800000,67382.10,71674.60,67344.90,71466.50,232992.979,1716249599999,16157554424.29930,2873497,124594.946,8638880287.75200,0
