open_time,open,high,low,close,volume,close_time,quote_volume,count,taker_buy_volume,taker_buy_quote_volume,ignore
1697155200000,26744,26929,26733.90,26857.80,46540.037,1697183999999,1248300435.69552,461535,24306.329,651977804.88172,0
1697184000000,26857.90,26972.80,26670.10,26693,78871.649,1697212799999,2114502143.21260,796322,38064.647,1020577115.56830,0
1697212800000,26692.90,27120.80,26675,26849.80,117810.468,1697241599999,3168428230.79472,991539,58430.848,1571534917.01690,0
