open_time,open,high,low,close,volume,close_time,quote_volume,count,taker_buy_volume,taker_buy_quote_volume,ignore
1716681600000,69314.50,69468.90,68830.00,69359.20,20057.884,1716710399999,1386447814.27370,347878,10152.673,701880706.56860,0
1716710400000,69359.20,69590.30,68678.50,68864.60,37851.380,1716739199999,2616268470.16160,531989,17693.152,1223111095.05840,0
1716739200000,68864.70,68987.90,68155.00,68524.30,26160.560,1716767999999,1796313664.22280,434393,12382.760,850339559.15980,0
