open_time,open,high,low,close,volume,close_time,quote_volume,count,taker_buy_volume,taker_buy_quote_volume,ignore
1681948800000,28795.00,29078.00,28520.20,28857.70,150860.713,1681977599999,4352236826.62380,1414023,75053.986,2165598127.64210,0
1681977600000,28857.70,28940.00,28300.00,28492.30,232483.022,1682006399999,6674815129.03316,1964322,112203.283,3222376508.92935,0
1682006400000,28492.40,28650.00,27983.00,28229.90,255835.551,1682035199999,7241507071.13718,2160679,125060.386,3540767272.03862,0
