open_time,open,high,low,close,volume,close_time,quote_volume,count,taker_buy_volume,taker_buy_quote_volume,ignore
1698364800000,34154,34253.30,33774,33954,75775.115,1698393599999,2579832134.06942,1058002,36604.750,1246344861.45217,0
1698393600000,33954,34220,33826.50,34010.90,102427.804,1698422399999,3487081901.72685,1337562,50586.640,1722244343.85036,0
1698422400000,34010.80,34042.20,33350,33893.10,99850.059,1698451199999,3364464731.45480,1218162,46737.124,1574944795.64675,0
