open_time,open,high,low,close,volume,close_time,quote_volume,count,taker_buy_volume,taker_buy_quote_volume,ignore
1684627200000,27089.60,27288.00,27031.00,27044.50,62073.376,1684655999999,1684948727.33535,572773,30534.655,828985161.87715,0
1684656000000,27044.60,27077.70,26750.00,26885.00,110311.229,1684684799999,2967889754.24632,927454,52145.443,1403065012.29610,0
1684684800000,26885.10,26928.00,26642.00,26732.80,66391.820,1684713599999,1779031396.32484,666514,31469.241,843450100.31430,0
