open_time,open,high,low,close,volume,close_time,quote_volume,count,taker_buy_volume,taker_buy_quote_volume,ignore
1679788800000,27447.20,27640.00,27400.00,27492.40,63603.359,1679817599999,1750658922.90028,550708,31149.022,857467693.94168,0
1679817600000,27492.40,28186.90,27460.90,27790.10,219940.994,1679846399999,6121671456.83858,1639118,112646.025,3135379410.41488,0
1679846400000,27790.10,28138.30,27590.60,27954.30,116212.632,1679875199999,3238485467.09780,1091650,58796.035,1638814018.93050,0
