open_time,open,high,low,close,volume,close_time,quote_volume,count,taker_buy_volume,taker_buy_quote_volume,ignore
1727654400000,65568.20,65588.80,64150.00,64539.10,94863.548,1727683199999,6141456468.17400,1133774,45359.384,2935986915.19340,0
1727683200000,64539.00,64552.90,63222.00,63535.60,125334.789,1727711999999,7996960314.32610,1462915,60280.663,3845911211.26150,0
1727712000000,63535.70,63845.00,62825.00,63309.10,76650.036,1727740799999,4859215135.85850,1049946,36637.812,2322988133.98340,0
