open_time,open,high,low,close,volume,close_time,quote_volume,count,taker_buy_volume,taker_buy_quote_volume,ignore
1692576000000,26175.90,26183.20,25985.00,26012.00,51580.600,1692604799999,1345113032.38976,502854,23999.142,625888376.68180,0
1692604800000,26011.90,26193.60,25800.00,25925.10,121898.470,1692633599999,3168118407.19482,1029922,58887.544,1530718068.70726,0
1692633600000,25925.10,26280.00,25921.10,26115.40,59026.195,1692662399999,1539524720.10080,580933,30536.622,796622879.29880,0
