open_time,open,high,low,close,volume,close_time,quote_volume,count,taker_buy_volume,taker_buy_quote_volume,ignore
1728604800000,60293.30,60893.40,60057.80,60643.30,45756.604,1728633599999,2769610795.71290,595748,22880.034,1384967356.56080,0
1728633600000,60643.20,62432.60,60618.40,62218.00,116808.784,1728662399999,7191849548.32970,1244562,61382.061,3780563242.90420,0
1728662400000,62218.00,63400.00,62080.10,62509.00,101125.754,1728691199999,6338772499.34200,1147626,52415.930,3286299976.02280,0
