open_time,open,high,low,close,volume,close_time,quote_volume,count,taker_buy_volume,taker_buy_quote_volume,ignore
1677283200000,23175.50,23210.50,23010.10,23108.70,59527.025,1677311999999,1374903675.88640,536400,28888.676,667299120.41090,0
1677312000000,23108.70,23147.60,22845.60,22996.40,121222.236,1677340799999,2787189168.64977,867998,58782.924,1351646853.90210,0
1677340800000,22996.40,23176.10,22700.00,23146.20,130046.387,1677369599999,2987004305.40342,1019682,63962.442,1469839458.09451,0
