open_time,open,high,low,close,volume,close_time,quote_volume,count,taker_buy_volume,taker_buy_quote_volume,ignore
1686096000000,27221.50,27394.40,26714.30,26786.70,161383.120,1686124799999,4355659270.16456,1401961,78580.972,2121263436.64826,0
1686124800000,26786.80,26968.00,26230.00,26333.90,353765.245,1686153599999,9406591226.32309,2764254,172817.860,4596198773.33792,0
1686153600000,26333.90,26548.00,26111.00,26325.90,144896.172,1686182399999,3818618914.39306,1432184,72214.467,1903466227.73010,0
