open_time,open,high,low,close,volume,close_time,quote_volume,count,taker_buy_volume,taker_buy_quote_volume,ignore
1700956800000,37766.70,37788.50,37650,37773.50,15794.481,1700985599999,595916038.59985,224923,7651.402,288685235.73358,0
1700985600000,37773.50,37807.60,37248,37418,71585.558,1701014399999,2684505127.64139,750062,32856.419,1232143864.85115,0
1701014400000,37418,37744.90,37126,37437.90,86378.605,1701043199999,3231102279.60987,876056,43143.041,1613824953.42033,0
