open_time,open,high,low,close,volume,close_time,quote_volume,count,taker_buy_volume,taker_buy_quote_volume,ignore
1721779200000,65916.30,66135.50,65450.80,66049.00,39756.879,1721807999999,2617158465.30730,563753,19627.553,1292164063.41720,0
1721808000000,66049.00,67087.30,65974.90,66155.70,92378.432,1721836799999,6142137763.02880,1066314,46943.461,3121703628.34860,0
1721836800000,66155.80,66687.90,65040.50,65350.80,82944.110,1721865599999,5460779782.83680,1036491,40055.450,2637609859.65280,0
