open_time,open,high,low,close,volume,close_time,quote_volume,count,taker_buy_volume,taker_buy_quote_volume,ignore
1725580800000,56145.70,56836.70,55250.00,55766.30,79914.526,1725609599999,4484473916.58055,1031717,37968.319,2130910005.89746,0
1725609600000,55766.30,57000.00,53780.90,54022.10,236942.762,1725638399999,13140734901.81366,2719096,112789.688,6258977401.95929,0
1725638400000,54022.10,54414.00,52510.80,53927.70,162205.825,1725667199999,8690303773.86546,2085678,78269.835,4195449084.13603,0
