open_time,open,high,low,close,volume,close_time,quote_volume,count,taker_buy_volume,taker_buy_quote_volume,ignore
1688342400000,30612.70,30798.30,30575.30,30662.80,69400.061,1688371199999,2130217164.77425,699754,35101.220,1077592556.27055,0
1688371200000,30662.90,31179.00,30559.40,31068.00,128509.352,1688399999999,3961643842.02667,1081892,67810.674,2090634782.84077,0
1688400000000,31068.00,31395.20,30810.20,31149.00,172383.823,1688428799999,5363140601.50878,1360904,87739.363,2730115785.95702,0
