open_time,open,high,low,close,volume,close_time,quote_volume,count,taker_buy_volume,taker_buy_quote_volume,ignore
1706140800000,40078.80,40170.00,39778.30,40119.60,41139.274,1706169599999,1645182891.44795,606020,20592.885,823521352.20563,0
1706169600000,40119.60,40300.00,39605.00,39793.60,91890.746,1706198399999,3673990708.72948,1140926,45263.879,1810172865.74916,0
1706198400000,39793.60,40053.60,39535.30,39953.30,70698.659,1706227199999,2814828684.98704,913932,35864.662,1428067596.56931,0
