open_time,open,high,low,close,volume,close_time,quote_volume,count,taker_buy_volume,taker_buy_quote_volume,ignore
1664668800000,19304.00,19389.00,19213.60,19276.50,83807.562,1664697599999,1618006108.64220,504974,41860.006,808229552.79390,0
1664697600000,19276.50,19292.90,19025.00,19137.50,157713.021,1664726399999,3020771386.12180,947813,76605.843,1467306793.77990,0
1664726400000,19137.10,19339.20,18896.00,19049.40,173449.868,1664755199999,3318681101.70717,1045788,84155.341,1610506843.25800,0
