open_time,open,high,low,close,volume,close_time,quote_volume,count,taker_buy_volume,taker_buy_quote_volume,ignore
1705622400000,41323.20,41578.30,40739.60,41282.00,68148.419,1705651199999,2807566514.83767,977540,33337.629,1373744834.52534,0
1705651200000,41281.90,41518.40,40718.50,40897.00,95685.377,1705679999999,3937966677.41160,1317650,46967.500,1933174312.93560,0
1705680000000,40897.10,42197.00,40300.00,41662.20,182107.934,1705708799999,7506631160.82991,2190356,93256.533,3845275313.83842,0
