open_time,open,high,low,close,volume,close_time,quote_volume,count,taker_buy_volume,taker_buy_quote_volume,ignore
1693958400000,25779.70,25858.50,25711.00,25715.00,30892.444,1693987199999,796290371.87210,382965,15013.953,387045866.12980,0
1693987200000,25715.10,25769.30,25530.00,25576.30,72674.395,1694015999999,1864460968.10950,741760,35965.521,922766903.24060,0
1694016000000,25576.30,26052.00,25326.00,25747.40,147555.821,1694044799999,3790261048.45645,1279895,73330.833,1884024249.25369,0
