open_time,open,high,low,close,volume,close_time,quote_volume,count,taker_buy_volume,taker_buy_quote_volume,ignore
1719619200000,60429.80,61128.10,60400.10,61049.80,37604.236,1719647999999,2286253214.41930,410661,19046.495,1157993771.94470,0
1719648000000,61049.80,61232.00,60895.50,61107.90,28206.320,1719676799999,1722146854.02300,352216,13882.006,847550523.09140,0
1719676800000,61107.80,61130.00,60883.10,60982.40,13869.733,1719705599999,846067320.58100,245247,6659.251,406261607.57310,0
