open_time,open,high,low,close,volume,close_time,quote_volume,count,taker_buy_volume,taker_buy_quote_volume,ignore
1695427200000,26566.70,26606.20,26492.20,26572,22491.220,1695455999999,597138434.59300,253628,10812.426,287065354.64850,0
1695456000000,26571.90,26583.70,26530.10,26567.50,16020.665,1695484799999,425461654.43260,206929,7772.465,206417734.29890,0
1695484800000,26567.40,26620.60,26542,26563.10,19324.599,1695513599999,513634675.71620,238162,9177.233,243929637.76730,0
