open_time,open,high,low,close,volume,close_time,quote_volume,count,taker_buy_volume,taker_buy_quote_volume,ignore
1731196800000,76675.10,79882.80,76501.10,78858.20,157128.256,1731225599999,12324567148.20900,2094688,84453.817,6624203478.09720,0
1731225600000,78858.20,80200.00,78858.10,79735.10,103270.180,1731254399999,8222885934.55710,1480266,51355.935,4089743868.37070,0
1731254400000,79735.10,81699.80,78549.20,80410.00,157028.463,1731283199999,12592344835.09940,2188828,79572.371,6383317706.48780,0
