open_time,open,high,low,close,volume,close_time,quote_volume,count,taker_buy_volume,taker_buy_quote_volume,ignore
1682380800000,27497.40,27583.60,27222.70,27252.30,89189.928,1682409599999,2442512875.69074,975668,43494.098,1191156573.84628,0
1682409600000,27252.40,27466.00,27176.60,27329.50,141503.419,1682438399999,3867911149.99570,1427216,71681.424,1959517153.99000,0
1682438400000,27329.50,28379.90,27302.40,28286.70,277561.168,1682467199999,7735388512.76429,2332975,147257.531,4104247789.62011,0
