open_time,open,high,low,close,volume,close_time,quote_volume,count,taker_buy_volume,taker_buy_quote_volume,ignore
1683590400000,27659.80,27747.90,27423.90,27649.30,93616.181,1683619199999,2582217827.78170,1201386,46939.938,1294920781.40172,0
1683619200000,27649.30,27815.60,27316.80,27385.80,161601.083,1683647999999,4457617157.62776,1798989,78950.182,2178288619.11902,0
1683648000000,27385.80,27769.40,27334.60,27610.20,112447.422,1683676799999,3101541761.05798,1277441,58499.281,1613581413.24072,0
