open_time,open,high,low,close,volume,close_time,quote_volume,count,taker_buy_volume,taker_buy_quote_volume,ignore
1731542400000,90413.30,90900.00,89095.50,90818.90,73318.851,1731571199999,6597900600.48090,1425635,35928.611,3234016302.82450,0
1731571200000,90818.90,91846.10,87855.00,88000.00,164553.827,1731599999999,14853073353.95680,2778280,78900.963,7123737244.65040,0
1731600000000,87999.90,89763.90,86714.00,87382.70,126749.002,1731628799999,11187215868.89490,2261641,60222.552,5317011124.97560,0
