open_time,open,high,low,close,volume,close_time,quote_volume,count,taker_buy_volume,taker_buy_quote_volume,ignore
1723680000000,58648.10,59021.00,57679.60,58031.90,68695.426,1723708799999,4004622195.06400,1008885,33855.425,1974274655.94940,0
1723708800000,58031.90,59749.20,57937.70,59643.70,112725.154,1723737599999,6650218116.69940,1422728,55940.782,3300328632.55280,0
1723737600000,59643.30,59820.00,55969.00,57511.00,179395.366,1723766399999,10343448146.57441,2122868,85613.746,4935348331.79523,0
