open_time,open,high,low,close,volume,close_time,quote_volume,count,taker_buy_volume,taker_buy_quote_volume,ignore
1720310400000,58216.00,58443.00,57041.70,57344.40,76658.815,1720339199999,4432688049.32287,832946,36749.339,2125316396.16490,0
1720339200000,57344.50,57899.90,56555.10,56806.20,65753.826,1720367999999,3758071894.48212,853328,32930.114,1882392828.04198,0
1720368000000,56806.20,57372.20,55688.00,55830.90,67949.340,1720396799999,3847063287.29161,849902,31903.177,1807140817.27810,0
