open_time,open,high,low,close,volume,close_time,quote_volume,count,taker_buy_volume,taker_buy_quote_volume,ignore
1674518400000,22913.30,23158.70,22863.30,23052.30,89433.771,1674547199999,2061832767.10601,590332,44481.560,1025490580.43731,0
1674547200000,23052.30,23086.40,22677.90,22924.00,207039.699,1674575999999,4737738874.82625,1135489,98810.962,2261355187.27860,0
1674576000000,22924.00,23085.10,22450.00,22627.40,209142.346,1674604799999,4772881256.73718,1236056,101572.565,2318613099.07490,0
