open_time,open,high,low,close,volume,close_time,quote_volume,count,taker_buy_volume,taker_buy_quote_volume,ignore
1703721600000,43453.80,43850.00,42821.00,43087.20,87611.360,1703750399999,3799464943.02934,949540,42426.575,1840342913.43856,0
1703750400000,43087.30,43233.00,42439.60,42485.80,100400.654,1703779199999,4299734363.20970,1032174,49402.079,2116028487.24019,0
1703779200000,42485.90,42788.70,42320.50,42600.10,69503.168,1703807999999,2957653563.23130,766145,35018.859,1490417888.04979,0
