open_time,open,high,low,close,volume,close_time,quote_volume,count,taker_buy_volume,taker_buy_quote_volume,ignore
1695772800000,26208.70,26281.50,26189.10,26233.40,29245.164,1695801599999,767310925.00350,371527,14151.958,371335892.55600,0
1695801600000,26233.40,26849.90,26050,26293.40,258773.715,1695830399999,6855327941.91109,2120155,132166.434,3502197874.45009,0
1695830400000,26293.40,26374.90,26100,26359.60,64983.961,1695859199999,1705539435.77400,667046,31914.561,837686447.30580,0
