open_time,open,high,low,close,volume,close_time,quote_volume,count,taker_buy_volume,taker_buy_quote_volume,ignore
1699315200000,35057.50,35066,34808,34947.30,40474.632,1699343999999,1413121050.22336,516362,19702.377,687912331.25040,0
1699344000000,34947.30,34988,34520.30,34728.40,101473.458,1699372799999,3524157168.72642,1083155,47014.727,1632853163.55942,0
1699372800000,34728.50,35921.70,34560,35406.50,201577.860,1699401599999,7126781871.73845,1876413,104660.714,3700539251.56225,0
