open_time,open,high,low,close,volume,close_time,quote_volume,count,taker_buy_volume,taker_buy_quote_volume,ignore
1667606400000,21137.60,21473.70,21071.10,21374.40,128781.019,1667635199999,2749356896.50811,789441,65938.408,1407576573.95291,0
1667635200000,21374.40,21426.00,21202.80,21289.70,121511.476,1667663999999,2588992725.86250,792375,61112.325,1302216101.37810,0
1667664000000,21289.70,21373.10,21227.00,21289.90,53690.877,1667692799999,1143728167.16760,391605,26810.396,571169041.54930,0
