open_time,open,high,low,close,volume,close_time,quote_volume,count,taker_buy_volume,taker_buy_quote_volume,ignore
1662940800000,21820.30,22388.00,21540.00,22180.90,332653.101,1662969599999,7280911933.58537,2091770,171997.890,3765854576.74347,0
1662969600000,22180.80,22471.00,21961.10,22106.00,321506.087,1662998399999,7153774067.70479,2119056,164753.136,3666570960.63103,0
1662998400000,22105.90,22474.00,22010.00,22386.00,164442.744,1663027199999,3665776870.61001,1239523,84091.878,1874618263.61711,0
