open_time,open,high,low,close,volume,close_time,quote_volume,count,taker_buy_volume,taker_buy_quote_volume,ignore
1684368000000,27395.70,27482.70,27139.00,27375.10,97783.531,1684396799999,2670040734.40554,979993,49580.493,1353979834.72336,0
1684396800000,27375.10,27471.50,27007.10,27075.20,187378.003,1684425599999,5108300019.48202,1681460,92112.929,2511627965.01366,0
1684425600000,27075.20,27100.00,26335.30,26809.30,259810.445,1684454399999,6949095379.92787,2046069,123661.817,3308053910.92302,0
