open_time,open,high,low,close,volume,close_time,quote_volume,count,taker_buy_volume,taker_buy_quote_volume,ignore
1675987200000,21793.30,21933.80,21595.80,21901.90,114403.892,1676015999999,2495647637.82600,757615,57171.877,1247463340.83190,0
1676016000000,21902.00,21917.80,21484.00,21649.00,168963.921,1676044799999,3676932703.10944,1042647,81419.561,1772112620.28580,0
1676044800000,21648.90,21794.40,21405.00,21618.60,156618.684,1676073599999,3387430196.31040,954708,79810.480,1726480789.36180,0
