open_time,open,high,low,close,volume,close_time,quote_volume,count,taker_buy_volume,taker_buy_quote_volume,ignore
1689984000000,29891.50,29986.00,29822.00,29933.00,44854.602,1690012799999,1341564051.22010,425194,22640.941,677227527.14400,0
1690012800000,29932.90,29969.60,29806.60,29883.90,47266.998,1690041599999,1412162589.98000,430584,22745.299,679581954.21200,0
1690041600000,29883.90,29892.50,29602.20,29783.50,51254.356,1690070399999,1525232253.01518,475244,25436.084,756911700.85950,0
