open_time,open,high,low,close,volume,close_time,quote_volume,count,taker_buy_volume,taker_buy_quote_volume,ignore
1717027200000,67686.80,68479.00,67501.70,67627.80,48043.050,1717055999999,3265449985.32450,709693,23075.444,1568590752.31130,0
1717056000000,67627.90,68869.90,67167.00,68566.40,81253.828,1717084799999,5532565097.29290,1099745,42022.706,2861459026.82950,0
1717084800000,68566.40,69568.90,68068.80,68402.50,65277.021,1717113599999,4494925414.17820,888351,33259.245,2290419931.89970,0
