open_time,open,high,low,close,volume,close_time,quote_volume,count,taker_buy_volume,taker_buy_quote_volume,ignore
1705536000000,42783.30,42930.10,42515.00,42918.30,35017.613,1705564799999,1496407214.95983,542895,16929.825,723480648.17325,0
1705564800000,42918.30,42932.30,42351.00,42618.90,75726.156,1705593599999,3225542132.32281,1084592,36685.774,1562490262.99517,0
1705593600000,42619.00,42619.00,40673.60,41323.10,224336.987,1705622399999,9307512405.67855,2754375,106377.744,4412764709.88116,0
