open_time,open,high,low,close,volume,close_time,quote_volume,count,taker_buy_volume,taker_buy_quote_volume,ignore
1671494400000,16429.20,16880.20,16390.30,16796.10,179909.893,1671523199999,3003367969.53424,928575,94931.752,1584579290.29244,0
1671523200000,16796.20,17049.60,16684.00,16910.90,179035.713,1671551999999,3018993990.83283,925009,92022.780,1551979957.92993,0
1671552000000,16910.80,16927.50,16763.60,16887.20,117225.492,1671580799999,1974983206.05550,636646,57986.884,976996757.98640,0
