open_time,open,high,low,close,volume,close_time,quote_volume,count,taker_buy_volume,taker_buy_quote_volume,ignore
1665705600000,19365.40,19947.90,19330.10,19633.20,277332.712,1665734399999,5467390555.03763,1507153,145524.354,2868200305.70173,0
1665734400000,19633.20,19843.50,19300.00,19352.90,380783.640,1665763199999,7451686926.62036,2041394,187208.821,3664338596.38870,0
1665763200000,19352.90,19395.00,19059.60,19164.60,203336.858,1665791999999,3909107111.88923,1187361,96374.249,1853181824.97790,0
