open_time,open,high,low,close,volume,close_time,quote_volume,count,taker_buy_volume,taker_buy_quote_volume,ignore
1705449600000,43133.00,43198.00,42616.00,42654.00,45150.164,1705478399999,1936991944.18830,654932,21706.220,931324465.05218,0
1705478400000,42654.00,42934.90,42355.50,42478.30,93981.802,1705507199999,4008257573.51995,1242285,47174.162,2012340958.13556,0
1705507200000,42478.20,42869.30,42200.00,42783.40,70264.115,1705535999999,2989780491.48824,999180,35500.218,1510705204.51123,0
