open_time,open,high,low,close,volume,close_time,quote_volume,count,taker_buy_volume,taker_buy_quote_volume,ignore
1706313600000,41806.40,41924.00,41594.00,41699.10,33916.634,1706342399999,1416501593.17867,485697,16567.290,691967238.39826,0
1706342400000,41699.00,41880.00,41360.10,41797.40,47173.515,1706371199999,1965159271.32057,614677,22778.885,949114389.57460,0
1706371200000,41797.50,42187.10,41727.00,42102.20,37346.965,1706399999999,1567670053.22412,501957,19013.224,798091118.13570,0
