open_time,open,high,low,close,volume,close_time,quote_volume,count,taker_buy_volume,taker_buy_quote_volume,ignore
1667952000000,18533.90,18574.90,17976.40,18224.90,270142.689,1667980799999,4944655535.04424,1908072,131098.223,2399624176.95807,0
1667980800000,18225.00,18245.20,16884.00,17098.40,857385.948,1668009599999,15098042856.24735,4995654,412351.281,7263567883.33796,0
1668009600000,17096.80,17308.00,15462.60,15905.00,938077.775,1668038399999,15396611573.59711,5331088,450604.807,7397881223.36164,0
