open_time,open,high,low,close,volume,close_time,quote_volume,count,taker_buy_volume,taker_buy_quote_volume,ignore
1692835200000,26419.20,26535.90,26334.00,26460.70,53161.307,1692863999999,1405242286.10290,521092,27562.229,728605944.65860,0
1692864000000,26460.80,26568.30,25972.50,25987.30,134220.663,1692892799999,3524847340.83880,1126351,64608.833,1697011826.65660,0
1692892800000,25987.30,26200.00,25835.00,26164.60,99371.367,1692921599999,2587535858.63571,881179,49882.958,1299160952.71616,0
