open_time,open,high,low,close,volume,close_time,quote_volume,count,taker_buy_volume,taker_buy_quote_volume,ignore
1693612800000,25795.60,25841.40,25740.60,25783.90,25860.967,1693641599999,666886312.12830,394325,12813.140,330437950.41160,0
1693641600000,25783.90,25975.00,25760.40,25880.00,50276.818,1693670399999,1299541314.07110,538301,25266.038,653140548.73690,0
1693670400000,25880.10,25926.50,25750.90,25855.80,31505.079,1693699199999,813851174.23660,403155,15592.324,402792845.44560,0
