open_time,open,high,low,close,volume,close_time,quote_volume,count,taker_buy_volume,taker_buy_quote_volume,ignore
1708992000000,54511.70,57780.00,54495.00,56100.00,200821.493,1709020799999,11258986752.83084,2273943,106560.615,5973236780.50198,0
1709020800000,56100.10,57494.30,56075.60,56775.00,183739.153,1709049599999,10451251159.35252,2240293,91088.371,5181666437.70533,0
1709049600000,56775.10,57679.50,56231.00,57074.50,126914.889,1709078399999,7232765833.13627,1523250,63630.393,3627210908.12977,0
