open_time,open,high,low,close,volume,close_time,quote_volume,count,taker_buy_volume,taker_buy_quote_volume,ignore
1721347200000,63960.00,64469.30,63266.20,63673.90,58960.186,1721375999999,3769470792.63400,706848,28508.731,1822859679.07360,0
1721376000000,63673.90,65870.00,63371.40,65791.50,129369.653,1721404799999,8378867613.58480,1396599,67661.233,4382962204.47390,0
1721404800000,65791.50,67362.80,65784.00,66627.90,123529.966,1721433599999,8232314619.70270,1379331,63679.567,4243543207.18920,0
