open_time,open,high,low,close,volume,close_time,quote_volume,count,taker_buy_volume,taker_buy_quote_volume,ignore
1669852800000,17153.40,17222.10,17054.00,17062.60,96222.678,1669881599999,1648320096.62730,554368,46685.893,799802532.46170,0
1669881600000,17062.50,17348.50,16887.10,16970.50,229435.764,1669910399999,3917741790.50923,1130649,114226.012,1951203505.08950,0
1669910400000,16970.50,16991.70,16851.20,16970.50,85392.867,1669939199999,1446317617.60860,510409,42291.565,716377858.61710,0
