open_time,open,high,low,close,volume,close_time,quote_volume,count,taker_buy_volume,taker_buy_quote_volume,ignore
1717113600000,68402.60,68782.00,68124.00,68226.10,31101.618,1717142399999,2129466751.74790,491747,14967.933,1024865740.32410,0
1717142400000,68226.20,69080.00,67234.00,67252.70,98194.790,1717171199999,6690183515.65970,1296871,47990.176,3270201537.58340,0
1717171200000,67252.60,68059.40,66700.50,67577.90,66455.344,1717199999999,4476133332.68290,844712,32481.832,2188333190.24160,0
