open_time,open,high,low,close,volume,close_time,quote_volume,count,taker_buy_volume,taker_buy_quote_volume,ignore
1721174400000,65010.00,66100.00,64885.30,65226.20,84935.916,1721203199999,5571964992.47420,1048157,43118.969,2829076210.70420,0
1721203200000,65226.20,65479.50,64489.50,64695.80,112770.866,1721231999999,7324374200.60700,1341204,55960.929,3635256882.57680,0
1721232000000,64696.00,64745.60,63823.00,64055.70,78949.611,1721260799999,5075543237.45680,944812,37994.694,2442603336.28080,0
