open_time,open,high,low,close,volume,close_time,quote_volume,count,taker_buy_volume,taker_buy_quote_volume,ignore
1676073600000,21618.60,21718.80,21594.40,21681.90,52207.618,1676102399999,1130749055.89220,381191,26456.709,573060898.45370,0
1676102400000,21681.90,21770.00,21646.60,21727.00,54128.401,1676131199999,1174846595.74080,391319,27128.846,588861055.79830,0
1676131200000,21726.90,21891.90,21600.00,21851.30,82913.648,1676159999999,1801955247.84000,520611,43554.938,946704655.46300,0
