open_time,open,high,low,close,volume,close_time,quote_volume,count,taker_buy_volume,taker_buy_quote_volume,ignore
1718064000000,69558.80,69600.00,67300.00,67582.00,117369.567,1718092799999,8006217494.36950,1338210,55214.167,3765853418.48480,0
1718092800000,67582.10,67690.80,66000.00,66266.00,130016.749,1718121599999,8704467014.97600,1486010,59986.988,4016964625.71480,0
1718121600000,66266.00,67605.00,66177.90,67320.70,64598.626,1718150399999,4327794445.93620,776825,32113.393,2151647430.32800,0
