open_time,open,high,low,close,volume,close_time,quote_volume,count,taker_buy_volume,taker_buy_quote_volume,ignore
1726704000000,61735.30,62555.00,61534.00,62071.00,94347.148,1726732799999,5853382302.23170,1112866,48311.107,2997529103.09450,0
1726732800000,62071.00,63483.80,61851.30,63129.00,125791.593,1726761599999,7900646366.16480,1434321,64796.651,4069351291.98580,0
1726761600000,63129.00,63830.10,62623.40,62926.90,82243.671,1726790399999,5206136741.88810,1052564,41360.667,2618338907.69840,0
