open_time,open,high,low,close,volume,close_time,quote_volume,count,taker_buy_volume,taker_buy_quote_volume,ignore
1726358400000,59963.90,60247.90,59950.00,60166.80,18168.982,1726387199999,1092515959.75840,287918,9287.900,558500027.62070,0
1726387200000,60166.70,60369.40,59823.00,60304.60,37107.409,1726415999999,2229900373.65870,497427,18970.539,1140199531.76950,0
1726416000000,60304.60,60323.10,58654.00,59100.50,75247.815,1726444799999,4478377303.01210,951092,35639.764,2121668121.35470,0
