open_time,open,high,low,close,volume,close_time,quote_volume,count,taker_buy_volume,taker_buy_quote_volume,ignore
1688083200000,30439.90,31300.00,30337.40,30759.10,219240.960,1688111999999,6752219370.65089,1768450,111365.909,3430108683.88958,0
1688112000000,30759.20,31127.30,29500.00,30052.00,399300.286,1688140799999,12110540852.56238,2860398,192122.615,5827820127.04374,0
1688140800000,30052.00,30729.50,29908.30,30460.20,190790.059,1688169599999,5800202310.29128,1574467,95736.820,2910636937.33842,0
