open_time,open,high,low,close,volume,close_time,quote_volume,count,taker_buy_volume,taker_buy_quote_volume,ignore
1671580800000,16887.30,16918.20,16761.20,16809.20,61063.637,1671609599999,1027768376.14890,376376,30048.239,505760584.98400,0
1671609600000,16809.10,16924.20,16694.20,16854.60,104002.869,1671638399999,1750684659.13324,532308,52007.808,875608205.53550,0
1671638400000,16854.60,16858.60,16717.00,16819.60,62685.829,1671667199999,1051958815.49020,369022,30719.396,515528011.27400,0
