open_time,open,high,low,close,volume,close_time,quote_volume,count,taker_buy_volume,taker_buy_quote_volume,ignore
1677024000000,24443.30,24468.50,23851.50,24059.60,212866.504,1677052799999,5133679468.30242,1491723,101992.068,2459952322.31920,0
1677052800000,24059.50,24231.70,23621.00,23707.80,278280.843,1677081599999,6666515793.79952,1936286,129884.207,3112593807.01270,0
1677081600000,23707.50,24209.60,23572.00,24171.30,239266.754,1677110399999,5700742569.97298,1662130,120279.624,2866430377.20492,0
