open_time,open,high,low,close,volume,close_time,quote_volume,count,taker_buy_volume,taker_buy_quote_volume,ignore
1729123200000,67592.00,67925.90,67054.20,67280.80,50939.229,1729151999999,3435259622.37590,764822,25119.342,1694173798.99520,0
1729152000000,67280.80,67673.90,66600.00,67561.90,109964.505,1729180799999,7375779473.58090,1486149,54740.776,3672571195.61180,0
1729180800000,67561.90,67570.00,66682.30,67401.50,59369.103,1729209599999,3984177231.49440,899951,29073.274,1950840995.45060,0
