open_time,open,high,low,close,volume,close_time,quote_volume,count,taker_buy_volume,taker_buy_quote_volume,ignore
1691539200000,29758.90,29874.50,29628.00,29807.90,77778.041,1691567999999,2312967511.27390,602092,38324.188,1139812775.75840,0
1691568000000,29807.80,30149.70,29663.00,29749.40,151684.023,1691596799999,4530087922.62882,1146510,76816.412,2294629073.52000,0
1691596800000,29749.30,29764.90,29362.00,29572.80,132547.637,1691625599999,3913870193.88915,1037154,63415.199,1872526302.97270,0
