open_time,open,high,low,close,volume,close_time,quote_volume,count,taker_buy_volume,taker_buy_quote_volume,ignore
1686009600000,25714.60,25809.90,25585.40,25706.40,78397.944,1686038399999,2016342573.97930,660992,39350.295,1012095460.61340,0
1686038400000,25706.30,26139.00,25321.60,26051.20,289845.453,1686067199999,7461031613.68141,2160577,146386.808,3769302443.25865,0
1686067200000,26051.20,27358.10,26051.20,27221.50,363202.252,1686095999999,9719658823.96974,2974099,193653.779,5181769327.72016,0
