open_time,open,high,low,close,volume,close_time,quote_volume,count,taker_buy_volume,taker_buy_quote_volume,ignore
1673654400000,19924.30,21544.00,19882.60,20913.10,476564.249,1673683199999,9910570669.19108,2310549,247078.306,5135876544.42656,0
1673683200000,20913.00,21240.00,20257.30,20796.90,395806.002,1673711999999,8202576065.34333,2111255,194832.177,4038601105.49190,0
1673712000000,20796.90,21092.00,20670.70,20962.80,138296.432,1673740799999,2885579989.83027,867539,69214.426,1444348515.03917,0
