open_time,open,high,low,close,volume,close_time,quote_volume,count,taker_buy_volume,taker_buy_quote_volume,ignore
1678752000000,24119.50,24850.00,23990.00,24251.90,258692.815,1678780799999,6302066755.92781,2052008,131972.786,3215676841.14485,0
1678780800000,24252.30,26489.90,24121.70,25911.30,729192.613,1678809599999,18531913915.99793,5139698,372529.927,9468739263.13247,0
1678809600000,25911.30,26025.70,23951.00,24682.50,584677.207,1678838399999,14577253518.55437,4107640,282795.855,7050767872.56889,0
