open_time,open,high,low,close,volume,close_time,quote_volume,count,taker_buy_volume,taker_buy_quote_volume,ignore
1729468800000,69020.20,69566.00,68468.00,68519.30,63507.660,1729497599999,4382328904.78860,879034,31289.640,2159663225.98600,0
1729497600000,68519.30,68675.00,66865.90,67354.30,125172.864,1729526399999,8469383198.02130,1588819,59435.478,4020858500.31860,0
1729526400000,67354.20,67949.00,66920.00,67368.80,64756.809,1729555199999,4370085506.75190,926950,32187.361,2172375819.99730,0
