open_time,open,high,low,close,volume,close_time,quote_volume,count,taker_buy_volume,taker_buy_quote_volume,ignore
1666656000000,19318.10,19369.00,19242.20,19296.90,73392.456,1666684799999,1416873064.39190,439817,36931.807,712990327.83960,0
1666684800000,19296.90,19799.90,19228.00,19740.30,264983.819,1666713599999,5163446834.47016,1340305,139432.081,2718304259.40766,0
1666713600000,19740.30,20415.00,19711.90,20068.30,438930.259,1666742399999,8820229284.48596,2352593,227367.467,4568555464.83516,0
