open_time,open,high,low,close,volume,close_time,quote_volume,count,taker_buy_volume,taker_buy_quote_volume,ignore
1716076800000,66884.90,67313.80,66810.00,67295.00,26121.812,1716105599999,1752337282.91630,502820,13512.893,906621952.55550,0
1716105600000,67295.10,67750.00,66619.40,66863.00,71200.411,1716134399999,4778750233.58530,1028981,34840.348,2338980372.53740,0
1716134400000,66863.00,66964.70,65835.80,66239.40,50848.127,1716163199999,3374285406.46280,785678,24449.542,1622701131.08490,0
