open_time,open,high,low,close,volume,close_time,quote_volume,count,taker_buy_volume,taker_buy_quote_volume,ignore
1684454400000,26809.40,26950.00,26733.40,26841.90,66324.427,1684483199999,1780313144.01892,698746,32187.799,864108427.26430,0
1684483200000,26842.00,27180.00,26611.20,26869.90,189995.681,1684511999999,5107462804.62783,1548853,94458.855,2539810970.88285,0
1684512000000,26870.00,26966.80,26763.20,26870.10,67777.848,1684540799999,1820996815.72292,774513,34336.695,922594971.87690,0
