open_time,open,high,low,close,volume,close_time,quote_volume,count,taker_buy_volume,taker_buy_quote_volume,ignore
1729641600000,67406.50,67449.00,66779.50,66838.00,36875.892,1729670399999,2473496054.88580,598346,17902.732,1200933130.95890,0
1729670400000,66838.00,67046.80,65900.00,66201.60,109403.591,1729699199999,7268241826.32730,1377066,52009.069,3455576383.81840,0
1729699200000,66201.70,66806.20,65222.30,66647.20,101935.575,1729727999999,6726801448.27330,1298166,49620.831,3275396224.10560,0
