open_time,open,high,low,close,volume,close_time,quote_volume,count,taker_buy_volume,taker_buy_quote_volume,ignore
1678060800000,22419.30,22499.40,22240.10,22380.90,93157.078,1678089599999,2084454209.06990,646468,46300.033,1036120464.86140,0
1678089600000,22380.90,22594.50,22345.30,22543.60,98955.302,1678118399999,2220289383.72300,644415,50532.813,1133891320.05070,0
1678118400000,22543.60,22576.10,22307.90,22397.10,106864.017,1678147199999,2397620892.82000,721539,50222.649,1126870181.52800,0
