open_time,open,high,low,close,volume,close_time,quote_volume,count,taker_buy_volume,taker_buy_quote_volume,ignore
1691107200000,29180.10,29244.40,29079.60,29201.60,43322.202,1691135999999,1263985112.71882,417670,20874.795,609110685.72650,0
1691136000000,29201.60,29323.80,29116.00,29258.80,76230.634,1691164799999,2226758838.18988,669926,38619.098,1128154824.76698,0
1691164800000,29258.80,29273.60,28780.00,29101.10,109842.837,1691193599999,3190362390.60121,890409,51760.828,1503564508.04130,0
