open_time,open,high,low,close,volume,close_time,quote_volume,count,taker_buy_volume,taker_buy_quote_volume,ignore
1718409600000,66039.70,66421.50,65979.60,66082.60,26523.703,1718438399999,1755995562.75990,340861,12750.808,844174096.50200,0
1718438400000,66082.50,66482.60,66054.20,66311.90,23961.800,1718467199999,1587678974.18830,303467,12198.345,808292011.11630,0
1718467200000,66311.80,66360.80,65801.00,66213.70,21938.252,1718495999999,1450688085.76970,288950,11013.865,728391211.02990,0
