open_time,open,high,low,close,volume,close_time,quote_volume,count,taker_buy_volume,taker_buy_quote_volume,ignore
1663718400000,18866.70,19123.00,18784.20,18938.80,140621.313,1663747199999,2662180735.25490,1007512,69924.044,1323885265.37690,0
1663747200000,18938.70,19476.20,18811.40,19182.50,283519.803,1663775999999,5437299116.72663,1731692,145043.683,2781677666.33793,0
1663776000000,19182.60,20154.10,18084.30,18447.50,743927.863,1663804799999,14178722439.23753,4645049,371508.805,7087197523.24314,0
