open_time,open,high,low,close,volume,close_time,quote_volume,count,taker_buy_volume,taker_buy_quote_volume,ignore
1707004800000,42992.40,43055.00,42702.40,42822.90,28007.218,1707033599999,1201257814.10011,368489,13610.772,583880202.64836,0
1707033600000,42822.80,43112.10,42721.80,42926.70,37328.477,1707062399999,1602820261.33356,492725,18456.067,792481187.47464,0
1707062400000,42926.70,42977.20,42176.70,42570.30,62085.853,1707091199999,2649226789.37372,777959,29741.893,1269507792.44088,0
