open_time,open,high,low,close,volume,close_time,quote_volume,count,taker_buy_volume,taker_buy_quote_volume,ignore
1677888000000,22342.80,22400.00,22262.20,22346.60,54008.349,1677916799999,1206666835.27890,390798,28006.930,625775725.47720,0
1677916800000,22346.60,22390.00,22292.90,22306.30,40161.045,1677945599999,897189991.05900,310390,19649.227,438985270.08580,0
1677945600000,22306.20,22358.50,22147.50,22335.70,81139.817,1677974399999,1806130924.68830,604780,40447.040,900433672.14790,0
