open_time,open,high,low,close,volume,close_time,quote_volume,count,taker_buy_volume,taker_buy_quote_volume,ignore
1707436800000,45269.20,46444.00,45218.10,46185.10,117333.929,1707465599999,5396323141.51271,1291827,62274.127,2864025317.46224,0
1707465600000,46185.10,47699.50,46183.40,47136.90,254910.045,1707494399999,11989528560.99192,2636698,128936.257,6064941099.98353,0
1707494400000,47137.00,48230.30,47020.10,47116.10,147675.445,1707523199999,7022692550.22973,1721922,75244.537,3579288931.72056,0
