open_time,open,high,low,close,volume,close_time,quote_volume,count,taker_buy_volume,taker_buy_quote_volume,ignore
1698019200000,29981.40,30990,29869.40,30508,238542.086,1698047999999,7281793135.76806,2349321,124731.353,3807582261.87967,0
1698048000000,30508,30963.20,30333,30864.10,157199.863,1698076799999,4814976466.61053,1676159,79443.956,2433850028.74540,0
1698076800000,30864.10,35981.90,30356.30,33074,591999.587,1698105599999,19046349616.45537,5491084,310195.546,9984919555.07431,0
