open_time,open,high,low,close,volume,close_time,quote_volume,count,taker_buy_volume,taker_buy_quote_volume,ignore
1660521600000,24294.10,25200.00,23916.70,24010.80,374544.755,1660550399999,9208819945.33373,2192365,186650.114,4593115878.60611,0
1660550400000,24010.70,24296.80,23860.20,24211.80,216255.302,1660579199999,5208937874.82460,1467603,106162.259,2557621574.81830,0
1660579200000,24211.80,24272.20,23762.00,24085.20,148590.664,1660607999999,3574578233.52100,1057373,71131.048,1711476889.19270,0
