open_time,open,high,low,close,volume,close_time,quote_volume,count,taker_buy_volume,taker_buy_quote_volume,ignore
1678838400000,24682.50,25088.00,24318.00,24892.00,193552.187,1678867199999,4793258896.38569,1672549,97216.990,2407900403.93029,0
1678867200000,24892.00,25200.00,24266.00,24480.10,550643.466,1678895999999,13610985549.40160,3917046,274678.956,6791032135.87560,0
1678896000000,24480.00,24645.40,23888.00,24288.00,357860.776,1678924799999,8693311748.04624,2713349,178172.331,4328819568.14684,0
