open_time,open,high,low,close,volume,close_time,quote_volume,count,taker_buy_volume,taker_buy_quote_volume,ignore
1694304000000,25892.60,25893.90,25727.80,25843.00,31219.449,1694332799999,806150564.96330,307255,15764.668,407086904.28920,0
1694332800000,25843.10,25856.10,25702.00,25764.10,37009.883,1694361599999,954395416.99326,464901,18283.700,471506263.29340,0
1694361600000,25764.10,26037.30,25508.70,25828.40,94743.081,1694390399999,2443336586.72654,1018271,47919.531,1236295812.25504,0
