open_time,open,high,low,close,volume,close_time,quote_volume,count,taker_buy_volume,taker_buy_quote_volume,ignore
1696118400000,26951,27148,26939,27092.10,30723.980,1696147199999,831224295.69310,346551,15833.395,428358744.31180,0
1696147200000,27092.10,27279.50,27067.40,27135.80,69103.317,1696175999999,1877285644.78195,668198,34691.496,942512274.50455,0
1696176000000,27135.80,28365.20,27015,27981.40,140555.649,1696204799999,3888913628.61755,1298261,77711.248,2151048082.28671,0
