open_time,open,high,low,close,volume,close_time,quote_volume,count,taker_buy_volume,taker_buy_quote_volume,ignore
1722470400000,64601.80,64824.40,63559.50,64297.40,96340.523,1722499199999,6178014767.28590,1086643,45264.101,2903524095.29080,0
1722499200000,64297.50,64927.20,62646.70,62892.60,121690.621,1722527999999,7769352857.55830,1273682,56866.625,3631135272.75680,0
1722528000000,62892.60,65650.00,62271.20,65328.90,154623.446,1722556799999,9861685004.62920,1787423,77379.593,4936027073.29890,0
