open_time,open,high,low,close,volume,close_time,quote_volume,count,taker_buy_volume,taker_buy_quote_volume,ignore
1680480000000,28161.30,28171.30,27552.40,27946.50,151804.932,1680508799999,4215176550.54955,1268865,73059.539,2028535331.36048,0
1680508800000,27946.50,28540.00,27933.00,28032.50,311627.190,1680537599999,8792567872.38497,2079518,156532.327,4417237863.43423,0
1680537600000,28034.10,28230.00,27166.00,27786.10,278233.441,1680566399999,7737463907.32002,2058302,132876.019,3696451732.41459,0
