open_time,open,high,low,close,volume,close_time,quote_volume,count,taker_buy_volume,taker_buy_quote_volume,ignore
1717891200000,69346.60,69461.90,69160.00,69331.90,15651.704,1717919999999,1084871738.67550,235815,7848.543,544036630.07260,0
1717920000000,69331.90,69821.10,69284.80,69530.10,32912.542,1717948799999,2288162168.75560,393083,16479.555,1145770024.69480,0
1717948800000,69530.10,69879.00,69517.00,69667.10,19459.854,1717977599999,1356704317.84230,321783,9883.993,689123208.13390,0
