open_time,open,high,low,close,volume,close_time,quote_volume,count,taker_buy_volume,taker_buy_quote_volume,ignore
1729555200000,67368.70,67784.90,66536.50,67387.30,59893.464,1729583999999,4028512612.38410,854539,28368.844,1908426356.79960,0
1729584000000,67387.20,67718.00,66613.00,67266.80,111160.786,1729612799999,7464476879.92550,1496960,54585.718,3666201217.78880,0
1729612800000,67266.80,67825.00,66902.10,67406.40,47464.727,1729641599999,3198189169.42740,699774,23546.958,1586738068.02080,0
