open_time,open,high,low,close,volume,close_time,quote_volume,count,taker_buy_volume,taker_buy_quote_volume,ignore
1662595200000,19287.00,19373.80,19047.90,19164.00,139656.764,1662623999999,2685711326.93520,847521,70897.960,1363529911.54310,0
1662624000000,19164.00,19400.00,19003.80,19240.40,264994.253,1662652799999,5092413500.94370,1532383,136229.330,2618316413.74240,0
1662652800000,19240.50,19450.00,19080.00,19309.30,132617.627,1662681599999,2551772233.06000,861666,65866.566,1267590154.64020,0
