open_time,open,high,low,close,volume,close_time,quote_volume,count,taker_buy_volume,taker_buy_quote_volume,ignore
1729382400000,68357.10,68435.60,68069.80,68347.00,19902.469,1729411199999,1358304886.19110,283675,9925.319,677465099.51730,0
1729411200000,68347.00,68749.00,68176.70,68605.00,33710.353,1729439999999,2308592468.23450,459983,17129.047,1173217020.68230,0
1729440000000,68605.00,69425.80,68384.30,69020.10,52326.670,1729468799999,3605152959.47640,748301,28088.793,1935494775.36490,0
