open_time,open,high,low,close,volume,close_time,quote_volume,count,taker_buy_volume,taker_buy_quote_volume,ignore
1696464000000,27759.70,27890,27533.10,27595.30,58108.140,1696492799999,1608985863.84598,606979,27585.288,763984914.84160,0
1696492800000,27595.40,28110,27380,27540,209068.978,1696521599999,5811781853.49204,1640532,105126.032,2923037190.10201,0
1696521600000,27540,27609.90,27333.50,27398.40,103012.969,1696550399999,2827600116.95656,975374,50355.806,1382392265.85250,0
