open_time,open,high,low,close,volume,close_time,quote_volume,count,taker_buy_volume,taker_buy_quote_volume,ignore
1662249600000,19820.70,19847.90,19600.00,19618.50,69144.003,1662278399999,1365136626.21330,498571,31727.372,626565036.20140,0
1662278400000,19618.40,19930.00,19570.00,19781.60,186551.409,1662307199999,3684160096.92370,1070463,93321.958,1843209283.80020,0
1662307200000,19781.60,20022.40,19713.00,19992.70,141102.772,1662335999999,2804452345.33190,864219,74478.864,1480340800.22390,0
