open_time,open,high,low,close,volume,close_time,quote_volume,count,taker_buy_volume,taker_buy_quote_volume,ignore
1703980800000,42174.30,42729.20,42001.00,42567.00,52336.813,1704009599999,2215858698.41449,558355,26769.415,1133527258.52776,0
1704009600000,42567.00,42951.00,42381.00,42489.60,67521.635,1704038399999,2877364996.22532,697759,33297.659,1419242771.88458,0
1704038400000,42489.60,42766.70,42083.10,42314.00,53649.841,1704067199999,2279890922.57872,579285,25372.817,1078573882.91971,0
