open_time,open,high,low,close,volume,close_time,quote_volume,count,taker_buy_volume,taker_buy_quote_volume,ignore
1725148800000,58941.90,59052.70,57728.60,58444.10,58064.524,1725177599999,3385000363.23950,792561,27676.087,1613811754.95730,0
1725177600000,58444.10,58469.90,57123.00,58184.10,88628.584,1725206399999,5134756501.73890,1102172,43311.138,2509815640.40840,0
1725206400000,58184.10,58787.20,57161.10,57268.10,76216.806,1725235199999,4414138945.75980,1078655,36925.270,2138581675.49140,0
