open_time,open,high,low,close,volume,close_time,quote_volume,count,taker_buy_volume,taker_buy_quote_volume,ignore
1648425600000,46820.90,47731.20,46651.20,46984.50,96160.153,1648454399999,4521487212.98488,975240,48512.432,2282080680.90070,0
1648454400000,46984.50,47948.00,46834.80,47410.90,107494.999,1648483199999,5094936497.21334,1100020,54506.510,2583878207.34629,0
1648483200000,47410.90,48200.00,46855.00,47121.90,113910.630,1648511999999,5426816228.94753,1073973,55296.196,2635354658.12498,0
