open_time,open,high,low,close,volume,close_time,quote_volume,count,taker_buy_volume,taker_buy_quote_volume,ignore
1661472000000,21548.30,21603.70,21311.00,21438.40,113651.566,1661500799999,2438478755.51018,878309,54318.138,1165579293.73480,0
1661500800000,21438.30,21867.60,20560.00,20770.10,534978.055,1661529599999,11395147508.69231,3252941,261268.538,5568916826.93406,0
1661529600000,20769.60,20822.00,20100.00,20228.70,247844.735,1661558399999,5090018845.11138,1827542,118112.667,2426503945.58300,0
