open_time,open,high,low,close,volume,close_time,quote_volume,count,taker_buy_volume,taker_buy_quote_volume,ignore
1731974400000,90507.40,92123.70,90405.60,91696.00,47547.021,1732003199999,4344874155.07870,926236,24450.538,2233971064.84490,0
1732003200000,91696.10,92885.00,91015.60,92453.30,121273.959,1732031999999,11146788016.28420,2016771,61820.207,5683321233.29850,0
1732032000000,92455.50,93985.90,91334.40,92335.90,134711.051,1732060799999,12506462689.08040,2123633,67925.288,6308126776.00700,0
