open_time,open,high,low,close,volume,close_time,quote_volume,count,taker_buy_volume,taker_buy_quote_volume,ignore
1715904000000,65217.70,66478.50,65061.20,66350.60,69464.175,1715932799999,4566175385.11580,1056771,35666.468,2344946053.02800,0
1715932800000,66350.50,67400.60,65773.80,67170.00,103231.346,1715961599999,6867350933.07400,1480167,52837.687,3516357993.35200,0
1715961600000,67169.90,67277.80,66158.40,66980.00,54368.398,1715990399999,3629902792.55220,873240,26659.405,1780057436.30450,0
