open_time,open,high,low,close,volume,close_time,quote_volume,count,taker_buy_volume,taker_buy_quote_volume,ignore
1700784000000,37294.40,37587,37257.30,37531.10,34306.787,1700812799999,1283086408.70637,444004,17365.608,649554332.98042,0
1700812800000,37531.10,38425,37427.30,38217.30,210968.766,1700841599999,7991486077.64226,1894285,108535.742,4112856826.50466,0
1700841600000,38217.30,38351.20,37551,37706.30,105756.170,1700870399999,4000665617.60578,1121419,50493.241,1909846930.72609,0
