open_time,open,high,low,close,volume,close_time,quote_volume,count,taker_buy_volume,taker_buy_quote_volume,ignore
1685145600000,26689.80,26776.40,26621.00,26715.30,36531.764,1685174399999,975634202.92400,416642,19220.508,513329490.77620,0
1685174400000,26715.20,26774.90,26528.60,26682.10,66944.137,1685203199999,1785362472.43330,576299,33010.869,880539445.33220,0
1685203200000,26682.20,26890.00,26605.00,26841.60,60206.034,1685231999999,1610517470.04802,549953,31159.816,833650352.07522,0
