open_time,open,high,low,close,volume,close_time,quote_volume,count,taker_buy_volume,taker_buy_quote_volume,ignore
1668124800000,17588.00,17678.00,16880.00,17397.30,278962.440,1668153599999,4814663208.00179,2001652,140434.434,2424071481.11168,0
1668153600000,17397.30,17550.00,16343.00,16864.80,432897.262,1668182399999,7368377107.71428,2930637,213524.977,3636097603.03700,0
1668182400000,16864.70,17145.00,16528.10,17058.30,243484.900,1668211199999,4094080829.83684,1797101,124530.764,2094687351.47466,0
