open_time,open,high,low,close,volume,close_time,quote_volume,count,taker_buy_volume,taker_buy_quote_volume,ignore
1720828800000,57870.00,58195.70,57728.60,58140.00,26068.903,1720857599999,1509909893.77940,394424,13505.397,782354715.02180,0
1720857600000,58140.00,58900.00,57882.30,58808.50,65008.127,1720886399999,3805250435.09350,769569,33885.637,1983572521.31210,0
1720886400000,58808.50,59850.00,58254.50,59174.00,66807.292,1720915199999,3942208795.95810,792371,35064.758,2069761396.33430,0
