open_time,open,high,low,close,volume,close_time,quote_volume,count,taker_buy_volume,taker_buy_quote_volume,ignore
1688515200000,30756.10,30875.20,30737.80,30765.90,38005.358,1688543999999,1170835535.45434,409703,17615.548,542738366.85694,0
1688544000000,30765.90,30797.40,30175.80,30345.00,183465.548,1688572799999,5584124650.57187,1483864,87832.686,2673374978.10690,0
1688572800000,30345.10,30579.60,30321.20,30488.40,73425.672,1688601599999,2236910724.76191,699511,36724.060,1118859388.49591,0
