open_time,open,high,low,close,volume,close_time,quote_volume,count,taker_buy_volume,taker_buy_quote_volume,ignore
1691020800000,29170.20,29273.10,29005.00,29034.00,53015.020,1691049599999,1544312105.07700,529971,25220.356,734729858.89090,0
1691049600000,29034.00,29440.00,28955.40,29244.40,117624.244,1691078399999,3434174411.42428,970640,59646.927,1741687983.49018,0
1691078400000,29244.40,29359.90,29119.30,29180.20,81328.678,1691107199999,2378965332.19370,707070,38605.212,1129320912.34570,0
