open_time,open,high,low,close,volume,close_time,quote_volume,count,taker_buy_volume,taker_buy_quote_volume,ignore
1719792000000,62766.10,63800.00,62562.00,63265.50,63314.620,1719820799999,4011141464.41900,740469,32987.613,2089993126.28550,0
1719820800000,63265.50,63302.70,62502.20,63119.90,66559.208,1719849599999,4183048518.35840,772775,34166.405,2147248862.29030,0
1719849600000,63120.00,63849.00,62780.00,62883.60,64064.110,1719878399999,4055569655.77270,692912,31702.612,2007211485.09400,0
