open_time,open,high,low,close,volume,close_time,quote_volume,count,taker_buy_volume,taker_buy_quote_volume,ignore
1661299200000,21518.20,21541.20,21132.30,21305.60,164245.649,1661327999999,3502637139.71700,1242641,80395.084,1714623535.47900,0
1661328000000,21305.60,21635.00,21254.20,21605.60,161623.129,1661356799999,3464652790.35400,1245975,85647.071,1836244054.30260,0
1661356800000,21605.60,21925.60,21350.00,21354.90,176859.420,1661385599999,3828598022.87542,1255524,89051.625,1928868704.08530,0
