open_time,open,high,low,close,volume,close_time,quote_volume,count,taker_buy_volume,taker_buy_quote_volume,ignore
1678924800000,24287.90,24694.90,24120.50,24614.50,156563.632,1678953599999,3817225390.21710,1493708,78027.498,1902619339.48663,0
1678953600000,24614.50,25060.00,24370.00,24880.60,358579.122,1678982399999,8878965284.08520,2837751,180636.046,4473376331.99577,0
1678982400000,24880.70,25167.90,24590.90,24990.40,220304.192,1679011199999,5473859921.21078,1907523,109642.866,2725116069.64823,0
