open_time,open,high,low,close,volume,close_time,quote_volume,count,taker_buy_volume,taker_buy_quote_volume,ignore
1697241600000,26849.70,26986.40,26828.40,26860.50,34405.412,1697270399999,925090411.76320,352956,17319.204,465753289.94780,0
1697270400000,26860.40,26930,26835,26927.90,22648.109,1697299199999,608648251.30820,265134,11861.990,318792949.81270,0
1697299200000,26927.90,26937.90,26773.10,26836.30,25111.260,1697327999999,674368360.74712,294645,11453.257,307573381.12190,0
