open_time,open,high,low,close,volume,close_time,quote_volume,count,taker_buy_volume,taker_buy_quote_volume,ignore
1670889600000,17200.00,17229.00,17076.00,17157.00,92554.630,1670918399999,1587058582.67020,487226,46228.073,792683457.58020,0
1670918400000,17156.90,18100.00,17146.70,17749.60,385630.372,1670947199999,6799243418.38408,1882667,206959.327,3648009797.39040,0
1670947200000,17749.50,17836.80,17617.90,17777.10,118666.289,1670975999999,2104560495.64620,690292,59501.316,1055378003.28000,0
