open_time,open,high,low,close,volume,close_time,quote_volume,count,taker_buy_volume,taker_buy_quote_volume,ignore
1665964800000,19251.80,19311.60,19148.00,19285.00,86298.777,1665993599999,1659189470.13190,543731,43771.117,841587926.35700,0
1665993600000,19285.00,19666.00,19237.00,19524.50,294597.684,1666022399999,5740238223.54728,1567508,153693.873,2994567588.45878,0
1666022400000,19524.40,19618.90,19430.40,19540.60,121423.298,1666051199999,2369881380.60940,776352,62268.138,1215404467.64070,0
