open_time,open,high,low,close,volume,close_time,quote_volume,count,taker_buy_volume,taker_buy_quote_volume,ignore
1722384000000,66159.30,66540.80,65459.40,66196.40,60864.553,1722412799999,4021973776.28920,679738,30689.857,2028064264.32090,0
1722412800000,66196.40,66826.30,65906.70,66354.50,65424.929,1722441599999,4338379366.74640,756268,32648.064,2165040970.60950,0
1722441600000,66354.40,66820.00,64500.40,64601.80,120099.964,1722470399999,7872231862.38040,1418926,57432.346,3765270375.48330,0
