open_time,open,high,low,close,volume,close_time,quote_volume,count,taker_buy_volume,taker_buy_quote_volume,ignore
1685923200000,27102.40,27125.00,26719.90,26819.20,132861.525,1685951999999,3572300882.49712,1141390,62988.870,1693893477.41370,0
1685952000000,26819.20,26831.20,25971.00,25991.90,238303.603,1685980799999,6328572014.67033,1677156,107924.711,2867901074.08610,0
1685980800000,25991.90,26072.20,25360.10,25714.70,329337.420,1686009599999,8456736713.05020,2341651,156890.078,4029119453.69381,0
