open_time,open,high,low,close,volume,close_time,quote_volume,count,taker_buy_volume,taker_buy_quote_volume,ignore
1686873600000,25586.00,25620.00,25420.10,25526.10,83508.399,1686902399999,2131520077.62240,834756,40434.803,1032117580.99890,0
1686902400000,25526.10,25896.00,25142.10,25832.40,195038.059,1686931199999,4981659527.76264,1677027,100637.016,2571428886.60619,0
1686931200000,25832.40,26526.90,25756.00,26336.00,254598.498,1686959999999,6668153491.58690,2189595,133558.122,3498626806.24350,0
