open_time,open,high,low,close,volume,close_time,quote_volume,count,taker_buy_volume,taker_buy_quote_volume,ignore
1699747200000,37162.10,37222.90,36753.60,37154.10,45812.618,1699775999999,1696225867.51332,547404,22887.782,847517218.81269,0
1699776000000,37154.10,37258.40,36955,37178.30,39679.758,1699804799999,1473053619.60574,478370,19788.511,734684884.60310,0
1699804800000,37178.30,37247.70,36960,37085.50,33397.669,1699833599999,1240093724.99804,391554,16523.923,613565061.28920,0
