open_time,open,high,low,close,volume,close_time,quote_volume,count,taker_buy_volume,taker_buy_quote_volume,ignore
1670716800000,17120.10,17189.00,17114.00,17173.40,35458.532,1670745599999,608242087.29250,231135,18506.767,317462542.16430,0
1670745600000,17173.40,17175.60,17121.00,17145.50,36589.682,1670774399999,627428294.00040,240425,17131.899,293771289.06100,0
1670774400000,17145.50,17265.00,17060.00,17077.30,98955.897,1670803199999,1696484820.74620,541146,48553.043,832528944.62460,0
