open_time,open,high,low,close,volume,close_time,quote_volume,count,taker_buy_volume,taker_buy_quote_volume,ignore
1674259200000,22661.00,22812.40,22422.00,22631.50,123926.508,1674287999999,2799512536.15005,793731,61393.675,1387230204.32915,0
1674288000000,22631.60,23330.00,22555.00,22996.20,412040.344,1674316799999,9459701850.21243,2254740,208684.593,4791363766.74851,0
1674316800000,22996.20,23390.00,22670.00,22781.90,228714.248,1674345599999,5284671375.60712,1404015,111659.580,2580549981.89720,0
