open_time,open,high,low,close,volume,close_time,quote_volume,count,taker_buy_volume,taker_buy_quote_volume,ignore
1704758400000,46972.60,47173.50,46253.70,46841.00,87841.583,1704787199999,4103264939.78452,1086900,42467.674,1983852074.13198,0
1704787200000,46841.00,47100.00,45400.00,46868.80,164849.447,1704815999999,7680221911.78478,1852181,82192.943,3830587564.66196,0
1704816000000,46868.90,48100.00,44417.20,46114.00,260671.743,1704844799999,12081149541.88274,3036715,130695.790,6063662363.49470,0
