open_time,open,high,low,close,volume,close_time,quote_volume,count,taker_buy_volume,taker_buy_quote_volume,ignore
1661990400000,20041.40,20198.30,19790.40,19885.70,172352.549,1662019199999,3449726857.84015,1122444,82903.810,1659556455.65940,0
1662019200000,19885.60,20115.10,19644.70,19775.80,270282.826,1662047999999,5375982987.99282,1707151,134846.698,2682563495.75300,0
1662048000000,19775.70,20171.00,19555.00,20122.50,248959.346,1662076799999,4945437452.04457,1514072,124163.724,2467379846.58207,0
