open_time,open,high,low,close,volume,close_time,quote_volume,count,taker_buy_volume,taker_buy_quote_volume,ignore
1674864000000,23068.10,23185.00,22942.90,22984.30,60099.473,1674892799999,1386207585.78440,479041,30199.280,696641515.11360,0
1674892800000,22984.30,23038.00,22870.80,23004.70,86128.404,1674921599999,1977720739.85480,614691,43603.358,1001315876.69730,0
1674921600000,23004.60,23050.60,22935.10,23015.90,40173.066,1674950399999,923877678.41000,359055,19548.833,449580757.03560,0
