open_time,open,high,low,close,volume,close_time,quote_volume,count,taker_buy_volume,taker_buy_quote_volume,ignore
1672876800000,16842.20,16869.00,16782.40,16816.10,36055.815,1672905599999,606600734.92590,210734,17390.820,292596978.68350,0
1672905600000,16816.10,16872.80,16740.40,16836.60,92044.533,1672934399999,1547173993.91220,430198,46674.869,784636790.43760,0
1672934400000,16836.70,16867.80,16794.00,16823.80,48268.999,1672963199999,812527562.91420,251883,23765.750,400065791.26270,0
