open_time,open,high,low,close,volume,close_time,quote_volume,count,taker_buy_volume,taker_buy_quote_volume,ignore
1672704000000,16665.90,16774.00,16639.50,16723.10,51449.818,1672732799999,859242046.84130,255400,26534.010,443161134.23060,0
1672732800000,16723.10,16764.90,16610.00,16670.80,95819.672,1672761599999,1599402156.57160,424169,45556.908,760544057.70240,0
1672761600000,16670.90,16688.20,16600.30,16667.20,55800.715,1672790399999,928724506.10150,287244,28159.400,468687826.45750,0
