open_time,open,high,low,close,volume,close_time,quote_volume,count,taker_buy_volume,taker_buy_quote_volume,ignore
1680739200000,28154.00,28166.70,27855.00,27896.80,94671.496,1680767999999,2652621749.88890,854105,44960.668,1259873102.30354,0
1680768000000,27896.70,28175.00,27684.20,28079.30,181394.781,1680796799999,5063116349.46174,1489942,89144.586,2488698636.89460,0
1680796800000,28079.30,28156.20,27873.50,28022.80,79850.505,1680825599999,2237572609.44298,727467,39225.056,1099231367.23840,0
