open_time,open,high,low,close,volume,close_time,quote_volume,count,taker_buy_volume,taker_buy_quote_volume,ignore
1708128000000,52148.70,52192.80,51811.00,51933.90,23753.844,1708156799999,1234784517.58014,414674,11500.889,597854572.73960,0
1708156800000,51933.90,51934.00,50647.50,51013.40,128320.750,1708185599999,6582402705.91456,1532691,62253.135,3193773290.58130,0
1708185600000,51013.40,52109.00,50770.80,51679.40,70267.411,1708214399999,3617221029.33098,985841,36650.212,1886698348.11869,0
