open_time,open,high,low,close,volume,close_time,quote_volume,count,taker_buy_volume,taker_buy_quote_volume,ignore
1730851200000,69353.10,75656.10,69272.70,73435.90,371097.987,1730879999999,27222937032.84180,4854747,192067.379,14085937927.19650,0
1730880000000,73435.80,74801.10,72721.50,74289.60,178591.443,1730908799999,13197729915.88440,2620541,88245.626,6522015507.51420,0
1730908800000,74289.70,76420.00,74134.50,75579.90,127750.856,1730937599999,9622566651.84030,1858891,65422.562,4927577290.13210,0
