open_time,open,high,low,close,volume,close_time,quote_volume,count,taker_buy_volume,taker_buy_quote_volume,ignore
1660608000000,24085.20,24234.00,23788.00,24054.10,148124.823,1660636799999,3557601360.47555,1018137,72462.412,1740525086.88687,0
1660636800000,24054.40,24138.00,23650.00,23886.30,178318.078,1660665599999,4261436720.62822,1219269,85886.952,2053018883.08750,0
1660665600000,23886.20,24050.00,23676.50,23843.00,134477.093,1660694399999,3208897134.20850,1087249,67263.457,1605162977.77980,0
