open_time,open,high,low,close,volume,close_time,quote_volume,count,taker_buy_volume,taker_buy_quote_volume,ignore
1707091200000,42570.30,43168.40,42235.10,43059.00,61901.674,1707119999999,2642207728.79360,804199,33568.401,1433240164.26639,0
1707120000000,43058.90,43580.00,42580.00,42629.70,103300.183,1707148799999,4453332390.50042,1275864,49567.258,2137307023.42655,0
1707148800000,42629.70,42873.20,42311.20,42692.90,75453.692,1707177599999,3212559472.59867,940288,37519.631,1597805846.94429,0
