open_time,open,high,low,close,volume,close_time,quote_volume,count,taker_buy_volume,taker_buy_quote_volume,ignore
1669248000000,16595.80,16800.00,16528.00,16613.80,132270.351,1669276799999,2206315364.92804,862313,67193.733,1120984249.34914,0
1669276800000,16613.80,16631.10,16450.00,16549.00,123300.867,1669305599999,2039956923.39724,769609,60590.296,1002526311.29180,0
1669305600000,16548.90,16669.60,16506.70,16592.40,95453.200,1669334399999,1583197528.24850,592257,48607.156,806311562.83920,0
