open_time,open,high,low,close,volume,close_time,quote_volume,count,taker_buy_volume,taker_buy_quote_volume,ignore
1689465600000,30276.50,30325.00,30050.00,30253.00,63122.049,1689494399999,1906486467.86012,598020,30931.539,934340247.95480,0
1689494400000,30253.00,30441.60,30250.00,30366.00,55880.336,1689523199999,1695003363.28886,526682,28056.390,851055338.05146,0
1689523200000,30365.90,30391.80,30110.60,30216.80,54803.555,1689551999999,1658838539.51182,554135,25396.429,768771862.64030,0
