open_time,open,high,low,close,volume,close_time,quote_volume,count,taker_buy_volume,taker_buy_quote_volume,ignore
1719532800000,61682.10,62204.00,61186.40,61317.90,48099.307,1719561599999,2966675880.32180,575485,23026.295,1420200383.07160,0
1719561600000,61318.00,61868.10,60721.20,61039.90,90849.220,1719590399999,5572977434.23890,981962,46130.839,2829877790.85210,0
1719590400000,61039.90,61106.00,60038.00,60429.80,56559.598,1719619199999,3423502292.01700,703564,27627.685,1672511087.47870,0
