open_time,open,high,low,close,volume,close_time,quote_volume,count,taker_buy_volume,taker_buy_quote_volume,ignore
1686614400000,25894.80,26155.50,25806.00,26060.20,104486.232,1686643199999,2718768021.95279,1096428,53494.758,1392018780.16139,0
1686643200000,26060.30,26430.50,25708.00,25750.90,252211.193,1686671999999,6577834948.80334,2401056,125317.107,3269044787.84121,0
1686672000000,25750.90,25973.00,25727.00,25918.00,77839.329,1686700799999,2012341612.90520,898911,39679.591,1025885015.87130,0
