open_time,open,high,low,close,volume,close_time,quote_volume,count,taker_buy_volume,taker_buy_quote_volume,ignore
1671926400000,16829.00,16844.00,16788.00,16816.80,21381.824,1671955199999,359630272.89220,129968,10110.393,170055107.77920,0
1671955200000,16816.70,16850.00,16700.00,16784.10,68694.585,1671983999999,1153743429.39200,328741,34237.788,575089312.18110,0
1671984000000,16784.20,16840.20,16723.60,16824.40,53999.434,1672012799999,906325032.20900,313632,27308.106,458354916.37150,0
