open_time,open,high,low,close,volume,close_time,quote_volume,count,taker_buy_volume,taker_buy_quote_volume,ignore
1673308800000,17169.60,17228.00,17140.40,17194.70,45739.459,1673337599999,786394799.20580,241822,23500.822,404065606.13570,0
1673337600000,17194.60,17368.70,17181.20,17317.50,129847.980,1673366399999,2242244234.29360,562402,66554.181,1149346248.04270,0
1673366400000,17317.60,17485.40,17273.30,17428.80,121732.932,1673395199999,2118229888.42280,557876,62524.701,1087948841.64680,0
