open_time,open,high,low,close,volume,close_time,quote_volume,count,taker_buy_volume,taker_buy_quote_volume,ignore
1724803200000,59384.40,59640.00,58475.20,58579.00,68312.075,1724831999999,4041704041.83170,961516,32888.176,1946153194.46450,0
1724832000000,58579.00,60197.80,58400.00,58963.40,125640.172,1724860799999,7463718904.20370,1530872,62360.236,3704381329.40050,0
1724860800000,58963.40,59794.70,57820.00,59010.00,119836.320,1724889599999,7057373991.07060,1513780,58859.861,3466978431.87350,0
