open_time,open,high,low,close,volume,close_time,quote_volume,count,taker_buy_volume,taker_buy_quote_volume,ignore
1686268800000,26486.00,26589.90,26236.00,26482.70,92873.341,1686297599999,2456442642.20134,928193,45355.446,1199873349.98710,0
1686297600000,26482.70,26775.00,26436.80,26465.10,127454.648,1686326399999,3391229627.66630,1325553,63975.877,1702407734.57900,0
1686326400000,26465.20,26521.10,26371.00,26468.10,63391.209,1686355199999,1676638381.97770,743314,32575.002,861655623.33840,0
