open_time,open,high,low,close,volume,close_time,quote_volume,count,taker_buy_volume,taker_buy_quote_volume,ignore
1660176000000,23941.00,24760.00,23907.60,24429.50,266920.427,1660204799999,6507870863.66556,1977397,138233.169,3370754278.62596,0
1660204800000,24429.40,24972.00,24261.80,24336.60,304313.539,1660233599999,7482759410.80848,2287196,151871.905,3735047118.39599,0
1660233600000,24336.40,24413.70,23840.60,23917.20,189221.279,1660262399999,4571557093.48925,1563695,90279.772,2181887340.47768,0
