open_time,open,high,low,close,volume,close_time,quote_volume,count,taker_buy_volume,taker_buy_quote_volume,ignore
1688601600000,30488.40,30846.80,30305.00,30792.30,86853.097,1688630399999,2657418346.37999,821840,45535.545,1393534656.48193,0
1688630400000,30792.20,31568.00,29865.00,30390.30,498987.105,1688659199999,15325752552.68450,3403959,244943.311,7526546373.82085,0
1688659200000,30390.30,30450.70,29818.00,29874.40,135427.017,1688687999999,4087053446.56938,1174846,62002.543,1871625179.29576,0
