open_time,open,high,low,close,volume,close_time,quote_volume,count,taker_buy_volume,taker_buy_quote_volume,ignore
1683072000000,28656.40,28682.10,28324.40,28638.30,102286.055,1683100799999,2917419922.14638,1118556,51160.645,1459401105.12470,0
1683100800000,28638.40,28758.90,28080.00,28292.70,187353.142,1683129599999,5318804248.50560,1934665,91283.378,2591749297.05882,0
1683129600000,28292.60,29258.40,28200.00,29018.40,386827.033,1683158399999,11081102242.19324,3324211,200021.801,5731048095.31055,0
