open_time,open,high,low,close,volume,close_time,quote_volume,count,taker_buy_volume,taker_buy_quote_volume,ignore
1673136000000,16936.50,16949.30,16905.00,16945.50,23065.376,1673164799999,390477638.53840,134441,12186.011,206300123.21650,0
1673164800000,16945.50,17015.60,16912.70,16991.00,42584.705,1673193599999,721701532.11100,215996,22650.825,383914855.50520,0
1673193600000,16990.90,17181.10,16910.20,17124.70,92067.237,1673222399999,1565023458.34700,425148,48560.308,825838088.18510,0
