open_time,open,high,low,close,volume,close_time,quote_volume,count,taker_buy_volume,taker_buy_quote_volume,ignore
1701820800000,44081.70,44160.10,43451,43697.10,101894.148,1701849599999,4461158393.26827,907615,48955.130,2143608304.04654,0
1701849600000,43697.10,44349.80,43377,43795.30,195571.270,1701878399999,8597037507.53671,1582901,97157.496,4271967389.01351,0
1701878400000,43795.30,44173.70,43607.30,43774.80,86492.320,1701907199999,3797243655.56858,821828,43201.322,1896843346.01996,0
