open_time,open,high,low,close,volume,close_time,quote_volume,count,taker_buy_volume,taker_buy_quote_volume,ignore
1666396800000,19151.00,19175.60,19103.50,19155.30,42726.427,1666425599999,817811109.19650,301483,21983.306,420785352.59680,0
1666425600000,19155.20,19250.00,19128.40,19223.70,73355.001,1666454399999,1407571255.56690,418011,37775.226,724924398.92760,0
1666454400000,19223.80,19236.80,19122.00,19195.10,57973.614,1666483199999,1111810654.13760,360482,28931.904,554886993.46200,0
