open_time,open,high,low,close,volume,close_time,quote_volume,count,taker_buy_volume,taker_buy_quote_volume,ignore
1662681600000,19309.30,20804.90,19283.00,20623.60,386119.893,1662710399999,7801358924.98957,2137685,212067.239,4283172854.90847,0
1662710400000,20623.60,21345.00,20618.50,21258.50,376108.581,1662739199999,7890859268.50014,2258157,195889.947,4110160270.80994,0
1662739200000,21258.50,21666.00,21117.00,21352.00,230268.626,1662767999999,4903188059.08048,1392115,120998.459,2577366309.08268,0
