open_time,open,high,low,close,volume,close_time,quote_volume,count,taker_buy_volume,taker_buy_quote_volume,ignore
1676851200000,24265.90,24555.50,23827.00,24500.10,178483.380,1676879999999,4331316014.70886,1211515,89141.119,2163765435.63996,0
1676880000000,24500.10,25140.00,24361.20,24944.60,326784.237,1676908799999,8121486596.44629,2200189,168013.311,4176109870.19679,0
1676908800000,24944.70,24955.10,24585.10,24849.90,141133.455,1676937599999,3501456220.10705,1078239,68601.817,1702200118.76640,0
