open_time,open,high,low,close,volume,close_time,quote_volume,count,taker_buy_volume,taker_buy_quote_volume,ignore
1706659200000,42918.30,43090.00,42634.30,43031.60,49376.251,1706687999999,2118589958.69718,721046,24682.508,1059107625.45769,0
1706688000000,43031.50,43460.00,42341.00,43341.80,121790.665,1706716799999,5215913738.31405,1429238,62043.170,2657667709.00008,0
1706716800000,43341.90,43748.60,42257.60,42560.50,141902.194,1706745599999,6108848732.14040,1744121,69640.541,2998874728.39935,0
