open_time,open,high,low,close,volume,close_time,quote_volume,count,taker_buy_volume,taker_buy_quote_volume,ignore
1664928000000,20332.90,20356.10,20071.10,20218.90,129040.685,1664956799999,2606763360.48047,846304,64492.874,1302866497.20520,0
1664956800000,20218.80,20236.90,19707.00,19994.60,327684.794,1664985599999,6541018974.00455,1815619,161490.339,3223871810.37320,0
1664985600000,19994.60,20350.00,19946.00,20150.00,262851.670,1665014399999,5297138015.64466,1552068,132840.172,2677295366.69446,0
