open_time,open,high,low,close,volume,close_time,quote_volume,count,taker_buy_volume,taker_buy_quote_volume,ignore
1676592000000,23526.60,23924.70,23350.00,23636.00,185342.665,1676620799999,4392387078.85788,1241189,91385.442,2165812762.56158,0
1676620800000,23635.90,24293.60,23520.00,24131.40,306485.798,1676649599999,7333605014.94795,1920242,157287.424,3764572800.08117,0
1676649600000,24131.30,25043.20,23916.00,24581.50,430888.685,1676678399999,10543737455.98166,2780105,217982.918,5334907716.71528,0
