open_time,open,high,low,close,volume,close_time,quote_volume,count,taker_buy_volume,taker_buy_quote_volume,ignore
1716336000000,70168.70,70423.20,69242.00,69759.60,49555.141,1716364799999,3463250664.39910,785575,24635.294,1721849397.79900,0
1716364800000,69759.60,70642.80,69466.70,70485.70,74599.644,1716393599999,5220378389.58900,1076395,38567.740,2699209994.91940,0
1716393600000,70485.70,70715.40,68736.80,69219.10,70005.709,1716422399999,4877354887.36660,1029386,33578.185,2339680782.28520,0
