open_time,open,high,low,close,volume,close_time,quote_volume,count,taker_buy_volume,taker_buy_quote_volume,ignore
1684281600000,27024.70,27238.50,26700.00,26831.90,101951.831,1684310399999,2753502426.62410,1039997,48673.157,1315224312.85028,0
1684310400000,26831.80,26907.50,26527.50,26788.00,190747.017,1684339199999,5096132175.77625,1649694,94294.398,2519689544.30362,0
1684339200000,26788.10,27500.00,26730.00,27395.80,197366.370,1684367999999,5366717244.21224,1774231,104063.977,2829898778.94594,0
