open_time,open,high,low,close,volume,close_time,quote_volume,count,taker_buy_volume,taker_buy_quote_volume,ignore
1677110400000,24171.30,24588.00,24115.00,24365.30,158280.214,1677139199999,3858695096.28866,1126778,80420.938,1960361657.85336,0
1677139200000,24365.20,24483.00,23590.00,23940.00,406408.297,1677167999999,9751007481.34173,2701619,196241.198,4709043821.40392,0
1677168000000,23940.00,24061.60,23711.50,23928.80,186650.903,1677196799999,4456974360.03050,1416116,93126.333,2223961602.39960,0
