open_time,open,high,low,close,volume,close_time,quote_volume,count,taker_buy_volume,taker_buy_quote_volume,ignore
1695168000000,27195.90,27381,26923.30,27089.50,88542.320,1695196799999,2402422745.07184,877095,44390.373,1204599954.36726,0
1695196800000,27089.50,27228.80,26930.30,27168.70,107291.703,1695225599999,2905670145.60676,1067374,53509.821,1449290033.81676,0
1695225600000,27168.70,27297.90,26740,27107.70,153087.424,1695254399999,4145287174.30060,1487219,75498.243,2044704424.90078,0
