open_time,open,high,low,close,volume,close_time,quote_volume,count,taker_buy_volume,taker_buy_quote_volume,ignore
1660780800000,23333.10,23505.20,23280.00,23402.50,84944.188,1660809599999,1988362859.06350,805907,43583.345,1020252763.96200,0
1660809600000,23402.50,23595.00,23336.10,23439.40,135791.996,1660838399999,3186633571.13634,1096437,67613.574,1586744002.10954,0
1660838400000,23439.50,23458.60,23101.00,23185.10,126962.822,1660867199999,2959740565.82017,1106061,62296.891,1452391595.22420,0
