open_time,open,high,low,close,volume,close_time,quote_volume,count,taker_buy_volume,taker_buy_quote_volume,ignore
1669075200000,15772.90,15960.00,15610.30,15754.90,161681.159,1669103999999,2554464162.54795,898700,80199.214,1267227602.28287,0
1669104000000,15754.90,16309.00,15653.80,16232.80,285745.047,1669132799999,4561991371.19534,1611605,151640.705,2421505424.44924,0
1669132800000,16232.80,16282.40,16040.00,16220.60,131907.438,1669161599999,2131152218.58550,928004,67073.715,1083759169.14750,0
