open_time,open,high,low,close,volume,close_time,quote_volume,count,taker_buy_volume,taker_buy_quote_volume,ignore
1731283200000,80409.90,81944.60,80261.20,81147.90,85491.626,1731311999999,6935552928.28830,1542151,41861.319,3396593553.11560,0
1731312000000,81147.80,84359.70,81051.60,84114.20,195605.953,1731340799999,16142247067.46930,2579953,101248.492,8359413903.04330,0
1731340800000,84114.10,89800.00,83897.20,88728.90,333044.083,1731369599999,28843509643.95610,3969349,173113.882,14991714353.58810,0
