open_time,open,high,low,close,volume,close_time,quote_volume,count,taker_buy_volume,taker_buy_quote_volume,ignore
1672358400000,16630.30,16641.10,16410.00,16467.50,82614.923,1672387199999,1366201326.60880,357857,37538.776,620817933.22930,0
1672387200000,16467.60,16568.50,16320.00,16547.70,143403.206,1672415999999,2361941255.17050,607224,71461.266,1177206792.43620,0
1672416000000,16547.70,16666.60,16510.00,16601.20,69612.361,1672444799999,1153053015.07400,346907,36078.745,597653711.99990,0
