open_time,open,high,low,close,volume,close_time,quote_volume,count,taker_buy_volume,taker_buy_quote_volume,ignore
1719446400000,60860.10,61327.90,60605.00,60786.40,33097.891,1719475199999,2016571359.05730,466773,16463.579,1003200778.30240,0
1719475200000,60786.40,62379.70,60730.00,61570.50,92172.397,1719503999999,5676782554.05050,1028766,46389.132,2856154820.67220,0
1719504000000,61570.60,61997.20,61340.00,61682.00,34902.194,1719532799999,2151992214.76640,448448,17840.212,1099997826.00620,0
