open_time,open,high,low,close,volume,close_time,quote_volume,count,taker_buy_volume,taker_buy_quote_volume,ignore
1670630400000,17122.00,17170.20,17106.50,17144.60,37513.133,1670659199999,642979490.04600,240573,19533.999,334829264.51250,0
1670659200000,17144.50,17228.60,17105.00,17200.30,57253.839,1670687999999,982453530.34220,331837,30788.912,528384522.49750,0
1670688000000,17200.30,17220.00,17081.00,17120.00,47128.235,1670716799999,808332584.62310,296436,21941.466,376326077.59900,0
