open_time,open,high,low,close,volume,close_time,quote_volume,count,taker_buy_volume,taker_buy_quote_volume,ignore
1702512000000,42875,43126.20,42670.50,42910.10,63661.125,1702540799999,2726767130.82697,688973,31173.473,1335375185.76511,0
1702540800000,42910.20,43379.30,41140,42454.10,188019.885,1702569599999,8003291915.91776,1742803,91326.766,3889392728.79393,0
1702569600000,42454.10,43450.10,42454.10,43032.40,109947.315,1702598399999,4726651708.54763,1124968,56549.308,2431240203.75140,0
