open_time,open,high,low,close,volume,close_time,quote_volume,count,taker_buy_volume,taker_buy_quote_volume,ignore
1689811200000,29895.50,30240.20,29866.00,30195.50,77811.544,1689839999999,2339525039.50667,732465,40724.646,1224629819.23177,0
1689840000000,30195.60,30420.00,29600.00,29792.80,225552.243,1689868799999,6777995773.72126,1655432,107993.846,3246072084.11934,0
1689868800000,29792.90,29880.20,29468.80,29791.00,106899.977,1689897599999,3178318419.00881,940421,51930.384,1544303198.03868,0
