open_time,open,high,low,close,volume,close_time,quote_volume,count,taker_buy_volume,taker_buy_quote_volume,ignore
1700352000000,36580.90,36684.90,36400,36624,28486.136,1700380799999,1040830626.76251,360786,14858.846,542969184.69236,0
1700380800000,36624,36720.90,36380,36575.10,39275.258,1700409599999,1434138737.05651,456923,18960.919,692402333.38879,0
1700409600000,36575.10,37528.20,36515.50,37375.90,86951.613,1700438399999,3220122931.49885,889752,47283.350,1750613706.61063,0
