open_time,open,high,low,close,volume,close_time,quote_volume,count,taker_buy_volume,taker_buy_quote_volume,ignore
1674172800000,21068.30,21223.20,20856.40,20954.20,103446.827,1674201599999,2176488676.11260,652806,50840.614,1069936249.35320,0
1674201600000,20954.10,21250.00,20895.40,21139.70,136784.695,1674230399999,2881806115.04090,767933,70516.515,1485747205.41100,0
1674230400000,21139.70,22750.00,21136.10,22661.10,483413.678,1674259199999,10603511810.97079,2482854,257234.608,5642551667.02809,0
