open_time,open,high,low,close,volume,close_time,quote_volume,count,taker_buy_volume,taker_buy_quote_volume,ignore
1726876800000,63175.80,63282.00,62714.20,63060.00,30280.061,1726905599999,1906536381.86330,406063,15061.473,948377755.14010,0
1726905600000,63060.10,63286.90,62936.80,63146.60,22665.692,1726934399999,1430198531.60430,322371,11512.577,726507170.95680,0
1726934400000,63146.60,63546.90,63025.00,63320.60,25302.609,1726963199999,1599963181.59750,345449,12815.016,810385245.71020,0
