open_time,open,high,low,close,volume,close_time,quote_volume,count,taker_buy_volume,taker_buy_quote_volume,ignore
1668297600000,16806.90,16950.00,16550.00,16765.50,89199.254,1668326399999,1496921497.98034,652791,42944.621,720832427.11950,0
1668326400000,16765.40,16786.20,16413.80,16568.40,135647.595,1668355199999,2251121049.94838,967986,66892.691,1110243226.73744,0
1668355200000,16568.40,16616.10,16210.30,16321.20,124895.987,1668383999999,2053544718.23844,900869,60715.959,998490526.02730,0
