open_time,open,high,low,close,volume,close_time,quote_volume,count,taker_buy_volume,taker_buy_quote_volume,ignore
1696636800000,27916.30,27944.60,27822.10,27878.20,40232.120,1696665599999,1122065544.10440,469384,19410.785,541402861.46620,0
1696665600000,27878.10,28018.70,27865.40,27926.40,46690.091,1696694399999,1304680812.47580,514479,23635.457,660521490.82200,0
1696694400000,27926.50,27952.60,27831.80,27943,30126.934,1696723199999,840595801.52740,349565,14378.354,401195651.32860,0
