open_time,open,high,low,close,volume,close_time,quote_volume,count,taker_buy_volume,taker_buy_quote_volume,ignore
1723420800000,58693.10,59055.00,57615.00,58640.10,74798.452,1723449599999,4369955412.71750,1192582,36957.415,2159779199.88640,0
1723449600000,58640.10,60666.00,57774.00,60171.20,205646.151,1723478399999,12187866727.71730,2508019,103036.948,6107855337.97250,0
1723478400000,60171.30,60390.80,58403.90,59323.60,86681.687,1723507199999,5136882564.95800,1292455,43259.864,2563979753.51500,0
