open_time,open,high,low,close,volume,close_time,quote_volume,count,taker_buy_volume,taker_buy_quote_volume,ignore
1679184000000,26907.00,27282.70,26815.90,26963.40,116932.247,1679212799999,3162794722.79738,1245400,57658.209,1559714957.25618,0
1679212800000,26963.40,27799.90,26868.70,27534.30,234478.530,1679241599999,6394304006.75846,1934067,121350.049,3310333674.52540,0
1679241600000,27533.70,28397.00,27456.00,27955.70,407956.301,1679270399999,11420040946.44075,3241538,206916.605,5793279002.90414,0
