open_time,open,high,low,close,volume,close_time,quote_volume,count,taker_buy_volume,taker_buy_quote_volume,ignore
1670025600000,17083.00,17160.00,16915.70,16954.70,68597.253,1670054399999,1167135873.33780,407056,33106.228,563387104.81600,0
1670054400000,16954.70,16978.00,16881.40,16953.80,60547.984,1670083199999,1025751243.02800,366636,30622.327,518814922.84570,0
1670083200000,16953.90,16975.00,16850.10,16879.50,56112.005,1670111999999,949238481.36280,346360,27421.714,463923039.20970,0
