open_time,open,high,low,close,volume,close_time,quote_volume,count,taker_buy_volume,taker_buy_quote_volume,ignore
1663804800000,18447.50,18962.10,18345.20,18923.80,219795.540,1663833599999,4099169786.93763,1378700,111668.073,2083198598.99913,0
1663833600000,18923.80,19310.00,18782.70,18975.50,386058.488,1663862399999,7363746154.16380,2197520,198558.629,3787919923.94872,0
1663862400000,18975.50,19504.80,18767.60,19392.50,247044.363,1663891199999,4740682751.61153,1558785,126188.861,2421877812.23103,0
