open_time,open,high,low,close,volume,close_time,quote_volume,count,taker_buy_volume,taker_buy_quote_volume,ignore
1679443200000,28091.10,28286.30,27930.00,28088.20,116898.018,1679471999999,3287079818.78982,1253009,57871.689,1627448676.57714,0
1679472000000,28088.20,28758.10,27962.10,28586.20,282620.035,1679500799999,8024563424.16542,2253587,145766.672,4139674560.20274,0
1679500800000,28586.10,28881.00,26590.00,27233.80,680875.217,1679529599999,18875098461.81449,5128574,332900.227,9232107474.59451,0
