open_time,open,high,low,close,volume,close_time,quote_volume,count,taker_buy_volume,taker_buy_quote_volume,ignore
1674432000000,22704.70,22825.90,22596.80,22692.40,84286.431,1674460799999,1915340552.48640,529013,41274.077,938013408.58370,0
1674460800000,22692.40,23160.00,22500.00,22852.00,252765.375,1674489599999,5770602515.61816,1416285,127249.589,2905544764.41171,0
1674489600000,22852.10,23193.10,22653.00,22913.10,188751.034,1674518399999,4326899911.77459,1187654,93770.254,2149711766.04124,0
