open_time,open,high,low,close,volume,close_time,quote_volume,count,taker_buy_volume,taker_buy_quote_volume,ignore
1705795200000,41691.80,41735.00,41544.00,41648.60,14425.225,1705823999999,600966834.07800,234921,7193.541,299698022.01520,0
1705824000000,41648.50,41880.90,41600.00,41652.80,28672.017,1705852799999,1197096391.19400,420195,13849.945,578279981.98835,0
1705852800000,41652.70,41820.00,41500.00,41580.00,23938.310,1705881599999,996971006.81441,356422,12223.703,509136413.88307,0
