open_time,open,high,low,close,volume,close_time,quote_volume,count,taker_buy_volume,taker_buy_quote_volume,ignore
1725494400000,57944.80,58318.90,56500.80,57127.00,79990.646,1725523199999,4581046843.17398,938049,38286.216,2192725414.57774,0
1725523200000,57126.90,57300.00,55779.10,55947.00,143672.766,1725551999999,8135524538.34380,1652890,69631.184,3944047125.88750,0
1725552000000,55947.00,56688.90,55600.00,56145.70,71040.180,1725580799999,3989911810.34140,1033035,34282.428,1925633188.48773,0
