open_time,open,high,low,close,volume,close_time,quote_volume,count,taker_buy_volume,taker_buy_quote_volume,ignore
1688947200000,30147.80,30235.00,29928.80,30100.00,80200.966,1688975999999,2412979119.16636,784881,39492.813,1188313214.30342,0
1688976000000,30100.00,30359.70,29966.60,30297.60,99953.727,1689004799999,3018602279.13731,918977,50833.676,1535334512.46081,0
1689004800000,30297.50,31040.00,30100.00,30396.90,248960.844,1689033599999,7610216477.68360,1937355,125249.785,3829417997.68346,0
