open_time,open,high,low,close,volume,close_time,quote_volume,count,taker_buy_volume,taker_buy_quote_volume,ignore
1679270400000,27955.80,28261.90,27120.60,28168.50,294086.154,1679299199999,8127162081.18616,2362698,146400.756,4047311889.71014,0
1679299200000,28168.50,28483.20,27570.00,27679.70,388087.173,1679327999999,10893184405.36022,3095521,190452.396,5347756763.76295,0
1679328000000,27679.70,28180.80,27445.00,27704.10,255050.121,1679356799999,7083434134.76815,2300709,127048.378,3529137601.37925,0
