open_time,open,high,low,close,volume,close_time,quote_volume,count,taker_buy_volume,taker_buy_quote_volume,ignore
1698710400000,34483.80,34620.70,34080,34151.90,70250.347,1698739199999,2410552009.12349,900564,33429.246,1147214298.63216,0
1698739200000,34151.90,34563.60,34016.80,34290.20,117932.718,1698767999999,4047962647.98727,1428665,60247.237,2068107863.43726,0
1698768000000,34290.30,34744.70,34240,34651.40,84267.502,1698796799999,2909226236.79964,989349,43756.454,1510677021.88582,0
