open_time,open,high,low,close,volume,close_time,quote_volume,count,taker_buy_volume,taker_buy_quote_volume,ignore
1648598400000,47418.50,47585.40,46535.00,47371.60,74167.950,1648627199999,3498714818.83528,709052,35731.068,1686284842.96308,0
1648627200000,47371.50,47506.40,46850.00,47153.70,78513.668,1648655999999,3704876131.26502,769557,38161.783,1800958578.32483,0
1648656000000,47151.00,47688.60,46819.90,47053.20,82328.274,1648684799999,3885795830.94862,800405,40858.229,1928687693.83042,0
