open_time,open,high,low,close,volume,close_time,quote_volume,count,taker_buy_volume,taker_buy_quote_volume,ignore
1720656000000,57707.00,58380.00,57030.00,58168.10,69001.048,1720684799999,3987744425.31810,940196,35216.230,2035615067.68559,0
1720684800000,58168.20,59780.00,57242.00,57382.80,171155.065,1720713599999,10001682928.12020,1805499,84356.442,4932642621.00010,0
1720713600000,57382.80,57969.60,57118.00,57315.50,52950.846,1720742399999,3043848966.30910,747116,25744.941,1480148780.06600,0
