open_time,open,high,low,close,volume,close_time,quote_volume,count,taker_buy_volume,taker_buy_quote_volume,ignore
1663113600000,20162.60,20528.50,20031.10,20235.30,166034.318,1663142399999,3369883540.89139,1083336,82968.814,1683997578.36329,0
1663142400000,20235.40,20413.10,20050.00,20165.60,222294.204,1663171199999,4501315196.18247,1487834,110888.205,2245830799.91550,0
1663171200000,20165.60,20384.40,19600.00,20217.00,273474.075,1663199999999,5466882454.61721,1804562,135624.925,2711925364.35296,0
