open_time,open,high,low,close,volume,close_time,quote_volume,count,taker_buy_volume,taker_buy_quote_volume,ignore
1700092800000,37885.50,37956.50,37351,37460.70,81446.374,1700121599999,3062099362.20651,898269,40006.919,1504255362.02414,0
1700121600000,37460.60,37574.90,36251,36423.10,187636.446,1700150399999,6935628390.74468,1833737,89316.038,3302021717.82280,0
1700150400000,36423.30,36658.20,35486.10,36176,165361.546,1700179199999,5965757935.13985,1698135,80240.882,2895883500.54014,0
