open_time,open,high,low,close,volume,close_time,quote_volume,count,taker_buy_volume,taker_buy_quote_volume,ignore
1728777600000,63176.00,63260.00,62615.40,62819.00,31792.895,1728806399999,1998836886.42250,433354,14986.564,942136267.75900,0
1728806400000,62819.00,62938.10,62020.00,62195.30,45925.138,1728835199999,2868593962.28550,602317,22473.470,1403854817.20680,0
1728835200000,62195.20,63118.30,62141.10,62839.80,51978.123,1728863999999,3255322167.73310,701301,27591.680,1728170888.92730,0
