open_time,open,high,low,close,volume,close_time,quote_volume,count,taker_buy_volume,taker_buy_quote_volume,ignore
1691971200000,29293.30,29466.30,29070.00,29410.50,90486.740,1691999999999,2650586615.49339,700034,45176.159,1323685118.88268,0
1692000000000,29410.40,29665.00,29319.90,29592.90,105381.222,1692028799999,3107225252.82276,745134,55799.541,1645345081.26186,0
1692028800000,29592.80,29686.70,29233.00,29419.50,99167.421,1692057599999,2919308863.43698,789896,46820.990,1378389071.80950,0
