open_time,open,high,low,close,volume,close_time,quote_volume,count,taker_buy_volume,taker_buy_quote_volume,ignore
1691712000000,29443.70,29489.50,29336.00,29406.70,37689.892,1691740799999,1108817237.11180,328281,18827.571,553946439.03460,0
1691740800000,29406.80,29565.10,29333.90,29383.00,89766.582,1691769599999,2642199070.97894,682597,44927.486,1322513422.69994,0
1691769600000,29382.90,29437.20,29220.00,29415.50,51587.534,1691798399999,1514169880.05398,418997,24668.132,724151888.21730,0
