open_time,open,high,low,close,volume,close_time,quote_volume,count,taker_buy_volume,taker_buy_quote_volume,ignore
1719360000000,61777.90,62465.10,61500.60,61705.30,42472.046,1719388799999,2627077168.07670,555923,21865.673,1352564849.53230,0
1719388800000,61705.30,61959.40,61140.20,61453.20,65066.053,1719417599999,3999877954.34450,786033,32220.274,1980790012.19300,0
1719417600000,61453.30,61532.50,60696.00,60860.10,63063.081,1719446399999,3847268521.31210,730234,31460.863,1919301967.20480,0
