open_time,open,high,low,close,volume,close_time,quote_volume,count,taker_buy_volume,taker_buy_quote_volume,ignore
1696723200000,27943,28082,27864.60,27892.40,51377.299,1696751999999,1436820745.19590,532910,26099.017,729879499.93040,0
1696752000000,27892.40,27989.80,27671,27883.50,81396.078,1696780799999,2266776334.54500,847953,40231.529,1120615045.87888,0
1696780800000,27883.50,27968.70,27780.40,27901.20,45606.930,1696809599999,1271404649.77040,559382,22457.567,626130586.69360,0
