open_time,open,high,low,close,volume,close_time,quote_volume,count,taker_buy_volume,taker_buy_quote_volume,ignore
1701734400000,41993.10,41993.10,41393.50,41534.20,76743.918,1701763199999,3201560755.63918,875074,36955.987,1541800429.97734,0
1701763200000,41534.30,42542,41422,42266.70,132384.719,1701791999999,5556556986.19856,1205763,68246.842,2864964363.43208,0
1701792000000,42266.80,44528.10,42124.60,44081.70,365909.404,1701820799999,15925908982.44728,2876344,188410.872,8199443913.00843,0
