open_time,open,high,low,close,volume,close_time,quote_volume,count,taker_buy_volume,taker_buy_quote_volume,ignore
1720569600000,58023.10,59449.60,57315.90,58948.10,96903.433,1720598399999,5681373640.27790,1157736,50282.663,2948750021.21260,0
1720598400000,58948.00,59013.90,57416.50,57658.00,107573.678,1720627199999,6253389610.42200,1250122,50601.223,2941926365.56170,0
1720627200000,57658.10,57995.00,57125.00,57707.00,49771.826,1720655999999,2864903488.24350,689652,25520.642,1469233846.49330,0
