open_time,open,high,low,close,volume,close_time,quote_volume,count,taker_buy_volume,taker_buy_quote_volume,ignore
1680048000000,27249.70,28210.70,27223.60,28077.70,201131.194,1680076799999,5575273486.06219,1565454,107301.319,2974889367.75199,0
1680076800000,28077.80,28649.90,28025.50,28426.30,303448.843,1680105599999,8614693571.61528,2412292,156054.427,4430473344.65656,0
1680105600000,28426.40,28500.00,28119.50,28338.50,151272.934,1680134399999,4282679863.34180,1410688,73366.446,2077218169.41136,0
