open_time,open,high,low,close,volume,close_time,quote_volume,count,taker_buy_volume,taker_buy_quote_volume,ignore
1721606400000,68138.00,68459.70,67100.00,67210.30,56164.726,1721635199999,3806239451.58660,767970,26683.918,1808729746.49820,0
1721635200000,67210.40,67932.20,66538.60,67044.30,76942.735,1721663999999,5170431558.14560,1026787,38157.007,2564432878.41000,0
1721664000000,67044.30,68228.60,66784.10,67499.20,59883.930,1721692799999,4047206356.53920,866553,30132.471,2036778795.11320,0
