open_time,open,high,low,close,volume,close_time,quote_volume,count,taker_buy_volume,taker_buy_quote_volume,ignore
1731369600000,88729.00,90070.10,86657.40,89095.40,194995.230,1731398399999,17272656792.25560,2853783,97434.770,8632793706.99910,0
1731398400000,89095.50,89590.20,85159.90,86659.90,283696.880,1731427199999,24690230008.45440,3868649,136376.275,11869337559.43420,0
1731427200000,86660.00,89920.00,85792.50,87972.00,160789.474,1731455999999,14182359307.91860,2304923,80545.561,7104867332.37580,0
