open_time,open,high,low,close,volume,close_time,quote_volume,count,taker_buy_volume,taker_buy_quote_volume,ignore
1703548800000,43611.90,43635.10,42552.30,42798.70,91511.472,1703577599999,3937609230.95363,910886,40938.270,1761237678.47113,0
1703577600000,42798.70,42870.00,42109.00,42423.10,91346.833,1703606399999,3890305435.30862,898672,43067.972,1834730164.53296,0
1703606400000,42423.10,42630.40,41597.00,42538.50,112725.373,1703635199999,4751768170.92166,1109898,54756.578,2309014916.29258,0
