open_time,open,high,low,close,volume,close_time,quote_volume,count,taker_buy_volume,taker_buy_quote_volume,ignore
1702944000000,42671.80,43550.00,42595.10,43062.00,103803.547,1702972799999,4465062608.50579,1110578,53843.684,2316699865.87227,0
1702972800000,43062.10,43297.10,42238.70,42512.80,108539.386,1703001599999,4645030070.14991,1202909,51414.003,2200650111.55311,0
1703001600000,42512.90,42675.00,41835.40,42298.30,102968.911,1703030399999,4347556881.81414,1152029,52030.459,2196859036.26345,0
