open_time,open,high,low,close,volume,close_time,quote_volume,count,taker_buy_volume,taker_buy_quote_volume,ignore
1720483200000,56686.40,57744.80,56256.20,57102.50,81988.815,1720511999999,4674695941.82652,1070345,40802.012,2326837475.11903,0
1720512000000,57102.50,58159.60,56862.90,57445.30,116323.487,1720540799999,6679571128.90360,1355745,59618.371,3424140465.25198,0
1720540800000,57445.30,58290.60,57318.30,58023.20,58924.746,1720569599999,3406207023.63100,796580,30069.337,1738645412.19180,0
