open_time,open,high,low,close,volume,close_time,quote_volume,count,taker_buy_volume,taker_buy_quote_volume,ignore
1696550400000,27398.30,27644,27382.60,27626.80,57709.432,1696579199999,1588064850.10608,573836,30990.906,852860433.33538,0
1696579200000,27626.80,28035.60,27156,27926.50,245076.233,1696607999999,6765131191.12066,2058615,123366.975,3406458005.17287,0
1696608000000,27926.60,28450,27773,27916.30,135660.239,1696636799999,3795187569.50503,1398172,70073.418,1961308407.84780,0
