open_time,open,high,low,close,volume,close_time,quote_volume,count,taker_buy_volume,taker_buy_quote_volume,ignore
1668988800000,16272.70,16304.30,15888.00,16032.20,240314.797,1669017599999,3870008020.14611,1321688,116316.943,1873554733.35737,0
1669017600000,16032.10,16273.00,15955.20,16122.70,175058.362,1669046399999,2820180373.76667,1048136,90284.320,1454604849.05897,0
1669046400000,16122.60,16131.70,15443.20,15773.00,374846.206,1669075199999,5925337289.43717,1914520,181258.513,2865551619.68218,0
