open_time,open,high,low,close,volume,close_time,quote_volume,count,taker_buy_volume,taker_buy_quote_volume,ignore
1664582400000,19411.60,19474.00,19254.90,19305.50,95277.299,1664611199999,1844006348.10200,632334,46197.384,894131179.31140,0
1664611200000,19305.50,19396.50,19140.00,19322.80,116615.295,1664639999999,2250455174.51103,750395,57196.616,1103999995.47980,0
1664640000000,19322.90,19345.00,19190.40,19304.00,82564.415,1664668799999,1591088774.80880,557125,40791.532,786115302.10620,0
