open_time,open,high,low,close,volume,close_time,quote_volume,count,taker_buy_volume,taker_buy_quote_volume,ignore
1723507200000,59323.70,59895.00,58803.00,59209.00,52552.060,1723535999999,3117580644.53690,883418,25644.492,1521419764.87190,0
1723536000000,59209.10,59748.80,58360.00,59438.40,85536.318,1723564799999,5053981432.49850,1285664,41873.411,2474358227.07100,0
1723564800000,59438.40,61545.00,59402.60,60550.50,117846.343,1723593599999,7159772057.73960,1497554,61271.878,3721973381.77100,0
