open_time,open,high,low,close,volume,close_time,quote_volume,count,taker_buy_volume,taker_buy_quote_volume,ignore
1692489600000,26088.40,26197.00,26027.90,26073.60,31154.713,1692518399999,812843792.08150,355256,15338.551,400226928.95100,0
1692518400000,26073.60,26209.60,25948.50,26095.00,60099.933,1692547199999,1568580416.36860,572521,29121.766,760125508.45720,0
1692547200000,26095.00,26285.00,25982.30,26175.90,49835.204,1692575999999,1302856328.03464,470453,24731.867,646679829.45564,0
