open_time,open,high,low,close,volume,close_time,quote_volume,count,taker_buy_volume,taker_buy_quote_volume,ignore
1685404800000,27722.10,27933.00,27569.30,27721.00,82337.447,1685433599999,2285600656.88220,763479,40221.897,1116684006.83918,0
1685433600000,27721.10,28038.60,27602.00,27665.00,165882.352,1685462399999,4616661922.07190,1453573,81141.975,2258462385.44108,0
1685462400000,27665.00,27849.80,27530.00,27680.10,86159.514,1685491199999,2387591809.40460,837816,42094.433,1166608933.83182,0
