open_time,open,high,low,close,volume,close_time,quote_volume,count,taker_buy_volume,taker_buy_quote_volume,ignore
1706486400000,42021.20,42493.00,41865.40,42040.00,52038.153,1706515199999,2195279197.05995,685096,25611.960,1080508382.70192,0
1706515200000,42040.00,42636.00,41768.30,42623.20,84309.695,1706543999999,3552372671.57364,1108364,43101.208,1816528657.55389,0
1706544000000,42623.10,43340.80,42495.70,43287.70,113154.262,1706572799999,4867459533.62712,1470938,58100.902,2499325594.68169,0
