open_time,open,high,low,close,volume,close_time,quote_volume,count,taker_buy_volume,taker_buy_quote_volume,ignore
1670544000000,17216.00,17288.70,17179.10,17203.70,65790.810,1670572799999,1132663864.03450,404919,34101.047,587120266.98310,0
1670572800000,17203.70,17365.40,17060.00,17170.40,164127.982,1670601599999,2820156034.41630,852283,81743.397,1404929770.00080,0
1670601600000,17170.30,17178.50,17052.00,17122.00,60312.391,1670630399999,1032863449.74310,371428,29388.882,503286235.15830,0
