open_time,open,high,low,close,volume,close_time,quote_volume,count,taker_buy_volume,taker_buy_quote_volume,ignore
1681862400000,30365.80,30410.00,29960.00,30064.80,99963.755,1681891199999,3016418726.51792,917391,47442.953,1431670608.06980,0
1681891200000,30064.70,30067.10,28800.00,29247.90,323041.461,1681919999999,9464027423.22525,2393462,152623.051,4471147533.25775,0
1681920000000,29248.00,29357.20,28557.30,28795.10,220860.894,1681948799999,6410376597.03214,1821783,104850.999,3043840396.63630,0
