open_time,open,high,low,close,volume,close_time,quote_volume,count,taker_buy_volume,taker_buy_quote_volume,ignore
1668643200000,16650.70,16741.70,16403.30,16602.00,109986.647,1668671999999,1823474297.87204,747065,53251.775,882917861.43370,0
1668672000000,16602.00,16710.00,16420.20,16526.80,176333.212,1668700799999,2917981864.95880,1084594,88903.175,1471268196.15950,0
1668700800000,16526.70,16740.00,16508.80,16682.10,122669.426,1668729599999,2043080991.49654,774211,63536.408,1058246513.73254,0
