open_time,open,high,low,close,volume,close_time,quote_volume,count,taker_buy_volume,taker_buy_quote_volume,ignore
1666742400000,20068.30,20368.30,20041.10,20333.70,151004.292,1666771199999,3052155134.03479,929025,77144.960,1559519179.27789,0
1666771200000,20333.60,21030.00,20270.00,20835.70,486967.001,1666799999999,10063805400.48974,2440973,248026.667,5126846149.19015,0
1666800000000,20835.60,20985.40,20631.70,20758.30,203893.689,1666828799999,4236730656.52823,1224816,100063.376,2079410923.76510,0
