open_time,open,high,low,close,volume,close_time,quote_volume,count,taker_buy_volume,taker_buy_quote_volume,ignore
1691798400000,29415.50,29450.00,29360.00,29410.20,18969.236,1691827199999,557706851.66340,192619,9436.348,277448809.72860,0
1691827200000,29410.20,29445.30,29378.60,29426.00,20659.638,1691855999999,607672978.84790,206780,10825.755,318427796.56420,0
1691856000000,29426.00,29470.00,29385.10,29420.70,16609.161,1691884799999,488726530.63060,182676,8552.498,251651418.00780,0
