open_time,open,high,low,close,volume,close_time,quote_volume,count,taker_buy_volume,taker_buy_quote_volume,ignore
1670457600000,16828.00,16880.00,16772.50,16816.70,67245.178,1670486399999,1131088027.12930,413593,34245.265,576057127.19410,0
1670486400000,16816.80,16948.70,16710.40,16907.70,132478.722,1670515199999,2231950552.53750,670519,69064.620,1163790331.32260,0
1670515200000,16907.70,17294.90,16901.00,17216.00,202433.435,1670543999999,3470172115.45861,1039411,109415.381,1875525994.70911,0
