open_time,open,high,low,close,volume,close_time,quote_volume,count,taker_buy_volume,taker_buy_quote_volume,ignore
1724371200000,60349.90,61370.00,60301.50,61045.00,47349.744,1724399999999,2881581886.67060,659558,25218.696,1534899660.64320,0
1724400000000,61045.00,62307.60,60651.60,61499.00,153226.770,1724428799999,9402002094.55610,1777867,76731.863,4709403319.10010,0
1724428800000,61498.60,65000.00,61300.00,64019.90,181914.195,1724457599999,11517565160.20960,2204932,95514.960,6048239901.16070,0
