open_time,open,high,low,close,volume,close_time,quote_volume,count,taker_buy_volume,taker_buy_quote_volume,ignore
1724716800000,62807.70,63196.00,62618.00,62882.00,50107.175,1724745599999,3152480004.80510,693992,25065.593,1576902619.39830,0
1724745600000,62881.90,62987.10,61426.10,61673.30,115834.401,1724774399999,7199860987.19300,1388768,55890.250,3474743918.55770,0
1724774400000,61673.40,62165.00,57928.20,59384.50,173328.229,1724803199999,10427182757.72870,2065575,80157.082,4822814101.49830,0
