open_time,open,high,low,close,volume,close_time,quote_volume,count,taker_buy_volume,taker_buy_quote_volume,ignore
1726617600000,60281.00,60747.70,59838.00,60403.70,45766.267,1726646399999,2761216738.80200,643703,23654.717,1427134630.63780,0
1726646400000,60403.60,60403.70,59261.90,59400.10,98880.928,1726675199999,5904722113.87060,1145767,47762.798,2851916609.14750,0
1726675200000,59400.10,61765.00,59138.00,61735.30,211082.117,1726703999999,12751571638.42150,2396407,107139.515,6474194041.92850,0
