open_time,open,high,low,close,volume,close_time,quote_volume,count,taker_buy_volume,taker_buy_quote_volume,ignore
1701043200000,37437.90,37560,37005,37272.10,56362.123,1701071999999,2103028875.74319,639424,26092.244,973775257.30678,0
1701072000000,37272,37457,36725.10,36743.20,126746.092,1701100799999,4691164840.23044,1212079,61939.184,2292919415.48598,0
1701100800000,36743.30,37279,36700,37234.30,83004.484,1701129599999,3070402264.25173,857823,41473.599,1534581369.16526,0
