open_time,open,high,low,close,volume,close_time,quote_volume,count,taker_buy_volume,taker_buy_quote_volume,ignore
1728345600000,62190.60,62794.00,61941.00,62291.40,64104.147,1728374399999,4001846779.84840,834024,31747.314,1981993010.99400,0
1728374400000,62291.40,63178.70,61836.00,62259.90,105150.693,1728403199999,6572546619.36420,1297328,52548.673,3285116024.92650,0
1728403200000,62259.90,62571.80,61843.60,62131.70,57021.519,1728431999999,3547848597.99570,876436,29090.126,1810022180.28480,0
