open_time,open,high,low,close,volume,close_time,quote_volume,count,taker_buy_volume,taker_buy_quote_volume,ignore
1699660800000,37330.30,37422.20,36921.10,37030.50,57840.622,1699689599999,2147060950.64266,708419,27852.630,1034004815.50108,0
1699689600000,37030.50,37297.90,36935.10,37071.50,46944.093,1699718399999,1741753483.60337,556351,23553.400,873895517.22618,0
1699718400000,37071.50,37211.80,36588,37162.10,54454.569,1699747199999,2014613855.71337,588378,26318.239,974096683.36232,0
