open_time,open,high,low,close,volume,close_time,quote_volume,count,taker_buy_volume,taker_buy_quote_volume,ignore
1663459200000,20102.00,20105.30,19938.40,20041.20,69403.048,1663487999999,1388883803.01660,471544,33675.058,673920702.36270,0
1663488000000,20041.30,20093.90,19707.00,19804.50,190508.384,1663516799999,3790231505.76005,1008859,93038.107,1851198216.09510,0
1663516800000,19804.40,19869.90,19325.80,19404.50,240005.042,1663545599999,4700191315.83038,1360007,114550.437,2243794623.00090,0
