open_time,open,high,low,close,volume,close_time,quote_volume,count,taker_buy_volume,taker_buy_quote_volume,ignore
1724889600000,59010.00,59734.10,58834.00,59548.90,36408.946,1724918399999,2157361483.81260,568458,17950.495,1063752614.92380,0
1724918400000,59548.90,61144.90,59340.00,60750.90,96453.150,1724947199999,5818945570.68350,1317792,50080.100,3021372234.00530,0
1724947200000,60750.90,60930.00,58655.00,59323.20,101034.589,1724975999999,6022662316.83670,1333851,48133.356,2869058044.50750,0
