open_time,open,high,low,close,volume,close_time,quote_volume,count,taker_buy_volume,taker_buy_quote_volume,ignore
1684195200000,27152.50,27284.70,26832.00,27240.60,139514.380,1684223999999,3776642605.75928,1408777,69658.603,1886155619.98288,0
1684224000000,27240.60,27274.20,26880.10,27027.90,151771.014,1684252799999,4105671309.05540,1501698,73825.626,1997264392.05250,0
1684252800000,27027.90,27144.00,26862.00,27024.80,81887.557,1684281599999,2211097255.60220,969736,40481.431,1093192575.28760,0
