open_time,open,high,low,close,volume,close_time,quote_volume,count,taker_buy_volume,taker_buy_quote_volume,ignore
1702252800000,43810.10,43833.40,40272.10,42128,267693.123,1702281599999,11311690217.90060,2224564,123527.012,5217235662.15466,0
1702281600000,42128.10,42490.50,41682.20,41824.70,110740.017,1702310399999,4664537900.34586,1119483,54652.675,2302097943.58154,0
1702310400000,41824.60,41892.60,40228.30,41271,242320.299,1702339199999,9950858653.35101,2191024,120384.961,4944757123.64559,0
