open_time,open,high,low,close,volume,close_time,quote_volume,count,taker_buy_volume,taker_buy_quote_volume,ignore
1676332800000,21766.10,21806.50,21670.80,21759.90,55579.485,1676361599999,1207620527.06800,407526,28642.710,622364825.26610,0
1676361600000,21760.00,22320.00,21485.20,22033.30,372855.906,1676390399999,8164260848.95616,2056279,187137.268,4098025395.72716,0
1676390400000,22033.40,22275.00,21910.20,22187.40,170356.118,1676419199999,3766565395.25200,1118944,85934.785,1900165613.92900,0
