open_time,open,high,low,close,volume,close_time,quote_volume,count,taker_buy_volume,taker_buy_quote_volume,ignore
1672012800000,16824.50,16919.80,16813.20,16836.60,53359.892,1672041599999,899684129.78730,310555,27189.664,458464144.16790,0
1672041600000,16836.70,16863.00,16781.10,16801.20,46783.395,1672070399999,787338547.91030,248296,22973.773,386662222.97540,0
1672070400000,16801.10,16936.80,16792.00,16912.90,47985.412,1672099199999,808529570.44160,247765,26630.316,448758531.32430,0
