open_time,open,high,low,close,volume,close_time,quote_volume,count,taker_buy_volume,taker_buy_quote_volume,ignore
1729728000000,66647.30,67615.30,66482.00,67104.40,55037.116,1729756799999,3699970316.38650,784329,26726.472,1796839400.92910,0
1729756800000,67104.50,68000.00,66700.00,67672.70,86540.533,1729785599999,5836773487.66190,1215574,43586.428,2940195638.86020,0
1729785600000,67672.70,68842.50,67329.20,68173.80,70763.073,1729814399999,4817323867.90530,955341,36555.548,2489188339.66270,0
