open_time,open,high,low,close,volume,close_time,quote_volume,count,taker_buy_volume,taker_buy_quote_volume,ignore
1687651200000,30524.20,31053.20,30456.90,30714.00,115582.611,1687679999999,3557821797.76617,1236765,59687.524,1837284528.75238,0
1687680000000,30714.00,30754.20,30425.00,30574.10,97764.631,1687708799999,2993749050.41154,1107598,48732.047,1492565554.66040,0
1687708800000,30574.10,30649.60,30252.60,30458.00,88185.912,1687737599999,2685334616.75375,1054827,41468.988,1262914846.42662,0
