open_time,open,high,low,close,volume,close_time,quote_volume,count,taker_buy_volume,taker_buy_quote_volume,ignore
1686700800000,25918.00,26045.80,25820.00,25884.10,63385.404,1686729599999,1644276291.92240,710928,31311.433,812271935.76400,0
1686729600000,25884.10,26077.00,25872.50,25976.40,70541.496,1686758399999,1831704683.76516,778952,35940.837,933306985.39166,0
1686758400000,25976.40,26099.30,24796.80,25115.90,330754.702,1686787199999,8405948885.05348,2642572,154168.182,3919467578.76890,0
