open_time,open,high,low,close,volume,close_time,quote_volume,count,taker_buy_volume,taker_buy_quote_volume,ignore
1693526400000,25928.00,26094.10,25918.90,25975.20,45868.285,1693555199999,1193241222.50246,522024,23665.591,615662655.29476,0
1693555200000,25975.30,26151.60,25555.00,25798.00,142408.354,1693583999999,3687699008.31034,1314596,69931.619,1811362642.06301,0
1693584000000,25798.00,25958.10,25312.00,25795.60,172908.285,1693612799999,4433892591.56515,1578101,86891.500,2228840190.50329,0
