open_time,open,high,low,close,volume,close_time,quote_volume,count,taker_buy_volume,taker_buy_quote_volume,ignore
1729296000000,68407.80,68684.90,68270.80,68328.90,23576.142,1729324799999,1612849432.93930,390136,11687.496,799560098.37450,0
1729324800000,68328.90,68456.00,68042.50,68206.90,25909.353,1729353599999,1767685781.94050,397825,12421.744,847530734.07680,0
1729353600000,68206.90,68401.60,68000.00,68357.10,19146.613,1729382399999,1305790732.46640,313098,9242.253,630376026.91080,0
