open_time,open,high,low,close,volume,close_time,quote_volume,count,taker_buy_volume,taker_buy_quote_volume,ignore
1725840000000,54839.60,55351.40,54557.00,54939.10,60000.933,1725868799999,3295770410.47922,871228,29465.129,1618499320.55593,0
1725868800000,54939.00,55774.90,54755.00,55360.30,113099.285,1725897599999,6249149243.34445,1321301,58628.778,3239703549.79884,0
1725897600000,55360.30,58153.20,55319.40,57010.00,139994.143,1725926399999,7943790354.74213,1645302,73715.390,4184014793.79857,0
