open_time,open,high,low,close,volume,close_time,quote_volume,count,taker_buy_volume,taker_buy_quote_volume,ignore
1696291200000,27477.70,27665,27366.10,27528.10,63313.442,1696319999999,1743294112.29930,707584,31850.143,877068926.26790,0
1696320000000,27528,27630,27212.30,27332,123514.995,1696348799999,3388657041.00566,1240461,60089.178,1648623792.09220,0
1696348800000,27332.10,27479.50,27123,27412,96249.462,1696377599999,2632051216.99601,1027848,48144.560,1316810092.50726,0
