open_time,open,high,low,close,volume,close_time,quote_volume,count,taker_buy_volume,taker_buy_quote_volume,ignore
1726444800000,59100.50,59182.20,58079.70,58874.60,80547.431,1726473599999,4717364992.68860,1021171,40567.259,2376273703.76800,0
1726473600000,58874.60,59159.10,57550.00,57860.70,99849.909,1726502399999,5817759041.51040,1195429,47948.606,2794311360.07630,0
1726502400000,57860.70,58397.90,57446.30,58187.00,70302.092,1726531199999,4068217210.81410,902499,35848.856,2074638785.59270,0
