open_time,open,high,low,close,volume,close_time,quote_volume,count,taker_buy_volume,taker_buy_quote_volume,ignore
1669420800000,16516.20,16699.10,16505.20,16576.90,88233.389,1669449599999,1464846506.75220,536606,44956.683,746364815.45780,0
1669449600000,16576.90,16680.00,16471.50,16506.40,92840.807,1669478399999,1538367032.83010,536093,47122.238,780959484.90480,0
1669478400000,16506.40,16539.90,16369.10,16449.20,72327.463,1669507199999,1191316890.34940,445928,34550.855,569144725.19220,0
