open_time,open,high,low,close,volume,close_time,quote_volume,count,taker_buy_volume,taker_buy_quote_volume,ignore
1703116800000,43708.90,43920.00,43317.20,43794.80,61559.128,1703145599999,2684930962.89825,727686,30887.629,1347354933.95757,0
1703145600000,43794.90,44287.20,43386.20,43857.70,128151.063,1703174399999,5624520485.78580,1367034,63589.498,2791496154.89215,0
1703174400000,43857.70,44175.00,43390.00,43896.30,87211.964,1703203199999,3813688917.66767,974575,43042.963,1882648951.33081,0
