open_time,open,high,low,close,volume,close_time,quote_volume,count,taker_buy_volume,taker_buy_quote_volume,ignore
1681430400000,30362.70,31059.00,30293.00,30739.90,238836.108,1681459199999,7343614574.15574,1968839,124086.964,3815776839.16655,0
1681459200000,30739.90,30840.00,30080.10,30226.70,225695.320,1681487999999,6895130962.05760,1826178,106368.544,3250299201.99850,0
1681488000000,30226.70,30500.00,29925.00,30453.10,150860.187,1681516799999,4564471131.96766,1334500,74758.861,2262475145.07072,0
