open_time,open,high,low,close,volume,close_time,quote_volume,count,taker_buy_volume,taker_buy_quote_volume,ignore
1722038400000,67882.50,68278.80,67588.30,68013.60,32896.851,1722067199999,2234969160.98610,398510,16875.759,1146753060.80710,0
1722067200000,68013.50,69381.70,67864.80,68822.00,83682.518,1722095999999,5749129538.72190,942781,42763.426,2938080332.37430,0
1722096000000,68821.90,69200.00,66624.50,67873.80,214403.278,1722124799999,14581591915.72060,2313935,107713.874,7328229815.40330,0
