open_time,open,high,low,close,volume,close_time,quote_volume,count,taker_buy_volume,taker_buy_quote_volume,ignore
1729209600000,67401.50,68371.00,67165.00,67955.00,78838.435,1729238399999,5350063369.91180,1071752,40421.440,2743024767.71250,0
1729238400000,67955.10,68870.70,67629.00,68710.00,102756.233,1729267199999,7009324136.47340,1366986,53400.118,3643600488.26650,0
1729267200000,68710.00,69000.00,68173.40,68407.80,63707.093,1729295999999,4371562378.83330,903155,30884.755,2119584743.60810,0
