open_time,open,high,low,close,volume,close_time,quote_volume,count,taker_buy_volume,taker_buy_quote_volume,ignore
1679529600000,27233.80,27680.00,27101.00,27616.40,148383.831,1679558399999,4068870241.13648,1430717,76534.073,2098602998.83970,0
1679558400000,27616.30,28777.00,27267.00,28574.50,348002.641,1679587199999,9722030353.16715,2610130,179714.514,5022698696.95627,0
1679587200000,28574.60,28645.20,27757.10,28284.10,311787.575,1679615999999,8792247312.92464,2353648,155196.995,4377201567.21439,0
