open_time,open,high,low,close,volume,close_time,quote_volume,count,taker_buy_volume,taker_buy_quote_volume,ignore
1688169600000,30460.20,30527.20,30311.30,30448.10,53309.776,1688198399999,1621792422.53258,585807,26239.098,798271808.79740,0
1688198400000,30448.10,30668.20,30405.00,30561.50,56584.081,1688227199999,1727734550.80826,640004,29190.391,891319988.53336,0
1688227200000,30561.50,30626.00,30533.80,30573.60,25626.389,1688255999999,783572016.78760,364875,12062.761,368845087.25470,0
