open_time,open,high,low,close,volume,close_time,quote_volume,count,taker_buy_volume,taker_buy_quote_volume,ignore
1726012800000,57609.20,57729.00,56050.00,56675.10,87639.498,1726041599999,4972295354.93033,1160123,43492.187,2467570527.89966,0
1726041600000,56675.10,57138.00,55515.20,56676.10,161868.988,1726070399999,9123804717.17995,1951896,79089.601,4458476071.96828,0
1726070400000,56676.00,57954.40,56618.00,57306.00,88722.959,1726099199999,5093426955.18982,1227571,43954.526,2523007724.46383,0
