open_time,open,high,low,close,volume,close_time,quote_volume,count,taker_buy_volume,taker_buy_quote_volume,ignore
1664409600000,19407.40,19620.00,19259.40,19353.10,208264.861,1664438399999,4043933838.46590,1346617,104276.112,2025084720.31640,0
1664438400000,19353.20,19537.00,18827.20,19280.70,470242.191,1664467199999,9033400999.89653,2446597,232446.650,4465669217.79193,0
1664467200000,19280.70,19648.80,19114.20,19582.50,313171.172,1664495999999,6074329169.97487,1815102,162031.708,3143433745.33704,0
