open_time,open,high,low,close,volume,close_time,quote_volume,count,taker_buy_volume,taker_buy_quote_volume,ignore
1662163200000,19941.00,20050.00,19740.10,19808.20,90292.529,1662191999999,1796762947.61602,636163,43022.005,856337275.66450,0
1662192000000,19808.10,19894.00,19700.60,19764.30,105255.875,1662220799999,2084358992.84020,739089,50577.635,1001655934.60440,0
1662220800000,19764.30,19840.00,19628.70,19820.70,89692.585,1662249599999,1771657507.95450,657539,45312.448,895185790.06010,0
