open_time,open,high,low,close,volume,close_time,quote_volume,count,taker_buy_volume,taker_buy_quote_volume,ignore
1723852800000,58854.90,59363.00,58769.40,59222.00,25183.186,1723881599999,1488783232.51560,397207,13124.526,775935500.82720,0
1723881600000,59221.90,59638.80,59026.00,59357.60,31900.566,1723910399999,1891384835.03660,449643,15946.143,945594121.31200,0
1723910400000,59357.70,59690.20,59122.10,59468.50,20001.780,1723939199999,1188274657.80940,331530,10206.326,606428719.51900,0
