open_time,open,high,low,close,volume,close_time,quote_volume,count,taker_buy_volume,taker_buy_quote_volume,ignore
1726531200000,58187.00,58762.00,57588.80,58668.10,50473.832,1726559999999,2936834364.18570,645009,24766.837,1441335519.95650,0
1726560000000,58668.10,61345.00,58600.00,61103.00,175672.911,1726588799999,10522205636.28830,1852663,93211.282,5586374348.87110,0
1726588800000,61111.00,61240.60,59600.00,60281.00,92295.323,1726617599999,5579290615.20040,1217994,44672.871,2700553384.64430,0
