open_time,open,high,low,close,volume,close_time,quote_volume,count,taker_buy_volume,taker_buy_quote_volume,ignore
1696204800000,27981.40,28428.20,27811.60,28299.10,146334.874,1696233599999,4109249119.36899,1323153,76493.104,2148628855.93351,0
1696233600000,28299.20,28613,27971,28015,227765.674,1696262399999,6444601826.65947,1874736,112509.395,3184121983.19847,0
1696262400000,28015,28115,27255,27477.60,219177.172,1696291199999,6082695238.91883,1882138,106042.432,2944359162.52846,0
