open_time,open,high,low,close,volume,close_time,quote_volume,count,taker_buy_volume,taker_buy_quote_volume,ignore
1701475200000,38659.90,38815.50,38613.50,38683.90,31810.046,1701503999999,1231897086.06728,372872,15602.933,604310218.62812,0
1701504000000,38683.90,38859.50,38620,38787,34382.823,1701532799999,1332300205.43420,402454,17037.005,660225851.64224,0
1701532800000,38786.90,39900,38688.10,39435,147017.442,1701561599999,5779600230.78843,1261671,78607.416,3090691134.68228,0
