open_time,open,high,low,close,volume,close_time,quote_volume,count,taker_buy_volume,taker_buy_quote_volume,ignore
1671321600000,16768.10,16795.00,16695.70,16739.90,45942.628,1671350399999,769068171.05790,305208,23403.272,391786353.56990,0
1671350400000,16739.90,16758.70,16656.00,16676.40,60621.841,1671379199999,1012326713.75090,356663,29661.751,495342970.43160,0
1671379200000,16676.40,16872.00,16670.00,16730.30,79333.744,1671407999999,1329102555.26170,467966,42835.107,717717151.80930,0
