open_time,open,high,low,close,volume,close_time,quote_volume,count,taker_buy_volume,taker_buy_quote_volume,ignore
1681084800000,28309.40,28420.00,28180.00,28278.20,71616.066,1681113599999,2025570833.35200,557987,36766.073,1039985479.31440,0
1681113600000,28278.30,28590.00,28153.60,28427.70,125671.074,1681142399999,3561215068.74676,865432,64857.233,1838100554.04686,0
1681142400000,28427.70,29840.00,28368.90,29623.10,382774.785,1681171199999,11172788304.31723,2700033,205485.347,5997625833.12229,0
