open_time,open,high,low,close,volume,close_time,quote_volume,count,taker_buy_volume,taker_buy_quote_volume,ignore
1726790400000,62926.90,64126.70,62579.20,63494.40,84974.385,1726819199999,5395586343.00960,1059180,43995.327,2793299376.90640,0
1726819200000,63494.50,63673.80,62535.00,63120.20,114465.652,1726847999999,7226649428.99820,1283856,54394.872,3434043675.08710,0
1726848000000,63120.20,63280.00,62320.00,63175.70,57732.798,1726876799999,3628739429.09170,748226,29005.940,1823555526.37140,0
