open_time,open,high,low,close,volume,close_time,quote_volume,count,taker_buy_volume,taker_buy_quote_volume,ignore
1727481600000,65749.50,66237.00,65692.30,65790.00,27858.102,1727510399999,1836638125.14550,406904,13778.589,908502262.90490,0
1727510400000,65790.00,65796.80,65368.10,65593.70,40360.982,1727539199999,2647285424.88360,518400,18734.745,1228998409.67770,0
1727539200000,65593.60,65980.00,65380.00,65822.60,24554.469,1727567999999,1612066097.11890,355333,12844.070,843484652.61540,0
