open_time,open,high,low,close,volume,close_time,quote_volume,count,taker_buy_volume,taker_buy_quote_volume,ignore
1675296000000,23730.10,24281.40,23660.00,23787.00,185791.590,1675324799999,4449624527.11958,1273987,94983.157,2275318636.82830,0
1675324800000,23787.00,23950.00,23520.00,23843.30,187079.530,1675353599999,4445450031.88530,1198393,91867.825,2183372421.41880,0
1675353600000,23843.40,24149.00,23365.00,23493.10,242869.218,1675382399999,5776946131.57382,1664248,117548.585,2796996123.43742,0
