open_time,open,high,low,close,volume,close_time,quote_volume,count,taker_buy_volume,taker_buy_quote_volume,ignore
1729036800000,67044.00,67548.60,66724.20,66948.80,55388.620,1729065599999,3716983728.60340,898417,27138.728,1821577325.76520,0
1729065600000,66948.80,68400.00,66888.00,67726.00,152841.464,1729094399999,10349386374.04990,2070924,79426.398,5378655868.76350,0
1729094400000,67725.90,68087.90,67447.10,67592.00,45923.417,1729123199999,3111405968.38720,793033,23232.290,1574113050.36960,0
