open_time,open,high,low,close,volume,close_time,quote_volume,count,taker_buy_volume,taker_buy_quote_volume,ignore
1682726400000,29300.00,29443.90,29180.00,29333.90,76706.155,1682755199999,2249183776.22150,817755,38164.952,1119205668.28040,0
1682755200000,29333.80,29385.00,29200.20,29258.10,73819.144,1682783999999,2162731749.43160,783380,35885.312,1051434836.78030,0
1682784000000,29258.00,29300.00,29000.40,29212.70,67487.945,1682812799999,1969311430.03082,725263,32920.714,960716188.50240,0
