open_time,open,high,low,close,volume,close_time,quote_volume,count,taker_buy_volume,taker_buy_quote_volume,ignore
1695945600000,27011.70,27231.50,26850,27168,81962.398,1695974399999,2214576538.97458,822340,41158.025,1112275531.99848,0
1695974400000,27167.90,27168,26625,26874.80,147975.909,1696003199999,3983255691.64138,1412752,72375.708,1948351006.48910,0
1696003200000,26874.90,26979,26731,26890.90,47459.336,1696031999999,1274846523.49120,560625,23890.620,641748843.09220,0
