open_time,open,high,low,close,volume,close_time,quote_volume,count,taker_buy_volume,taker_buy_quote_volume,ignore
1717977600000,69667.10,69833.00,69265.00,69325.30,27897.843,1718006399999,1940627184.18700,366108,12975.581,902710380.62560,0
1718006400000,69325.30,70222.70,69201.20,70090.90,56121.523,1718035199999,3907935931.35930,647495,29418.519,2048582234.91350,0
1718035200000,70090.90,70166.10,69360.40,69558.70,43362.238,1718063999999,3024232515.78820,590931,21066.747,1469294774.92450,0
