open_time,open,high,low,close,volume,close_time,quote_volume,count,taker_buy_volume,taker_buy_quote_volume,ignore
1707696000000,48303.40,48846.00,47702.00,48213.00,87768.843,1707724799999,4238577985.17966,1096269,44262.114,2138295330.62211,0
1707724800000,48213.00,49965.30,47711.00,49925.40,179799.912,1707753599999,8773153483.08003,2071634,94141.196,4596039096.98721,0
1707753600000,49925.50,50413.20,49411.60,49943.60,183326.447,1707782399999,9148708205.91071,2242415,91058.453,4545055061.82941,0
