open_time,open,high,low,close,volume,close_time,quote_volume,count,taker_buy_volume,taker_buy_quote_volume,ignore
1663372800000,19792.40,20068.80,19757.60,19834.00,123346.714,1663401599999,2455221388.48925,770892,63383.500,1261765119.59865,0
1663401600000,19834.10,20019.00,19739.40,19951.60,89869.058,1663430399999,1786106999.16810,639348,45431.932,903061040.63180,0
1663430400000,19951.70,20182.60,19926.00,20102.00,121462.786,1663459199999,2437318163.19867,842694,63218.009,1268622875.17537,0
