open_time,open,high,low,close,volume,close_time,quote_volume,count,taker_buy_volume,taker_buy_quote_volume,ignore
1688774400000,30328.00,30380.00,30122.00,30174.80,46868.927,1688803199999,1417440054.04868,445853,21766.649,658354642.34746,0
1688803200000,30174.80,30315.00,30132.50,30196.70,40747.544,1688831999999,1231002451.31370,449095,21507.439,649852377.19440,0
1688832000000,30196.80,30313.00,30026.80,30269.30,51118.022,1688860799999,1542621646.14790,540541,26452.390,798388316.03020,0
