open_time,open,high,low,close,volume,close_time,quote_volume,count,taker_buy_volume,taker_buy_quote_volume,ignore
1685836800000,27054.90,27154.00,26935.30,27141.00,48892.809,1685865599999,1323216230.62920,462869,26094.212,706292946.17570,0
1685865600000,27141.00,27290.00,27110.00,27166.90,67913.114,1685894399999,1847082778.99708,627071,33437.226,909460392.07768,0
1685894400000,27167.00,27460.00,27026.00,27102.40,101465.621,1685923199999,2763584446.22827,795439,51780.657,1410643986.66189,0
