open_time,open,high,low,close,volume,close_time,quote_volume,count,taker_buy_volume,taker_buy_quote_volume,ignore
1667001600000,20582.70,20822.60,20547.80,20765.70,107536.741,1667030399999,2225176406.05350,625926,55317.354,1144778926.76250,0
1667030400000,20765.80,21088.00,20637.00,20913.20,262156.636,1667059199999,5462488658.85310,1393880,132235.447,2756051955.81357,0
1667059200000,20913.20,20974.90,20696.00,20796.70,112523.793,1667087999999,2344494425.97110,744779,53278.460,1110194741.08310,0
