open_time,open,high,low,close,volume,close_time,quote_volume,count,taker_buy_volume,taker_buy_quote_volume,ignore
1675382400000,23493.00,23592.00,23412.00,23457.10,79444.327,1675411199999,1868112210.14360,613346,39621.391,931689920.86000,0
1675411200000,23457.10,23712.70,23222.00,23601.10,247654.918,1675439999999,5809154169.39152,1588910,123201.191,2890299120.57424,0
1675440000000,23601.10,23719.90,23201.00,23424.70,143732.193,1675468799999,3370413067.42208,1029728,69215.268,1623364398.44110,0
