open_time,open,high,low,close,volume,close_time,quote_volume,count,taker_buy_volume,taker_buy_quote_volume,ignore
1700438400000,37375.80,37397.20,37050,37261.10,54020.744,1700467199999,2010204622.67289,610745,25894.526,963686304.67274,0
1700467200000,37261,37525,36600,37475.10,114277.237,1700495999999,4250590730.59823,1101561,55679.440,2071596173.18786,0
1700496000000,37475,37784.70,36780,37462.50,142206.056,1700524799999,5324960079.86170,1433095,69972.452,2620749697.95119,0
