open_time,open,high,low,close,volume,close_time,quote_volume,count,taker_buy_volume,taker_buy_quote_volume,ignore
1707955200000,51823.10,52568.30,51651.00,51802.40,115982.099,1707983999999,6045493516.66351,1481265,57504.381,2998090244.97713,0
1707984000000,51802.50,52859.00,51666.00,51968.70,163923.132,1708012799999,8571093139.07531,2063743,81686.818,4271627986.36546,0
1708012800000,51968.60,52419.10,51334.90,51898.50,112819.372,1708041599999,5854178507.75324,1526377,55015.452,2855000011.74296,0
