open_time,open,high,low,close,volume,close_time,quote_volume,count,taker_buy_volume,taker_buy_quote_volume,ignore
1673568000000,18838.10,18881.70,18711.00,18817.70,79420.692,1673596799999,1493816041.24510,482957,39727.038,747244806.02500,0
1673596800000,18817.70,19299.20,18801.40,19252.50,303183.638,1673625599999,5766001327.31723,1461319,155500.072,2957867689.11233,0
1673625600000,19252.60,19997.80,19053.00,19924.20,424203.502,1673654399999,8277893058.80833,2015100,220513.506,4304265817.70323,0
