open_time,open,high,low,close,volume,close_time,quote_volume,count,taker_buy_volume,taker_buy_quote_volume,ignore
1709164800000,62487.90,63762.80,61105.20,62761.50,172489.665,1709193599999,10749195984.15411,2362129,87103.761,5429596602.14635,0
1709193600000,62761.60,63599.90,62050.00,62809.10,179468.074,1709222399999,11281456303.15469,2519022,87448.583,5498051890.49591,0
1709222400000,62809.10,62952.40,60452.00,61203.30,232756.144,1709251199999,14312271286.45833,3110300,113780.000,6995767300.29125,0
