open_time,open,high,low,close,volume,close_time,quote_volume,count,taker_buy_volume,taker_buy_quote_volume,ignore
1676678400000,24581.30,24799.20,24430.60,24522.80,85105.032,1676707199999,2095102261.59390,715471,41197.231,1014359180.12400,0
1676707200000,24522.70,24750.00,24436.40,24670.00,92420.264,1676735999999,2272754721.45760,792037,47483.736,1167806340.35200,0
1676736000000,24670.00,24887.50,24516.70,24636.90,84030.260,1676764799999,2073856232.86951,693062,41871.495,1033575303.60461,0
