open_time,open,high,low,close,volume,close_time,quote_volume,count,taker_buy_volume,taker_buy_quote_volume,ignore
1726963200000,63320.60,63423.70,62801.20,62909.30,30322.681,1726991999999,1911216527.22510,398838,15061.362,949385532.16430,0
1726992000000,62909.20,63010.50,62435.00,62624.20,41625.902,1727020799999,2609982466.79880,540420,19445.357,1219236595.72800,0
1727020800000,62624.10,64000.00,62339.00,63558.40,77181.301,1727049599999,4874221395.80330,977184,40552.921,2561357158.58320,0
