open_time,open,high,low,close,volume,close_time,quote_volume,count,taker_buy_volume,taker_buy_quote_volume,ignore
1697500800000,28486.30,28534.40,28055,28408.20,89685.139,1697529599999,2535519543.67719,975515,44309.302,1252525582.49146,0
1697529600000,28408.10,28605,28117,28445.80,152576.002,1697558399999,4330252689.46138,1639846,74948.025,2127395483.00104,0
1697558400000,28445.70,28596,28290,28381.90,71928.617,1697587199999,2045854969.77282,804360,35411.009,1007248946.21086,0
