open_time,open,high,low,close,volume,close_time,quote_volume,count,taker_buy_volume,taker_buy_quote_volume,ignore
1706918400000,43182.00,43372.20,43017.00,43037.10,28355.328,1706947199999,1224597043.95398,391410,13624.598,588488907.88120,0
1706947200000,43037.10,43181.30,42858.30,43097.40,31876.278,1706975999999,1371488642.80744,400003,15621.062,672185187.64054,0
1706976000000,43097.50,43264.30,42925.90,42992.40,29503.614,1707004799999,1271286941.22566,393103,14331.041,617645967.47240,0
