open_time,open,high,low,close,volume,close_time,quote_volume,count,taker_buy_volume,taker_buy_quote_volume,ignore
1665878400000,19060.40,19159.70,19058.00,19124.20,47035.713,1665907199999,899381139.40300,330686,23591.091,451101942.63170,0
1665907200000,19124.10,19188.00,19080.00,19148.60,66615.681,1665935999999,1274765168.34420,444629,33412.641,639442964.74840,0
1665936000000,19148.70,19415.90,19092.00,19251.90,154269.798,1665964799999,2971111395.30040,915689,77081.832,1484623516.91000,0
