open_time,open,high,low,close,volume,close_time,quote_volume,count,taker_buy_volume,taker_buy_quote_volume,ignore
1695081600000,26749.90,26860,26653.20,26836.10,47609.834,1695110399999,1274232879.97140,609751,23672.408,633549314.83250,0
1695110400000,26836,27480,26834.30,27413.40,274653.142,1695139199999,7464692440.85369,2384028,138500.055,3764773807.74861,0
1695139200000,27413.30,27472.50,26970,27196,111248.771,1695167999999,3025088876.99686,1089141,54302.249,1476772107.40788,0
