open_time,open,high,low,close,volume,close_time,quote_volume,count,taker_buy_volume,taker_buy_quote_volume,ignore
1666310400000,19034.80,19126.80,18982.20,19019.40,81268.616,1666339199999,1547920833.80330,463837,40383.001,769187136.20730,0
1666339200000,19019.40,19170.00,18600.00,19158.70,351814.935,1666367999999,6660078598.05303,1751599,173063.817,3277622289.18638,0
1666368000000,19158.60,19240.00,19080.00,19150.90,148795.354,1666396799999,2850979378.41293,769406,75705.049,1450580656.64123,0
