open_time,open,high,low,close,volume,close_time,quote_volume,count,taker_buy_volume,taker_buy_quote_volume,ignore
1727395200000,65139.10,65534.60,64788.00,65438.90,51685.249,1727423999999,3371343641.96400,692955,25655.925,1673539529.12180,0
1727424000000,65438.80,66450.00,65287.60,65974.00,118193.178,1727452799999,7781190897.38320,1395285,60845.217,4006445570.94040,0
1727452800000,65974.10,66329.00,65477.70,65749.60,56525.594,1727481599999,3723362515.76620,740024,28793.757,1896793836.99630,0
