open_time,open,high,low,close,volume,close_time,quote_volume,count,taker_buy_volume,taker_buy_quote_volume,ignore
1671062400000,17804.00,17849.50,17560.00,17686.00,102311.444,1671091199999,1811175730.04890,552474,50572.348,895336692.55810,0
1671091200000,17685.90,17716.60,17355.00,17424.00,199328.409,1671119999999,3498957823.51104,1063714,91596.479,1608021494.05010,0
1671120000000,17424.00,17467.70,17258.00,17351.80,135644.184,1671148799999,2357206197.49850,782897,65306.283,1135059867.73090,0
