open_time,open,high,low,close,volume,close_time,quote_volume,count,taker_buy_volume,taker_buy_quote_volume,ignore
1668729600000,16682.10,16984.40,16672.00,16739.80,147664.279,1668758399999,2487039851.78833,887119,76422.760,1287212425.81293,0
1668758400000,16739.70,16844.90,16600.00,16686.80,140920.092,1668787199999,2356962586.48234,803237,69899.139,1169286711.69010,0
1668787200000,16686.70,16725.90,16541.10,16689.70,100028.471,1668815999999,1662817850.86860,646088,50825.036,844936426.30120,0
