open_time,open,high,low,close,volume,close_time,quote_volume,count,taker_buy_volume,taker_buy_quote_volume,ignore
1726963200000,0.109910,0.109960,0.107790,0.108010,397614744,1726977599999,43261641.029120,112803,177673157,19338885.384430,0
1726977600000,0.108010,0.108450,0.107510,0.107880,198307974,1726991999999,21392181.547200,83438,97674367,10537920.883780,0
1726992000000,0.107880,0.108090,0.106070,0.106540,535016882,1727006399999,57192812.581900,129830,241007951,25758452.939690,0
1727006400000,0.106530,0.106870,0.105260,0.105630,393705887,1727020799999,41759775.279870,152693,192145304,20377515.146780,0
1727020800000,0.105630,0.106930,0.105070,0.106370,339174194,1727035199999,35987050.494670,109417,165691737,17576746.101280,0
1727035200000,0.106370,0.107030,0.103690,0.106270,598957541,1727049599999,63264150.721430,169014,287137054,30330035.701190,0
