open_time,open,high,low,close,volume,close_time,quote_volume,count,taker_buy_volume,taker_buy_quote_volume,ignore
1714953600000,0.160900,0.166040,0.160870,0.161800,1326792061,1714967999999,216222537.563220,361911,669628410,109153417.698210,0
1714968000000,0.161810,0.164430,0.161270,0.164150,1008364698,1714982399999,164351965.243410,262490,532697766,86816912.746150,0
1714982400000,0.164160,0.169100,0.159800,0.161950,2699479395,1714996799999,445735050.690050,610896,1319534556,217949969.635050,0
1714996800000,0.161950,0.162480,0.154920,0.158110,2544162360,1715011199999,402804857.307390,567816,1205946238,191060280.368850,0
1715011200000,0.158110,0.158620,0.154060,0.156990,1215938813,1715025599999,189558035.635030,315894,586914966,91513857.626580,0
1715025600000,0.156990,0.158700,0.156240,0.156420,628353691,1715039999999,98929858.767590,176539,297841631,46909558.040210,0
