open_time,open,high,low,close,volume,close_time,quote_volume,count,taker_buy_volume,taker_buy_quote_volume,ignore
1722902400000,0.094310,0.101420,0.094000,0.098260,1210932661,1722916799999,119559583.823310,300961,600360995,59269018.728470,0
1722916800000,0.098260,0.100140,0.097480,0.099220,701980073,1722931199999,69466334.827080,209725,330356500,32699068.105980,0
1722931200000,0.099210,0.099280,0.095170,0.095920,955781129,1722945599999,92386953.548270,253200,449165248,43402957.324510,0
1722945600000,0.095910,0.099550,0.093900,0.097560,1451688322,1722959999999,140369971.183570,365486,699847918,67716487.814950,0
1722960000000,0.097560,0.098970,0.096610,0.097110,840419758,1722974399999,82221060.927950,234090,433446064,42410772.037550,0
1722974400000,0.097110,0.098450,0.095870,0.096380,616496240,1722988799999,59610155.591250,190793,301521314,29154842.046770,0
