open_time,open,high,low,close,volume,close_time,quote_volume,count,taker_buy_volume,taker_buy_quote_volume,ignore
1724025600000,0.099990,0.100610,0.099370,0.100390,367108477,1724039999999,36709811.600580,136504,202976065,20302130.439390,0
1724040000000,0.100400,0.100460,0.099460,0.099790,210517450,1724054399999,21058948.479390,98669,101973865,10203762.944980,0
1724054400000,0.099790,0.100450,0.098530,0.099780,457264140,1724068799999,45432070.575960,138470,229143380,22771604.226590,0
1724068800000,0.099780,0.100990,0.099000,0.099810,448040657,1724083199999,44765731.041320,158435,217100861,21697021.147920,0
1724083200000,0.099810,0.101840,0.099290,0.100390,401922417,1724097599999,40398916.123620,142335,190096281,19120974.874150,0
1724097600000,0.100390,0.101900,0.100200,0.101270,228940279,1724111999999,23114729.862940,85699,130996814,13236320.774350,0
