open_time,open,high,low,close,volume,close_time,quote_volume,count,taker_buy_volume,taker_buy_quote_volume,ignore
1722729600000,0.108060,0.109370,0.107140,0.108710,340827273,1722743999999,36904513.253820,132348,177363344,19211442.019050,0
1722744000000,0.108710,0.108970,0.106560,0.106610,366076918,1722758399999,39470783.545750,114411,163371551,17618895.190370,0
1722758400000,0.106610,0.108040,0.105540,0.107520,326292166,1722772799999,34874456.960650,134591,169768742,18154412.587280,0
1722772800000,0.107520,0.108080,0.102850,0.103160,1028849739,1722787199999,107525601.365920,244589,471313823,49252513.171320,0
1722787200000,0.103170,0.105380,0.098900,0.104740,1916558507,1722801599999,194984217.953300,372665,929165332,94558075.451990,0
1722801600000,0.104730,0.105970,0.103550,0.103710,545377377,1722815999999,57144506.301350,161018,254663700,26694325.016760,0
