open_time,open,high,low,close,volume,close_time,quote_volume,count,taker_buy_volume,taker_buy_quote_volume,ignore
1715731200000,0.145430,0.147050,0.145370,0.146350,485400356,1715745599999,71029929.977450,166449,234223936,34279949.743670,0
1715745600000,0.146340,0.149510,0.145200,0.149440,782375399,1715759999999,114857753.820850,226770,425269974,62470623.818480,0
1715760000000,0.149440,0.151930,0.147760,0.149340,1350857682,1715774399999,202010901.847530,383448,668510633,99998522.648630,0
1715774400000,0.149350,0.154360,0.147840,0.151220,2034072440,1715788799999,309189738.888350,580059,1003068239,152492174.196470,0
1715788800000,0.151230,0.153990,0.149470,0.153510,1100006562,1715803199999,166917527.441070,339695,516142439,78327403.277950,0
1715803200000,0.153510,0.156960,0.152960,0.155270,917353791,1715817599999,142596723.788090,280868,490487231,76243466.084830,0
