open_time,open,high,low,close,volume,close_time,quote_volume,count,taker_buy_volume,taker_buy_quote_volume,ignore
1721865600000,0.127850,0.128690,0.121510,0.122710,1510834522,1721879999999,187247105.653090,377822,719174701,89146070.686980,0
1721880000000,0.122710,0.124540,0.121920,0.123570,405581830,1721894399999,50147559.934550,142313,197628162,24441868.236020,0
1721894400000,0.123570,0.125160,0.123090,0.124220,435563182,1721908799999,54053740.082460,136376,220836147,27407495.035520,0
1721908800000,0.124210,0.125500,0.122210,0.124070,793578273,1721923199999,98294447.203400,230100,369654841,45795008.714410,0
1721923200000,0.124060,0.125140,0.120690,0.122050,626388599,1721937599999,76935097.547380,212869,298857653,36712532.684350,0
1721937600000,0.122050,0.125580,0.120000,0.125160,612933768,1721951999999,75603649.262130,184351,316746534,39114617.664910,0
