open_time,open,high,low,close,volume,close_time,quote_volume,count,taker_buy_volume,taker_buy_quote_volume,ignore
1703721600000,0.093780,0.095100,0.093510,0.094840,1066133302,1703735999999,100681848.555890,154216,518120874,48938846.921740,0
1703736000000,0.094850,0.094950,0.092950,0.093550,810446505,1703750399999,76062066.893450,119646,365727045,34322898.352490,0
1703750400000,0.093550,0.094070,0.093040,0.093530,437744522,1703764799999,40974681.817330,73327,206513909,19329683.379460,0
1703764800000,0.093530,0.093710,0.091080,0.091430,1643423024,1703779199999,151472567.346580,228231,804934535,74205680.833640,0
1703779200000,0.091430,0.092230,0.091240,0.091990,518877797,1703793599999,47608302.600120,88404,273239292,25070729.394470,0
1703793600000,0.091990,0.092310,0.091150,0.091800,374744542,1703807999999,34384636.797330,65394,172902494,15864509.227510,0
