open_time,open,high,low,close,volume,close_time,quote_volume,count,taker_buy_volume,taker_buy_quote_volume,ignore
1720656000000,0.107940,0.108960,0.106240,0.107330,383839255,1720670399999,41312484.525630,130669,183953650,19804206.757020,0
1720670400000,0.107310,0.109010,0.107090,0.108920,193638050,1720684799999,20934815.763800,84250,106008896,11460468.018500,0
1720684800000,0.108910,0.110110,0.108500,0.109770,251021257,1720699199999,27414508.015650,89979,127739294,13952623.183270,0
1720699200000,0.109760,0.112380,0.106730,0.107260,1075540727,1720713599999,118392133.631810,248426,524259286,57735819.438470,0
1720713600000,0.107260,0.108440,0.106380,0.107040,274419628,1720727999999,29516879.471760,94791,126263109,13583631.044150,0
1720728000000,0.107050,0.107320,0.106070,0.106560,306952174,1720742399999,32732944.275490,92773,148254399,15812171.475680,0
