open_time,open,high,low,close,volume,close_time,quote_volume,count,taker_buy_volume,taker_buy_quote_volume,ignore
1718841600000,0.122420,0.124140,0.121370,0.122690,511516869,1718855999999,62654081.448800,160364,257505967,31547279.169350,0
1718856000000,0.122680,0.125940,0.122010,0.125820,528679591,1718870399999,65739393.095980,148748,266359803,33135120.352930,0
1718870400000,0.125830,0.128720,0.125080,0.126410,736776139,1718884799999,93324008.959540,201775,386764525,48998213.450780,0
1718884800000,0.126410,0.126790,0.121820,0.122570,896811814,1718899199999,111281056.054430,262011,427492305,53064989.885170,0
1718899200000,0.122570,0.125150,0.121270,0.124610,627007554,1718913599999,77381209.359200,211962,328569664,40556184.610240,0
1718913600000,0.124610,0.124890,0.124100,0.124470,191358973,1718927999999,23820687.876260,96485,86949138,10824583.525900,0
