open_time,open,high,low,close,volume,close_time,quote_volume,count,taker_buy_volume,taker_buy_quote_volume,ignore
1711929600000,0.220230,0.220320,0.214500,0.216130,1171851065,1711943999999,254490463.969020,466855,566190308,122991309.465950,0
1711944000000,0.216140,0.217500,0.196400,0.207130,3229636404,1711958399999,668652144.285490,1219629,1541222662,319196268.158560,0
1711958400000,0.207120,0.208030,0.201940,0.205710,1564809823,1711972799999,320367543.385390,555163,768369556,157305026.944810,0
1711972800000,0.205710,0.211510,0.197200,0.199390,3014076270,1711987199999,615906714.425000,985645,1463856013,299310176.458710,0
1711987200000,0.199370,0.206780,0.198620,0.206380,1653516375,1712001599999,334586516.425260,555433,842975666,170634149.287360,0
1712001600000,0.206380,0.206770,0.203380,0.205130,767045906,1712015999999,157283840.778480,295133,389038748,79777178.352770,0
