open_time,open,high,low,close,volume,close_time,quote_volume,count,taker_buy_volume,taker_buy_quote_volume,ignore
1728518400000,0.107880,0.108300,0.106920,0.107850,352072124,1728532799999,37929527.151230,129020,168994988,18208961.752690,0
1728532800000,0.107860,0.108680,0.107170,0.107220,284731897,1728547199999,30734712.601090,90267,133924885,14459465.557520,0
1728547200000,0.107230,0.107500,0.105690,0.107240,509486668,1728561599999,54298384.972250,174165,241058506,25698738.815640,0
1728561600000,0.107240,0.107410,0.104350,0.105350,1046103737,1728575999999,110431290.387110,277567,491121177,51850654.072570,0
1728576000000,0.105340,0.105830,0.103070,0.104490,808954905,1728590399999,84398042.221330,220267,380260727,39678328.127040,0
1728590400000,0.104490,0.106270,0.104210,0.105960,369739966,1728604799999,38966734.217610,122603,194655266,20512891.897370,0
