open_time,open,high,low,close,volume,close_time,quote_volume,count,taker_buy_volume,taker_buy_quote_volume,ignore
1725667200000,0.092440,0.092780,0.091700,0.092000,257983806,1725681599999,23773742.163160,97370,116167025,10706737.816580,0
1725681600000,0.092000,0.094320,0.091860,0.093940,494144701,1725695999999,46104811.413900,124271,248548367,23185628.971660,0
1725696000000,0.093930,0.094870,0.093660,0.094430,412524051,1725710399999,38855093.116130,117273,201831219,19015287.966890,0
1725710400000,0.094440,0.095650,0.094440,0.095390,343798107,1725724799999,32688575.573050,113628,167266571,15907782.715490,0
1725724800000,0.095380,0.095520,0.094050,0.094860,419080661,1725739199999,39695013.414910,117749,216202406,20481995.132320,0
1725739200000,0.094860,0.095380,0.094420,0.095340,308456711,1725753599999,29282966.611870,89106,159658276,15162444.468750,0
