open_time,open,high,low,close,volume,close_time,quote_volume,count,taker_buy_volume,taker_buy_quote_volume,ignore
1703116800000,0.091580,0.091900,0.090710,0.091550,463541199,1703131199999,42340958.006850,82222,215575456,19691786.250860,0
1703131200000,0.091560,0.091880,0.090900,0.091580,474004612,1703145599999,43337641.143910,71261,229127259,20947516.339980,0
1703145600000,0.091580,0.092910,0.091130,0.092490,664855229,1703159999999,61226617.728030,96540,322454274,29694274.533940,0
1703160000000,0.092480,0.092970,0.090740,0.091410,984790467,1703174399999,90517158.823820,134411,463819550,42629995.782390,0
1703174400000,0.091400,0.093500,0.091010,0.093230,954675846,1703188799999,88026938.092840,129936,492627275,45449708.120170,0
1703188800000,0.093230,0.098100,0.093160,0.095090,4401569125,1703203199999,423418328.939960,589258,2177896015,209506152.320380,0
