open_time,open,high,low,close,volume,close_time,quote_volume,count,taker_buy_volume,taker_buy_quote_volume,ignore
1710806400000,0.143620,0.145280,0.132400,0.135610,2867613428,1710820799999,394079197.273280,784694,1332103577,183135997.216040,0
1710820800000,0.135600,0.136180,0.126000,0.132840,2998615191,1710835199999,394262410.285630,771152,1493303896,196396719.690710,0
1710835200000,0.132850,0.132920,0.125310,0.130580,3184190024,1710849599999,409693318.830740,835793,1581579024,203518833.996580,0
1710849600000,0.130570,0.134710,0.128630,0.134310,2433156582,1710863999999,319777093.003320,644207,1204153391,158267755.040220,0
1710864000000,0.134330,0.136570,0.132600,0.134400,1871802345,1710878399999,251910904.000350,459365,966537705,130099312.419340,0
1710878400000,0.134400,0.134890,0.126600,0.128870,1941380888,1710892799999,253208930.834680,497513,943422610,123056448.409080,0
