open_time,open,high,low,close,volume,close_time,quote_volume,count,taker_buy_volume,taker_buy_quote_volume,ignore
1706832000000,0.079330,0.079920,0.079130,0.079630,311958660,1706846399999,24809413.767390,47187,149406472,11883328.227450,0
1706846400000,0.079630,0.079940,0.079350,0.079770,296929712,1706860799999,23654957.668220,46069,136100162,10846299.761360,0
1706860800000,0.079760,0.079910,0.079410,0.079460,275190029,1706875199999,21909470.379080,42439,126220555,10049986.002030,0
1706875200000,0.079470,0.079630,0.078540,0.079370,432871029,1706889599999,34214032.873820,72252,212658187,16807167.923230,0
1706889600000,0.079360,0.079600,0.078690,0.078950,336812274,1706903999999,26652841.585310,51831,160290271,12687255.592570,0
1706904000000,0.078960,0.079350,0.078810,0.079250,178583759,1706918399999,14124695.231260,30911,96856659,7660017.702130,0
