open_time,open,high,low,close,volume,close_time,quote_volume,count,taker_buy_volume,taker_buy_quote_volume,ignore
1731715200000,0.382020,0.384380,0.372310,0.380270,1771083044,1731729599999,670860897.142310,840540,859379524,325682673.989650,0
1731729600000,0.380260,0.391810,0.374410,0.378860,2447129787,1731743999999,935085778.374210,1080854,1181184839,451222737.744110,0
1731744000000,0.378870,0.381000,0.372000,0.376220,1688618759,1731758399999,635325913.978480,836860,817706959,307740216.974190,0
1731758400000,0.376220,0.377900,0.361240,0.365870,2439564170,1731772799999,902253858.839800,1113481,1138298151,421095218.461750,0
1731772800000,0.365860,0.375480,0.363400,0.372830,1470214012,1731787199999,545489075.872790,683842,734112557,272345703.704900,0
1731787200000,0.372830,0.373710,0.359900,0.364350,1235913239,1731801599999,452187008.310150,578802,540582338,197843517.146740,0
