open_time,open,high,low,close,volume,close_time,quote_volume,count,taker_buy_volume,taker_buy_quote_volume,ignore
1702339200000,0.094130,0.098090,0.094030,0.096250,1640353216,1702353599999,157575207.791710,220202,837918273,80497624.830440,0
1702353600000,0.096250,0.097210,0.094560,0.096880,1040026492,1702367999999,99621811.699360,148554,496596398,47577267.274900,0
1702368000000,0.096870,0.097600,0.095280,0.095340,963084733,1702382399999,92902624.858610,145158,471031532,45455179.247580,0
1702382400000,0.095350,0.096870,0.093300,0.094140,1677537546,1702396799999,159881155.396410,240089,810328158,77243498.269210,0
1702396800000,0.094140,0.094450,0.091300,0.092590,1736359686,1702411199999,160942070.791790,238549,847596726,78552388.450900,0
1702411200000,0.092580,0.094130,0.091610,0.093850,816478356,1702425599999,75716672.271190,130994,384716283,35676977.699780,0
