open_time,open,high,low,close,volume,close_time,quote_volume,count,taker_buy_volume,taker_buy_quote_volume,ignore
1718582400000,0.137040,0.138190,0.134380,0.134840,469790517,1718596799999,63937366.488600,145142,213907857,29121846.226550,0
1718596800000,0.134840,0.135740,0.132620,0.133750,425427010,1718611199999,57086436.613040,134513,206863803,27766737.568280,0
1718611200000,0.133740,0.134910,0.132030,0.134240,837413467,1718625599999,111805412.872400,204072,437487978,58428620.483420,0
1718625600000,0.134250,0.134690,0.128350,0.129490,1181882777,1718639999999,155872842.398590,261456,511984430,67639180.957930,0
1718640000000,0.129500,0.133900,0.126000,0.132510,1585587347,1718654399999,205925193.864660,354081,724763092,94257333.100670,0
1718654400000,0.132500,0.132550,0.128500,0.128690,585796927,1718668799999,76172224.188710,174551,279275657,36316312.338820,0
