open_time,open,high,low,close,volume,close_time,quote_volume,count,taker_buy_volume,taker_buy_quote_volume,ignore
1713484800000,0.152150,0.152190,0.138740,0.145690,3104503333,1713499199999,448462439.723180,826880,1508212420,217963201.152650,0
1713499200000,0.145680,0.155580,0.145390,0.151940,2137648436,1713513599999,321519467.562300,588893,1073279613,161404063.091760,0
1713513600000,0.151950,0.154200,0.150530,0.152640,1244956759,1713527999999,189639622.546960,361528,622081477,94769586.358340,0
1713528000000,0.152640,0.153440,0.149610,0.152520,1170110155,1713542399999,177826117.123320,370974,555425636,84423029.117980,0
1713542400000,0.152520,0.154490,0.150060,0.154090,1199278795,1713556799999,182853271.016010,365383,605111300,92327792.071370,0
1713556800000,0.154090,0.157150,0.150540,0.156270,1278990376,1713571199999,196980598.757820,418782,642274377,98981055.234980,0
