open_time,open,high,low,close,volume,close_time,quote_volume,count,taker_buy_volume,taker_buy_quote_volume,ignore
1710979200000,0.152220,0.153880,0.149300,0.150340,1673188542,1710993599999,253515507.953550,518248,789120719,119582112.737540,0
1710993600000,0.150340,0.154630,0.146750,0.153880,1674093315,1711007999999,251726277.852890,534430,828166209,124536221.610830,0
1711008000000,0.153890,0.158000,0.150640,0.151590,1470065894,1711022399999,225792892.701250,479826,733694785,112710013.589300,0
1711022400000,0.151600,0.157410,0.151560,0.157110,1887124119,1711036799999,290322474.301760,650480,936140434,144018750.648570,0
1711036800000,0.157110,0.160380,0.148470,0.151360,2921612625,1711051199999,448515713.440430,1015148,1448016145,222400192.813780,0
1711051200000,0.151360,0.157140,0.149220,0.155490,1634863707,1711065599999,250616991.385540,600993,823350217,126251418.663880,0
