open_time,open,high,low,close,volume,close_time,quote_volume,count,taker_buy_volume,taker_buy_quote_volume,ignore
1718064000000,0.144770,0.145200,0.140100,0.142170,982382575,1718078399999,139771138.474920,292844,456650730,64976931.386280,0
1718078400000,0.142170,0.142170,0.138140,0.141060,634399969,1718092799999,89383577.173880,228938,283840414,40013669.595130,0
1718092800000,0.141050,0.142400,0.140570,0.141220,418707312,1718107199999,59209982.966120,166405,198725193,28104165.898960,0
1718107200000,0.141230,0.141680,0.134590,0.136770,1392449584,1718121599999,192670651.831680,390238,655747377,90774460.292630,0
1718121600000,0.136770,0.138640,0.133500,0.137920,974909299,1718135999999,133054019.639150,279852,470776594,64285232.571000,0
1718136000000,0.137920,0.139030,0.137540,0.138010,215452932,1718150399999,29795621.064710,86625,95883784,13262113.512540,0
