open_time,open,high,low,close,volume,close_time,quote_volume,count,taker_buy_volume,taker_buy_quote_volume,ignore
1729814400000,0.141870,0.142750,0.138720,0.139830,833939443,1729828799999,117052508.477530,260208,400285488,56203485.989020,0
1729828800000,0.139810,0.140790,0.137490,0.138060,849684819,1729843199999,118105302.489030,257618,404311067,56207226.595690,0
1729843200000,0.138060,0.139680,0.136660,0.139090,986058990,1729857599999,136186308.519560,244854,493109115,68107128.927690,0
1729857600000,0.139090,0.139740,0.135700,0.136330,1251852842,1729871999999,172804984.785420,333495,603412053,83309446.281750,0
1729872000000,0.136320,0.137090,0.132120,0.135430,1764929321,1729886399999,238154561.130090,420160,822302466,111057705.137640,0
1729886400000,0.135430,0.136760,0.127710,0.131540,1943016327,1729900799999,255951051.066250,400699,930898061,122592489.330380,0
