open_time,open,high,low,close,volume,close_time,quote_volume,count,taker_buy_volume,taker_buy_quote_volume,ignore
1708732800000,0.084570,0.085320,0.083900,0.085290,581374841,1708747199999,49220299.829660,102934,282494163,23921465.602970,0
1708747200000,0.085300,0.085390,0.084700,0.085140,313710770,1708761599999,26679908.028570,50646,138594037,11788189.228010,0
1708761600000,0.085140,0.085480,0.084810,0.085410,344225364,1708775999999,29325160.856070,53761,169902336,14475139.670260,0
1708776000000,0.085420,0.086200,0.085110,0.085810,646318799,1708790399999,55373254.891430,89175,333676117,28587705.892140,0
1708790400000,0.085800,0.086450,0.085620,0.085870,394939384,1708804799999,33987376.640350,66533,193837993,16681945.535750,0
1708804800000,0.085880,0.086370,0.085530,0.086220,340734544,1708819199999,29304006.495140,49412,182349547,15682809.292600,0
