open_time,open,high,low,close,volume,close_time,quote_volume,count,taker_buy_volume,taker_buy_quote_volume,ignore
1717113600000,0.159530,0.160850,0.158870,0.160310,390409533,1717127999999,62468376.600200,183993,203584007,32577789.888810,0
1717128000000,0.160320,0.160760,0.158070,0.159910,471886033,1717142399999,75238393.528610,184875,211172394,33692139.454250,0
1717142400000,0.159920,0.161440,0.158620,0.160960,463838886,1717156799999,74237173.546660,183084,234170365,37482237.336400,0
1717156800000,0.160970,0.163090,0.156600,0.156710,1033198613,1717171199999,165431167.562890,336920,455932335,73085614.726330,0
1717171200000,0.156720,0.159740,0.154320,0.159230,934789416,1717185599999,146535389.699420,301738,433210443,67957381.645580,0
1717185600000,0.159250,0.160580,0.158430,0.159090,437617437,1717199999999,69887730.290020,176018,204002520,32585516.425720,0
