open_time,open,high,low,close,volume,close_time,quote_volume,count,taker_buy_volume,taker_buy_quote_volume,ignore
1700784000000,0.076210,0.077450,0.076020,0.077090,760894768,1700798399999,58432253.017750,108271,381708640,29325895.971110,0
1700798400000,0.077090,0.077800,0.076790,0.077720,505688799,1700812799999,39038451.178100,75752,258623116,19972318.428010,0
1700812800000,0.077730,0.078390,0.077300,0.077410,1100066888,1700827199999,85508082.752210,145236,539670740,41949680.980180,0
1700827200000,0.077420,0.078200,0.076950,0.077920,1001648672,1700841599999,77666926.124590,122598,482094388,37386459.172700,0
1700841600000,0.077920,0.078160,0.077120,0.077380,815239122,1700855999999,63232554.160990,109015,396876301,30786015.225390,0
1700856000000,0.077390,0.078660,0.077250,0.078160,773881351,1700870399999,60353374.487680,113455,390001363,30413503.135640,0
