open_time,open,high,low,close,volume,close_time,quote_volume,count,taker_buy_volume,taker_buy_quote_volume,ignore
1731628800000,0.362610,0.376440,0.361810,0.370950,3202786550,1731643199999,1185461954.187540,1449783,1565353231,579475471.677940,0
1731643200000,0.370950,0.372390,0.353130,0.366080,3112871183,1731657599999,1132076935.482770,1229350,1478547320,537652685.562340,0
1731657600000,0.366090,0.378320,0.361500,0.373260,2808650826,1731671999999,1042563471.142020,1071817,1458096545,541464497.229930,0
1731672000000,0.373250,0.381330,0.352140,0.356660,3842818500,1731686399999,1406105811.337650,1589258,1839845203,673635858.346900,0
1731686400000,0.356660,0.373940,0.354180,0.369820,2892260600,1731700799999,1047558266.123960,1255514,1463420679,530484804.367030,0
1731700800000,0.369810,0.385400,0.369050,0.382030,2726202565,1731715199999,1027338788.474150,1119117,1367564406,515661168.369790,0
