open_time,open,high,low,close,volume,close_time,quote_volume,count,taker_buy_volume,taker_buy_quote_volume,ignore
1723334400000,0.105120,0.110940,0.104930,0.109860,838289520,1723348799999,90800036.578990,229343,452540736,48944578.681580,0
1723348800000,0.109860,0.110130,0.108320,0.109730,456248139,1723363199999,49800731.949210,164750,213895184,23351076.104010,0
1723363200000,0.109730,0.110000,0.107140,0.107440,563284527,1723377599999,61239565.011990,181110,256056547,27849202.252160,0
1723377600000,0.107440,0.107770,0.103970,0.104580,898842293,1723391999999,95016425.591500,265145,405549465,42888981.784340,0
1723392000000,0.104570,0.105860,0.102740,0.102930,540576822,1723406399999,56413333.012880,185237,257566120,26885607.531170,0
1723406400000,0.102930,0.102960,0.100010,0.100530,780279252,1723420799999,79097840.824140,238446,382431711,38769201.253670,0
