open_time,open,high,low,close,volume,close_time,quote_volume,count,taker_buy_volume,taker_buy_quote_volume,ignore
1729036800000,0.117470,0.117740,0.115750,0.116570,731908286,1729051199999,85431404.900900,224898,360088728,42028300.744820,0
1729051200000,0.116570,0.120360,0.116190,0.120160,1251699597,1729065599999,148172812.050730,320063,652915471,77341552.891000,0
1729065600000,0.120160,0.128450,0.119760,0.125920,3727472889,1729079999999,465590026.323680,778501,1931274213,241197219.083090,0
1729080000000,0.125930,0.127920,0.123500,0.126160,2662160411,1729094399999,335685668.897630,679195,1310955376,165375651.012120,0
1729094400000,0.126150,0.128260,0.124590,0.127360,1722242599,1729108799999,218007892.573800,464753,865550996,109567712.326150,0
1729108800000,0.127350,0.130060,0.125220,0.125710,1646686451,1729123199999,210341362.661610,389712,822714592,105140164.588570,0
