open_time,open,high,low,close,volume,close_time,quote_volume,count,taker_buy_volume,taker_buy_quote_volume,ignore
1720828800000,0.107590,0.108200,0.107210,0.107820,154685390,1720843199999,16668601.726300,55578,71242947,7677936.892500,0
1720843200000,0.107810,0.109300,0.107330,0.109270,280865733,1720857599999,30472271.852200,88049,144553806,15686690.137420,0
1720857600000,0.109270,0.110080,0.108600,0.109540,299102751,1720871999999,32723401.514790,95216,152667101,16705043.316320,0
1720872000000,0.109550,0.111080,0.109100,0.110710,449993234,1720886399999,49487211.823740,117283,235879020,25951251.439990,0
1720886400000,0.110720,0.112460,0.109730,0.112310,522192952,1720900799999,58006398.419530,145576,276644027,30735298.109530,0
1720900800000,0.112300,0.112980,0.110830,0.112270,473905200,1720915199999,53059234.638100,131394,240678400,26949543.213880,0
