open_time,open,high,low,close,volume,close_time,quote_volume,count,taker_buy_volume,taker_buy_quote_volume,ignore
1729987200000,0.137390,0.138700,0.136020,0.138100,518176259,1730001599999,71308129.417340,162855,257420141,35429981.580600,0
1730001600000,0.138100,0.138620,0.137610,0.138140,337378019,1730015999999,46601731.430000,110331,166660929,23021954.081970,0
1730016000000,0.138130,0.138540,0.136600,0.137290,516278927,1730030399999,71026185.380960,152941,251288066,34575462.117590,0
1730030400000,0.137290,0.141100,0.137280,0.140990,895286812,1730044799999,124884285.976620,245118,490281058,68380898.323940,0
1730044800000,0.140980,0.144230,0.140350,0.141260,1412083653,1730059199999,201217778.079660,325741,690619939,98419079.531410,0
1730059200000,0.141260,0.146300,0.140530,0.144250,1105264947,1730073599999,158411786.385760,289834,586751768,84063849.656470,0
