open_time,open,high,low,close,volume,close_time,quote_volume,count,taker_buy_volume,taker_buy_quote_volume,ignore
1701648000000,0.085750,0.086950,0.085360,0.086420,1043127519,1701662399999,89983139.822050,142321,528987243,45632169.035820,0
1701662400000,0.086420,0.091390,0.086420,0.090620,3505427428,1701676799999,313643237.945300,413364,1789103961,160003023.957250,0
1701676800000,0.090620,0.090890,0.084620,0.087610,3089960918,1701691199999,272934358.540100,394376,1446872504,127852397.387690,0
1701691200000,0.087610,0.089480,0.086220,0.089390,2323221304,1701705599999,203938963.361520,281645,1147811164,100774548.489970,0
1701705600000,0.089390,0.089430,0.088250,0.088940,1176479057,1701719999999,104321541.286020,154586,576801516,51141779.560750,0
1701720000000,0.088930,0.092710,0.088540,0.091970,1815638518,1701734399999,164142739.731100,233644,946241889,85573237.183420,0
