open_time,open,high,low,close,volume,close_time,quote_volume,count,taker_buy_volume,taker_buy_quote_volume,ignore
1719964800000,0.125280,0.125540,0.120780,0.122360,603777587,1719979199999,74349298.117870,167447,277467499,34151841.360540,0
1719979200000,0.122360,0.122380,0.121220,0.121500,303645862,1719993599999,36994000.906290,85687,132341831,16123077.700490,0
1719993600000,0.121500,0.122060,0.118340,0.119190,845458223,1720007999999,101592207.564890,184497,392142503,47136484.899510,0
1720008000000,0.119190,0.119870,0.117520,0.118170,734621042,1720022399999,87153585.045610,174259,344076201,40830232.512660,0
1720022400000,0.118170,0.119230,0.116680,0.117490,505916556,1720036799999,59753060.962870,129447,236608513,27957412.280850,0
1720036800000,0.117490,0.118690,0.116850,0.118420,315696644,1720051199999,37195362.043460,90645,164190332,19348542.505260,0
