open_time,open,high,low,close,volume,close_time,quote_volume,count,taker_buy_volume,taker_buy_quote_volume,ignore
1728432000000,0.107050,0.109320,0.106910,0.108700,488947488,1728446399999,53003668.541580,169381,234449934,25417466.807030,0
1728446400000,0.108690,0.109630,0.108330,0.108870,317232206,1728460799999,34559039.288950,106740,147762275,16097594.393460,0
1728460800000,0.108870,0.110460,0.108370,0.110380,362969760,1728475199999,39661466.762060,132699,186880498,20423826.380630,0
1728475200000,0.110380,0.111490,0.108120,0.110570,1257842755,1728489599999,138069223.028070,320674,591110076,64910788.180030,0
1728489600000,0.110560,0.110770,0.108250,0.109100,585993934,1728503999999,64113075.315260,189357,283679504,31034003.545000,0
1728504000000,0.109090,0.109120,0.106040,0.107880,595247092,1728518399999,63925245.765410,172114,267277833,28704118.545420,0
