open_time,open,high,low,close,volume,close_time,quote_volume,count,taker_buy_volume,taker_buy_quote_volume,ignore
1702857600000,0.093000,0.093840,0.090940,0.091960,1070309607,1702871999999,98748249.737070,184535,511131573,47183424.181330,0
1702872000000,0.091970,0.092290,0.090650,0.090940,585519472,1702886399999,53711617.001930,104538,287124213,26338133.587520,0
1702886400000,0.090940,0.091450,0.086370,0.088410,2685259071,1702900799999,238297063.325680,388934,1257484527,111597406.370340,0
1702900800000,0.088400,0.090230,0.087280,0.089090,1099617278,1702915199999,97812399.666860,153430,553135147,49196275.344640,0
1702915200000,0.089090,0.090580,0.088540,0.090370,633848026,1702929599999,56874124.951310,95952,314085851,28191336.978000,0
1702929600000,0.090360,0.092380,0.089800,0.092150,747208997,1702943999999,68366077.427640,125729,378416885,34625494.657480,0
