open_time,open,high,low,close,volume,close_time,quote_volume,count,taker_buy_volume,taker_buy_quote_volume,ignore
1700870400000,0.078160,0.079170,0.077730,0.079050,961301177,1700884799999,75566535.899200,130729,467052746,36719568.051010,0
1700884800000,0.079050,0.079090,0.078300,0.078870,357580798,1700899199999,28150416.772250,58478,162919060,12826622.863540,0
1700899200000,0.078880,0.079050,0.077540,0.077970,566780296,1700913599999,44359859.491400,81180,270236657,21148740.724200,0
1700913600000,0.077970,0.078500,0.077820,0.078390,397664993,1700927999999,31079249.921420,74196,193528237,15128005.305570,0
1700928000000,0.078390,0.079150,0.078280,0.078630,466929140,1700942399999,36769345.826110,83389,252072870,19850860.532780,0
1700942400000,0.078640,0.079010,0.078280,0.078950,387235109,1700956799999,30464432.299200,54847,194619396,15310346.585310,0
