open_time,open,high,low,close,volume,close_time,quote_volume,count,taker_buy_volume,taker_buy_quote_volume,ignore
1730764800000,0.158170,0.166530,0.157850,0.162310,3064520524,1730779199999,498491126.751830,801742,1546404131,251579600.103990,0
1730779200000,0.162300,0.169400,0.161330,0.167680,2586776093,1730793599999,428870938.072290,683117,1314254181,217896072.603750,0
1730793600000,0.167690,0.172680,0.165790,0.171460,2850403772,1730807999999,481551453.456120,737953,1462558866,247248689.573470,0
1730808000000,0.171460,0.179430,0.168510,0.174580,5508536422,1730822399999,959242361.636520,1202484,2764131109,481459720.388330,0
1730822400000,0.174590,0.177650,0.165600,0.167830,4451971713,1730836799999,772815081.647200,1048060,2108721659,366541271.440710,0
1730836800000,0.167830,0.173260,0.165240,0.169910,3748890376,1730851199999,633377181.710410,905397,1890787197,319649205.083980,0
