open_time,open,high,low,close,volume,close_time,quote_volume,count,taker_buy_volume,taker_buy_quote_volume,ignore
1729209600000,0.129610,0.136470,0.129460,0.132680,2458345567,1729223999999,329276957.584950,590915,1240175671,166081036.248970,0
1729224000000,0.132680,0.135880,0.130850,0.134700,2225542375,1729238399999,296974664.089530,397187,1153327358,153990800.882850,0
1729238400000,0.134690,0.136440,0.133140,0.133410,1336002058,1729252799999,179878655.811860,331681,655238006,88237484.933070,0
1729252800000,0.133410,0.138400,0.132440,0.137610,2137034335,1729267199999,288977622.930640,519619,1099715464,148793559.963800,0
1729267200000,0.137610,0.140810,0.136020,0.136530,2513492634,1729281599999,349085152.033710,576427,1282477304,178184210.195560,0
1729281600000,0.136530,0.138680,0.136010,0.137170,770598427,1729295999999,105796986.723730,240640,401737345,55154600.167510,0
