open_time,open,high,low,close,volume,close_time,quote_volume,count,taker_buy_volume,taker_buy_quote_volume,ignore
1706745600000,0.078700,0.079120,0.077200,0.078610,608749327,1706759999999,47590311.747200,113293,282456577,22092582.223420,0
1706760000000,0.078610,0.079340,0.078540,0.078830,278258597,1706774399999,21940835.189670,51388,134699787,10621256.627330,0
1706774400000,0.078820,0.079270,0.078500,0.078550,264751892,1706788799999,20871271.136110,44228,130548971,10293215.928610,0
1706788800000,0.078550,0.079370,0.078370,0.078940,315865635,1706803199999,24939043.748410,55657,148876553,11755872.454960,0
1706803200000,0.078940,0.079830,0.078450,0.079660,448905149,1706817599999,35606798.114540,71572,219784761,17437714.456740,0
1706817600000,0.079670,0.079780,0.079010,0.079330,251052826,1706831999999,19921034.063580,43542,126347117,10024796.650390,0
