open_time,open,high,low,close,volume,close_time,quote_volume,count,taker_buy_volume,taker_buy_quote_volume,ignore
1719705600000,0.121800,0.122290,0.120540,0.121010,276260996,1719719999999,33511511.702910,96982,126311189,15326575.913150,0
1719720000000,0.121010,0.123020,0.120430,0.122570,322440508,1719734399999,39260764.383180,96601,168133197,20472928.559370,0
1719734400000,0.122570,0.123440,0.122040,0.122350,233695786,1719748799999,28684541.916590,90055,115606827,14191033.940900,0
1719748800000,0.122360,0.122880,0.121680,0.122770,204033594,1719763199999,24964140.892830,81398,104278875,12758691.347040,0
1719763200000,0.122780,0.123890,0.122180,0.123700,252480395,1719777599999,31064429.655670,82778,124102642,15272883.251740,0
1719777600000,0.123710,0.125600,0.122860,0.124450,389697706,1719791999999,48464119.850450,116339,190250731,23663364.705400,0
