open_time,open,high,low,close,volume,close_time,quote_volume,count,taker_buy_volume,taker_buy_quote_volume,ignore
1701388800000,0.083470,0.084180,0.082300,0.084120,1202134169,1701403199999,100221444.237740,145832,608168504,50712361.065840,0
1701403200000,0.084130,0.085110,0.083790,0.084240,1583144383,1701417599999,133615857.111820,188645,806255922,68057706.993000,0
1701417600000,0.084240,0.084590,0.083700,0.083850,952947812,1701431999999,80145792.793890,124018,459717710,38669378.649150,0
1701432000000,0.083860,0.083900,0.082560,0.082980,1085084352,1701446399999,90293667.239850,131977,494896539,41181511.312020,0
1701446400000,0.082980,0.083870,0.082710,0.083470,976987295,1701460799999,81384622.564150,126119,461587072,38456597.855660,0
1701460800000,0.083470,0.084170,0.083220,0.083850,635678501,1701475199999,53209805.677770,72761,334624644,28014746.890620,0
