open_time,open,high,low,close,volume,close_time,quote_volume,count,taker_buy_volume,taker_buy_quote_volume,ignore
1704672000000,0.078200,0.078970,0.074080,0.075890,2368441337,1704686399999,181542763.647650,293408,1107571022,84889761.589750,0
1704686400000,0.075890,0.078660,0.075550,0.077610,1007619653,1704700799999,78126507.574950,119122,494503185,38335413.626200,0
1704700800000,0.077610,0.078380,0.076790,0.078300,630789563,1704715199999,49023581.289110,80545,304209626,23640901.994580,0
1704715200000,0.078300,0.079650,0.077900,0.079080,1134683096,1704729599999,89371740.115970,129990,585612227,46121944.470290,0
1704729600000,0.079080,0.081190,0.078830,0.081140,940838335,1704743999999,75561344.671210,131361,464895286,37343599.884770,0
1704744000000,0.081130,0.081760,0.080010,0.081340,671021547,1704758399999,54339598.846380,93711,341032726,27621875.616690,0
