open_time,open,high,low,close,volume,close_time,quote_volume,count,taker_buy_volume,taker_buy_quote_volume,ignore
1720224000000,0.105370,0.109170,0.104640,0.106070,1061348571,1720238399999,112926693.794780,239874,531671614,56583874.985800,0
1720238400000,0.106080,0.109300,0.105440,0.108050,693862364,1720252799999,74609958.928830,162802,353282745,37997034.010970,0
1720252800000,0.108050,0.109710,0.107280,0.109140,613714094,1720267199999,66613484.027140,148045,299136425,32468571.856590,0
1720267200000,0.109130,0.110100,0.107030,0.109160,868484591,1720281599999,94196398.403940,182981,422470622,45806730.159920,0
1720281600000,0.109150,0.113560,0.108470,0.112570,901626797,1720295999999,100716609.865240,211529,459040086,51278883.212330,0
1720296000000,0.112570,0.114130,0.112420,0.113370,457254774,1720310399999,51752927.536480,122558,238325882,26972921.440690,0
