open_time,open,high,low,close,volume,close_time,quote_volume,count,taker_buy_volume,taker_buy_quote_volume,ignore
1725408000000,0.096730,0.097470,0.091860,0.095740,1272198428,1725422399999,120017995.618390,293116,626483029,59096966.005940,0
1725422400000,0.095750,0.096720,0.094380,0.096290,507499837,1725436799999,48417330.339290,131461,225065172,21488507.992260,0
1725436800000,0.096290,0.096900,0.095010,0.095510,373874849,1725451199999,35897390.389660,130857,166614028,15992546.565120,0
1725451200000,0.095510,0.098720,0.094830,0.098460,935365056,1725465599999,90357563.453090,211785,483485483,46751285.432950,0
1725465600000,0.098460,0.099510,0.097530,0.098000,665719254,1725479999999,65677101.498370,158165,342230013,33783019.708050,0
1725480000000,0.097990,0.098740,0.097470,0.097970,170050996,1725494399999,16678062.586740,72018,86515300,8486106.926180,0
