open_time,open,high,low,close,volume,close_time,quote_volume,count,taker_buy_volume,taker_buy_quote_volume,ignore
1721692800000,0.137700,0.139180,0.136700,0.137700,469826407,1721707199999,64840892.771930,170044,239978266,33119942.411760,0
1721707200000,0.137700,0.138200,0.133020,0.134460,961335875,1721721599999,129453103.611770,250540,444541338,59855921.766190,0
1721721600000,0.134460,0.136540,0.133370,0.134510,648308936,1721735999999,87629553.427620,209253,321484225,43465581.394760,0
1721736000000,0.134510,0.134660,0.129640,0.131830,1451511924,1721750399999,192103950.298150,355302,669772769,88668086.873430,0
1721750400000,0.131820,0.132320,0.128000,0.130410,900917974,1721764799999,117018338.702360,269749,442046600,57435255.144850,0
1721764800000,0.130400,0.131680,0.129510,0.130240,367793923,1721779199999,48025722.711820,124024,184632707,24117692.816340,0
