open_time,open,high,low,close,volume,close_time,quote_volume,count,taker_buy_volume,taker_buy_quote_volume,ignore
1714262400000,0.147670,0.150870,0.147490,0.149910,594279059,1714276799999,88758585.070860,172671,307151666,45890124.737950,0
1714276800000,0.149920,0.150580,0.149330,0.150060,371544328,1714291199999,55698770.200530,112877,180522981,27066113.099790,0
1714291200000,0.150070,0.150280,0.148150,0.148530,475135046,1714305599999,70804487.197720,130654,239036757,35620269.828500,0
1714305600000,0.148530,0.150640,0.148430,0.149880,404136799,1714319999999,60488874.841530,136515,205553303,30767396.318490,0
1714320000000,0.149880,0.151060,0.149710,0.150050,345101823,1714334399999,51867297.446480,119745,170394093,25610412.025810,0
1714334400000,0.150050,0.150390,0.145880,0.146590,696734899,1714348799999,103044654.031840,192514,298264050,44133634.220100,0
