open_time,open,high,low,close,volume,close_time,quote_volume,count,taker_buy_volume,taker_buy_quote_volume,ignore
1730160000000,0.161410,0.169160,0.160480,0.167190,3812573353,1730174399999,634619719.814980,843793,1939977161,322886852.881060,0
1730174400000,0.167200,0.167550,0.163320,0.164720,1688332863,1730188799999,278286063.388160,406702,828849993,136646136.285650,0
1730188800000,0.164720,0.167770,0.163540,0.166580,1309030047,1730203199999,216585925.147520,363128,677957906,112197296.515580,0
1730203200000,0.166570,0.173200,0.164610,0.172750,3141742686,1730217599999,530603536.896570,713782,1636324634,276558230.759280,0
1730217600000,0.172750,0.179740,0.169280,0.169830,5047594112,1730231999999,884862885.032530,1079980,2505756620,439434603.284560,0
1730232000000,0.169820,0.176830,0.168290,0.175870,2245630373,1730246399999,388692852.065580,568135,1123807625,194515200.564920,0
