open_time,open,high,low,close,volume,close_time,quote_volume,count,taker_buy_volume,taker_buy_quote_volume,ignore
1705449600000,0.081360,0.081620,0.081190,0.081240,274078502,1705463999999,22309044.000060,48401,133689604,10882132.068860,0
1705464000000,0.081240,0.081400,0.080340,0.080430,397997427,1705478399999,32198393.111530,56872,183094059,14814278.586170,0
1705478400000,0.080430,0.081150,0.080210,0.080630,411421067,1705492799999,33206375.630870,55942,201938109,16299101.632700,0
1705492800000,0.080630,0.080880,0.079880,0.080080,682117664,1705507199999,54852834.605980,92308,310965885,25005153.789220,0
1705507200000,0.080090,0.080690,0.079300,0.080480,488151638,1705521599999,39112932.500120,84629,237590728,19040505.221990,0
1705521600000,0.080480,0.080640,0.079710,0.080600,260306408,1705535999999,20913920.496280,45260,123450316,9919974.795420,0
