open_time,open,high,low,close,volume,close_time,quote_volume,count,taker_buy_volume,taker_buy_quote_volume,ignore
1719532800000,0.127070,0.128490,0.125610,0.126590,486948626,1719547199999,61715562.225040,144515,232980924,29525672.189560,0
1719547200000,0.126580,0.126680,0.124630,0.125280,355886399,1719561599999,44654441.307670,106976,175437547,22011864.899540,0
1719561600000,0.125280,0.127650,0.124920,0.127320,373122565,1719575999999,47197020.887390,106866,193587507,24487791.452850,0
1719576000000,0.127330,0.127980,0.124030,0.125510,941336257,1719590399999,118683183.416470,209191,441706459,55708031.784530,0
1719590400000,0.125510,0.126650,0.122820,0.123230,680170558,1719604799999,84533339.572280,174784,301596207,37505613.857320,0
1719604800000,0.123230,0.123950,0.122110,0.123010,318701308,1719619199999,39265055.529410,96079,152180817,18753843.105190,0
