open_time,open,high,low,close,volume,close_time,quote_volume,count,taker_buy_volume,taker_buy_quote_volume,ignore
1713139200000,0.161970,0.162770,0.155940,0.157630,1507673892,1713153599999,239683653.459610,518158,724578892,115180070.313520,0
1713153600000,0.157640,0.168930,0.155360,0.165340,1862244064,1713167999999,303635527.053930,588403,932784235,152066854.907760,0
1713168000000,0.165340,0.166550,0.162040,0.162100,1192002221,1713182399999,195954011.946270,375783,580819683,95508094.651450,0
1713182400000,0.162110,0.163480,0.151750,0.154390,2704749313,1713196799999,424819924.031840,756049,1317984125,207089695.882470,0
1713196800000,0.154400,0.164920,0.150200,0.158950,5352501079,1713211199999,832877711.647830,1382177,2742820084,426840690.253960,0
1713211200000,0.158940,0.163300,0.156110,0.161150,1409591105,1713225599999,224999418.006000,453556,695755288,111084036.486880,0
