open_time,open,high,low,close,volume,close_time,quote_volume,count,taker_buy_volume,taker_buy_quote_volume,ignore
1707177600000,0.078310,0.078650,0.078200,0.078470,205210851,1707191999999,16093681.152840,39603,99586980,7810235.105740,0
1707192000000,0.078470,0.078500,0.078080,0.078450,159691314,1707206399999,12501078.943730,30978,75365889,5900374.319610,0
1707206400000,0.078450,0.078740,0.077820,0.078090,341883394,1707220799999,26792436.593610,52477,177750405,13933818.138120,0
1707220800000,0.078080,0.078600,0.077680,0.078570,331752542,1707235199999,25929357.721700,56172,162912887,12733323.383580,0
1707235200000,0.078560,0.079150,0.078450,0.079120,347875357,1707249599999,27425763.208220,52946,181856414,14338032.611030,0
1707249600000,0.079110,0.079220,0.078400,0.078490,265219975,1707263999999,20909240.500410,43151,110244125,8692748.720970,0
