open_time,open,high,low,close,volume,close_time,quote_volume,count,taker_buy_volume,taker_buy_quote_volume,ignore
1715126400000,0.149970,0.151910,0.148670,0.151380,653497058,1715140799999,98448290.601140,201003,325406517,49055875.395260,0
1715140800000,0.151380,0.151760,0.147290,0.147760,853732975,1715155199999,127355302.208000,222576,402350244,60009845.061380,0
1715155200000,0.147760,0.149500,0.146500,0.146890,905336385,1715169599999,133918081.166830,244481,441454176,65340704.356610,0
1715169600000,0.146900,0.150770,0.146100,0.148500,1532614666,1715183999999,227111139.462700,393475,773137772,114584181.304270,0
1715184000000,0.148500,0.150590,0.146110,0.146630,731545487,1715198399999,108569431.165670,224460,351956885,52229871.200340,0
1715198400000,0.146620,0.147230,0.142000,0.143110,1119892302,1715212799999,160885343.315710,304134,496789819,71331472.065590,0
