open_time,open,high,low,close,volume,close_time,quote_volume,count,taker_buy_volume,taker_buy_quote_volume,ignore
1705017600000,0.084570,0.084950,0.083190,0.083590,646125853,1705031999999,54294397.293530,107959,315896429,26551567.168740,0
1705032000000,0.083590,0.085030,0.083430,0.084100,605489138,1705046399999,51035223.868040,107477,304352222,25656412.203380,0
1705046400000,0.084100,0.085060,0.083280,0.084690,674399841,1705060799999,56794082.709250,106168,339300957,28579441.781070,0
1705060800000,0.084680,0.085520,0.082410,0.082720,1219149383,1705075199999,102682450.548930,194065,586674833,49431520.921370,0
1705075200000,0.082720,0.083070,0.079550,0.081620,1557021916,1705089599999,126607796.618420,250948,742985767,60421691.293020,0
1705089600000,0.081610,0.081980,0.076780,0.080080,1262491564,1705103999999,100656027.046770,209131,574689275,45857190.026030,0
