open_time,open,high,low,close,volume,close_time,quote_volume,count,taker_buy_volume,taker_buy_quote_volume,ignore
1712880000000,0.193930,0.198650,0.193660,0.198610,750613925,1712894399999,147223925.647030,310863,374271992,73429325.446860,0
1712894400000,0.198610,0.201150,0.196870,0.197980,1346697985,1712908799999,267923570.392290,457612,672797114,133875917.856570,0
1712908800000,0.197960,0.201510,0.196980,0.199490,981489030,1712923199999,195662722.426660,382282,491236003,97948931.697540,0
1712923200000,0.199480,0.199530,0.190050,0.193400,2270793336,1712937599999,439907033.907600,744760,1087380389,210725165.764630,0
1712937600000,0.193410,0.195140,0.153050,0.169090,7191259031,1712951999999,1275916289.176330,2271077,3351750118,594805582.543330,0
1712952000000,0.169080,0.176230,0.168150,0.174060,1928330043,1712966399999,333802455.092470,604723,877850825,151943216.784360,0
