open_time,open,high,low,close,volume,close_time,quote_volume,count,taker_buy_volume,taker_buy_quote_volume,ignore
1717372800000,0.157190,0.160930,0.155880,0.159900,690721293,1717387199999,109913355.918560,271031,342144761,54429298.197990,0
1717387200000,0.159890,0.162170,0.158970,0.161670,588623482,1717401599999,94658962.767470,245716,285800528,45975324.613710,0
1717401600000,0.161680,0.162790,0.161030,0.161820,674775994,1717415999999,109367700.302810,210283,330916146,53639819.564760,0
1717416000000,0.161820,0.163630,0.158990,0.161450,927612568,1717430399999,149822447.232890,305536,439068497,70934921.883990,0
1717430400000,0.161450,0.161590,0.159350,0.160310,355864969,1717444799999,57052711.488330,152966,183332583,29391696.586910,0
1717444800000,0.160320,0.160750,0.157890,0.158410,382333423,1717459199999,60725150.189180,176018,181544665,28835351.043550,0
