open_time,open,high,low,close,volume,close_time,quote_volume,count,taker_buy_volume,taker_buy_quote_volume,ignore
1730246400000,0.175860,0.178020,0.172150,0.174970,2150414472,1730260799999,376519022.205090,593705,1018281887,178325936.724100,0
1730260800000,0.174970,0.177960,0.172110,0.172670,1454406010,1730275199999,254892756.246020,410422,702473201,123139811.690700,0
1730275200000,0.172670,0.173850,0.167230,0.168220,1870639527,1730289599999,318657967.957600,478162,846689819,144337189.332220,0
1730289600000,0.168210,0.171410,0.164810,0.165360,2599567532,1730303999999,438191803.253130,653484,1255587251,211805071.900920,0
1730304000000,0.165370,0.168900,0.164400,0.167480,1024586053,1730318399999,171084660.910980,343915,513964707,85820544.411240,0
1730318400000,0.167470,0.170910,0.166440,0.168290,997071506,1730332799999,168649418.727120,325057,487988370,82560653.754060,0
