open_time,open,high,low,close,volume,close_time,quote_volume,count,taker_buy_volume,taker_buy_quote_volume,ignore
1704585600000,0.080570,0.081470,0.080310,0.080770,412455178,1704599999999,33353908.159390,85144,216425016,17500798.462180,0
1704600000000,0.080770,0.081510,0.080580,0.080730,581525051,1704614399999,47111682.224340,87558,294362479,23844906.737300,0
1704614400000,0.080730,0.081220,0.079460,0.080060,596798679,1704628799999,47827615.351400,106929,304585965,24409101.747740,0
1704628800000,0.080060,0.080750,0.079230,0.079430,599405471,1704643199999,48034129.589480,110489,292984168,23495559.203010,0
1704643200000,0.079430,0.080210,0.078990,0.080060,729714744,1704657599999,58125154.985420,110049,367178544,29250192.524590,0
1704657600000,0.080060,0.080130,0.076950,0.078210,1104660293,1704671999999,86341715.510190,153655,514073593,40189374.902880,0
