open_time,open,high,low,close,volume,close_time,quote_volume,count,taker_buy_volume,taker_buy_quote_volume,ignore
1727913600000,0.104580,0.106770,0.103970,0.106070,546112059,1727927999999,57738656.370010,191362,264293553,27942098.800710,0
1727928000000,0.106080,0.106140,0.104430,0.104600,339083675,1727942399999,35767744.653940,120181,164271220,17330419.107870,0
1727942400000,0.104600,0.105140,0.101000,0.103910,1100035661,1727956799999,113525476.786940,292263,502838759,51905529.802330,0
1727956800000,0.103910,0.105520,0.101240,0.103970,1539505596,1727971199999,159027334.828610,430164,748390510,77327495.770880,0
1727971200000,0.103980,0.105190,0.101840,0.104940,779839064,1727985599999,80702082.423570,262086,384941035,39847664.747170,0
1727985600000,0.104930,0.105650,0.103660,0.105020,331176429,1727999999999,34685416.650170,133591,165422284,17327224.876340,0
