open_time,open,high,low,close,volume,close_time,quote_volume,count,taker_buy_volume,taker_buy_quote_volume,ignore
1721174400000,0.124740,0.127650,0.124470,0.125460,514639454,1721188799999,64868053.281800,161246,247813772,31242204.002080,0
1721188800000,0.125470,0.126500,0.125070,0.125340,321792600,1721203199999,40467654.515710,115900,149418380,18795579.882460,0
1721203200000,0.125350,0.125960,0.123430,0.124020,526910808,1721217599999,65771798.517880,154383,253981739,31712920.235750,0
1721217600000,0.124030,0.126090,0.122510,0.122840,749488789,1721231999999,93350203.266280,193843,358086552,44628306.470060,0
1721232000000,0.122840,0.123150,0.120250,0.122880,666333305,1721246399999,81159796.524250,176255,336952753,41048400.839330,0
1721246400000,0.122880,0.123690,0.121300,0.121720,305400876,1721260799999,37332693.999810,88388,152951447,18702649.532840,0
