open_time,open,high,low,close,volume,close_time,quote_volume,count,taker_buy_volume,taker_buy_quote_volume,ignore
1707696000000,0.081220,0.081550,0.079850,0.080430,677202154,1707710399999,54685047.584190,89422,325786660,26302830.050570,0
1707710400000,0.080430,0.080490,0.079460,0.080350,391756922,1707724799999,31398141.144850,56484,196449679,15743916.215780,0
1707724800000,0.080350,0.080460,0.079400,0.079810,399410887,1707739199999,31899125.360910,59220,179797558,14364233.636450,0
1707739200000,0.079800,0.081550,0.079560,0.081520,647848968,1707753599999,52178858.579320,87327,320573910,25823154.830440,0
1707753600000,0.081520,0.082920,0.081000,0.081570,1201448549,1707767999999,98619991.936260,142508,591001073,48522321.070780,0
1707768000000,0.081580,0.082500,0.081570,0.082290,516062283,1707782399999,42386898.015460,71751,246733712,20263873.908440,0
