open_time,open,high,low,close,volume,close_time,quote_volume,count,taker_buy_volume,taker_buy_quote_volume,ignore
1720742400000,0.106560,0.107590,0.104700,0.106110,488922252,1720756799999,51959552.035270,134446,235895882,25078621.200330,0
1720756800000,0.106110,0.106850,0.105460,0.106140,227661145,1720771199999,24162603.869030,78116,112438102,11932208.563330,0
1720771200000,0.106140,0.106500,0.104840,0.105730,275793587,1720785599999,29150105.592420,88859,137308974,14511557.315260,0
1720785600000,0.105730,0.107500,0.105440,0.107260,379169121,1720799999999,40417104.616910,115657,184590599,19676799.034460,0
1720800000000,0.107250,0.108270,0.106810,0.107310,271584080,1720814399999,29193457.464830,93363,132667264,14264319.563970,0
1720814400000,0.107310,0.107620,0.106190,0.107590,201267992,1720828799999,21536086.698990,61723,99958315,10699307.478180,0
