open_time,open,high,low,close,volume,close_time,quote_volume,count,taker_buy_volume,taker_buy_quote_volume,ignore
1726099200000,0.101250,0.102850,0.101190,0.102240,337800429,1726113599999,34467197.064700,122557,173051511,17658261.062810,0
1726113600000,0.102230,0.103140,0.101920,0.102550,382001114,1726127999999,39148919.764650,111458,178997418,18350107.319190,0
1726128000000,0.102550,0.102700,0.101520,0.101910,241756892,1726142399999,24678981.106980,81899,114831981,11722334.542530,0
1726142400000,0.101910,0.102770,0.100370,0.100650,622042117,1726156799999,63116314.388990,160604,299261207,30372571.230340,0
1726156800000,0.100650,0.102580,0.100600,0.102430,332277004,1726171199999,33776049.708140,112969,169083230,17189539.430290,0
1726171200000,0.102430,0.103300,0.101700,0.102670,342329625,1726185599999,35111573.739540,83593,173891977,17835392.166230,0
