open_time,open,high,low,close,volume,close_time,quote_volume,count,taker_buy_volume,taker_buy_quote_volume,ignore
1708560000000,0.084620,0.084620,0.083060,0.083970,396435660,1708574399999,33265835.502220,78940,189758057,15922913.151540,0
1708574400000,0.083960,0.085470,0.083630,0.085160,430278024,1708588799999,36375784.813820,69719,219782114,18582931.476390,0
1708588800000,0.085160,0.085570,0.084500,0.084820,487022260,1708603199999,41439950.955130,87574,226533113,19276159.013270,0
1708603200000,0.084810,0.085160,0.083520,0.084980,789930707,1708617599999,66685639.807790,130743,398566137,33652805.384680,0
1708617600000,0.084980,0.085250,0.084250,0.084960,393449170,1708631999999,33363451.691820,82230,185287715,15717584.639050,0
1708632000000,0.084960,0.085600,0.083970,0.084170,483422096,1708646399999,41042889.448890,87441,228200018,19377972.472460,0
