open_time,open,high,low,close,volume,close_time,quote_volume,count,taker_buy_volume,taker_buy_quote_volume,ignore
1717286400000,0.160440,0.161490,0.159550,0.160370,285272109,1717300799999,45799839.917380,146743,137587900,22090817.492260,0
1717300800000,0.160380,0.160540,0.158720,0.158820,315218512,1717315199999,50343570.673950,161549,147256580,23524335.779650,0
1717315200000,0.158820,0.159550,0.157160,0.159330,508301092,1717329599999,80422899.040630,195989,238169379,37693231.056060,0
1717329600000,0.159330,0.159880,0.158340,0.158840,323408559,1717343999999,51443838.264310,140009,161400400,25679190.964530,0
1717344000000,0.158850,0.159020,0.154710,0.156090,644207168,1717358399999,100664467.515310,223200,287175425,44884798.913810,0
1717358400000,0.156080,0.157820,0.155010,0.157180,280113172,1717372799999,43877458.322030,127837,152517142,23888257.734920,0
