open_time,open,high,low,close,volume,close_time,quote_volume,count,taker_buy_volume,taker_buy_quote_volume,ignore
1709683200000,0.153060,0.160230,0.146070,0.151100,3350500265,1709697599999,509690545.018660,1068593,1607601194,244719866.568680,0
1709697600000,0.151110,0.169860,0.150000,0.168070,3525189602,1709711999999,573070983.409300,1201840,1744667811,283526697.894740,0
1709712000000,0.168060,0.179970,0.166300,0.168320,3293485766,1709726399999,563039982.643140,1187670,1621351862,277190721.156820,0
1709726400000,0.168320,0.170050,0.155720,0.161290,3478133328,1709740799999,564074538.533330,1219767,1632272550,264922451.531760,0
1709740800000,0.161290,0.163590,0.154940,0.159880,1780206585,1709755199999,283916530.448010,724136,872611004,139227050.016620,0
1709755200000,0.159880,0.163750,0.155540,0.157970,1335776722,1709769599999,211847582.659330,492155,673280127,106809174.584810,0
