open_time,open,high,low,close,volume,close_time,quote_volume,count,taker_buy_volume,taker_buy_quote_volume,ignore
1719446400000,0.122740,0.123120,0.121850,0.122430,289129589,1719460799999,35407869.770880,98582,150716238,18461816.943220,0
1719460800000,0.122430,0.122510,0.120590,0.121190,344323212,1719475199999,41758099.890860,101412,161743333,19615993.451980,0
1719475200000,0.121190,0.123920,0.121030,0.122360,429327703,1719489599999,52625114.692040,112481,214552811,26302780.043500,0
1719489600000,0.122360,0.125830,0.121960,0.123580,987622864,1719503999999,122480702.030140,217556,508019869,63003718.844900,0
1719504000000,0.123580,0.125810,0.123070,0.124430,555058514,1719518399999,69177674.691410,129527,293199170,36545019.074060,0
1719518400000,0.124430,0.128430,0.124160,0.127070,540312746,1719532799999,68309156.070840,130846,269542709,34059692.402630,0
