open_time,open,high,low,close,volume,close_time,quote_volume,count,taker_buy_volume,taker_buy_quote_volume,ignore
1728604800000,0.105950,0.108180,0.105520,0.107490,535774692,1728619199999,57234719.694140,154493,252413683,26988159.011380,0
1728619200000,0.107480,0.108270,0.107200,0.107690,311956199,1728633599999,33609953.875410,116010,139767343,15058811.140580,0
1728633600000,0.107680,0.108820,0.107610,0.108510,324078720,1728647999999,35111147.805310,105689,151291397,16392258.229110,0
1728648000000,0.108500,0.110160,0.108020,0.109890,648161282,1728662399999,70646849.292920,170031,315970341,34455241.656380,0
1728662400000,0.109890,0.111330,0.109400,0.111030,605718782,1728676799999,66924648.584830,169988,295222334,32628118.585890,0
1728676800000,0.111020,0.111370,0.110600,0.110750,382327809,1728691199999,42417255.291950,123982,190307006,21114068.297090,0
