open_time,open,high,low,close,volume,close_time,quote_volume,count,taker_buy_volume,taker_buy_quote_volume,ignore
1714348800000,0.146590,0.148030,0.143320,0.143780,837193589,1714363199999,121969365.776000,247961,387823848,56513133.702210,0
1714363200000,0.143770,0.145130,0.140170,0.141460,1046220956,1714377599999,149198006.399510,269017,473447051,67539605.847010,0
1714377600000,0.141460,0.142550,0.139430,0.140520,878141091,1714391999999,123796692.613340,232719,443542032,62547979.225260,0
1714392000000,0.140510,0.143380,0.139610,0.143170,1049084527,1714406399999,148575948.279310,283951,517729781,73333601.601750,0
1714406400000,0.143170,0.143560,0.139730,0.140980,704110049,1714420799999,99570146.153290,195995,353941256,50051751.938120,0
1714420800000,0.140980,0.144670,0.139580,0.143340,739972888,1714435199999,105508458.226560,217379,358654320,51131193.224460,0
