open_time,open,high,low,close,volume,close_time,quote_volume,count,taker_buy_volume,taker_buy_quote_volume,ignore
1721433600000,0.125410,0.126260,0.124230,0.125350,362337594,1721447999999,45338353.795380,110638,171173283,21423131.206710,0
1721448000000,0.125350,0.129630,0.125080,0.127410,785180927,1721462399999,100205351.287700,173774,405792430,51786471.275200,0
1721462400000,0.127400,0.127800,0.125680,0.125900,448501486,1721476799999,56809939.895830,113489,214379679,27156576.452750,0
1721476800000,0.125910,0.135000,0.125190,0.134770,1534316092,1721491199999,200597705.900850,315102,806255478,105417880.197090,0
1721491200000,0.134770,0.135780,0.132550,0.133640,1374393617,1721505599999,184505102.707990,334732,653584238,87750831.337780,0
1721505600000,0.133640,0.135330,0.132850,0.134200,425599816,1721519999999,57096576.506960,137200,221424078,29708758.700920,0
