open_time,open,high,low,close,volume,close_time,quote_volume,count,taker_buy_volume,taker_buy_quote_volume,ignore
1727049600000,0.106270,0.109170,0.104020,0.108150,832804097,1727063999999,89213626.919130,219197,420552087,45058670.727100,0
1727064000000,0.108160,0.108500,0.106740,0.107110,382390110,1727078399999,41154898.564240,110707,180451635,19422192.379390,0
1727078400000,0.107110,0.107560,0.106120,0.106600,422875185,1727092799999,45158612.361220,135865,189977537,20291701.098260,0
1727092800000,0.106590,0.107650,0.105910,0.107190,562044336,1727107199999,59941572.738470,171634,294393705,31394440.638990,0
1727107200000,0.107190,0.107720,0.106080,0.106930,328201047,1727121599999,35061408.655080,97469,162005095,17308344.954070,0
1727121600000,0.106930,0.108430,0.106210,0.108000,369444519,1727135999999,39714850.837340,118434,191202691,20554500.401990,0
