open_time,open,high,low,close,volume,close_time,quote_volume,count,taker_buy_volume,taker_buy_quote_volume,ignore
1717545600000,0.161490,0.164000,0.161290,0.163100,638867461,1717559999999,103958999.077110,271450,345910371,56298832.944690,0
1717560000000,0.163090,0.164990,0.162150,0.164120,593759466,1717574399999,97110648.486190,205255,314487632,51445263.033770,0
1717574400000,0.164130,0.164400,0.162220,0.162670,417811998,1717588799999,68158982.980770,156489,183652990,29963403.901620,0
1717588800000,0.162670,0.164250,0.161430,0.163570,659253586,1717603199999,107268996.915900,235610,328872392,53533345.411870,0
1717603200000,0.163580,0.164420,0.162310,0.163770,374589647,1717617599999,61191276.839050,165972,180626640,29509208.085460,0
1717617600000,0.163770,0.164210,0.162690,0.163410,231384985,1717631999999,37819906.482500,92451,114532064,18722047.273240,0
