open_time,open,high,low,close,volume,close_time,quote_volume,count,taker_buy_volume,taker_buy_quote_volume,ignore
1732060800000,0.390800,0.391360,0.376000,0.383560,1990894582,1732075199999,763851480.150110,986193,876902982,336506528.531490,0
1732075200000,0.383560,0.392500,0.381230,0.390040,1373925805,1732089599999,532570265.639460,717028,669663364,259614607.591760,0
1732089600000,0.390040,0.396180,0.384040,0.389520,1877730688,1732103999999,734051112.528410,877025,884761397,346045636.045200,0
1732104000000,0.389510,0.397340,0.380450,0.392970,2962281802,1732118399999,1156171303.536960,1317149,1444599727,564077339.103630,0
1732118400000,0.392970,0.393300,0.364000,0.372230,3537880224,1732132799999,1332228719.702760,1540112,1643185759,619042798.848040,0
1732132800000,0.372220,0.381490,0.370490,0.377910,1285519706,1732147199999,485196267.867610,617176,639879771,241554549.675040,0
