open_time,open,high,low,close,volume,close_time,quote_volume,count,taker_buy_volume,taker_buy_quote_volume,ignore
1728864000000,0.111350,0.112960,0.109260,0.112710,783153823,1728878399999,86875879.539810,200020,402025154,44626281.877290,0
1728878400000,0.112720,0.113600,0.111210,0.112410,709813086,1728892799999,79665836.209640,195878,345365420,38750509.708330,0
1728892800000,0.112400,0.113710,0.111790,0.112930,497824303,1728907199999,56160191.412390,132902,242018648,27311078.835550,0
1728907200000,0.112930,0.116700,0.112470,0.115610,1014127155,1728921599999,116222549.662410,229348,489925566,56142645.174130,0
1728921600000,0.115610,0.116110,0.114150,0.115560,822626670,1728935999999,94748759.410080,164382,421552247,48571270.985710,0
1728936000000,0.115560,0.117680,0.115280,0.116640,525263255,1728950399999,61209647.564030,140617,237647251,27687672.080430,0
