open_time,open,high,low,close,volume,close_time,quote_volume,count,taker_buy_volume,taker_buy_quote_volume,ignore
1702512000000,0.096470,0.096830,0.095200,0.095700,828476320,1702526399999,79582563.906820,119895,387682785,37245745.569420,0
1702526400000,0.095710,0.097050,0.095200,0.096400,656854801,1702540799999,63202713.758300,96516,340479238,32767379.852460,0
1702540800000,0.096400,0.097880,0.096030,0.097790,721327466,1702555199999,69930538.586760,108615,361399376,35037979.191180,0
1702555200000,0.097800,0.097840,0.092900,0.095580,1782329451,1702569599999,170619477.527760,248716,865017164,82828726.656690,0
1702569600000,0.095580,0.098810,0.095550,0.097240,1377923781,1702583999999,134503336.535910,190418,683262358,66716422.818140,0
1702584000000,0.097230,0.098690,0.096570,0.098370,590503918,1702598399999,57670966.098330,88753,302418134,29529579.948910,0
