open_time,open,high,low,close,volume,close_time,quote_volume,count,taker_buy_volume,taker_buy_quote_volume,ignore
1721520000000,0.134210,0.134580,0.131830,0.132150,437700788,1721534399999,58247365.149450,139204,213472300,28416011.836170,0
1721534400000,0.132150,0.132580,0.129600,0.130860,628691716,1721548799999,82294083.512150,159397,285042280,37318127.821490,0
1721548800000,0.130860,0.132150,0.130640,0.131540,424537931,1721563199999,55759382.872560,106012,211850524,27826771.106800,0
1721563200000,0.131530,0.132780,0.130280,0.131460,541649295,1721577599999,71380237.229480,146432,255273304,33653424.263810,0
1721577600000,0.131450,0.134240,0.125640,0.133930,1797855118,1721591999999,233328462.511000,371049,916771357,119074158.182520,0
1721592000000,0.133930,0.143720,0.132800,0.140250,2482183961,1721606399999,345973563.829480,554920,1255000856,174890526.685470,0
