open_time,open,high,low,close,volume,close_time,quote_volume,count,taker_buy_volume,taker_buy_quote_volume,ignore
1708214400000,0.083620,0.083850,0.082840,0.083570,411632127,1708228799999,34331206.509980,62128,208598897,17395707.867070,0
1708228800000,0.083560,0.084160,0.083200,0.083910,401490305,1708243199999,33620833.524830,62020,205632981,17220410.822970,0
1708243200000,0.083900,0.084410,0.083780,0.084070,465022959,1708257599999,39103074.115920,60957,222733898,18732880.704820,0
1708257600000,0.084060,0.084130,0.083250,0.083980,537661669,1708271999999,45011291.170090,66990,262401723,21970527.651700,0
1708272000000,0.083970,0.085400,0.083680,0.085000,708879023,1708286399999,60080877.727080,88499,367480746,31141719.248700,0
1708286400000,0.084990,0.085800,0.084520,0.085230,560277494,1708300799999,47754188.635970,75544,263614507,22465931.847230,0
