open_time,open,high,low,close,volume,close_time,quote_volume,count,taker_buy_volume,taker_buy_quote_volume,ignore
1701907200000,0.095010,0.097830,0.094680,0.097210,1723560754,1701921599999,166471040.071150,242114,892247351,86161439.747820,0
1701921600000,0.097210,0.098380,0.096550,0.097700,1192471854,1701935999999,116071829.705350,161893,575831760,56072535.464350,0
1701936000000,0.097700,0.098100,0.093000,0.094570,2595233339,1701950399999,246793794.518420,346462,1213005323,115374548.826000,0
1701950400000,0.094570,0.096920,0.093890,0.096330,1805895943,1701964799999,172048664.914390,250248,920430381,87717535.568090,0
1701964800000,0.096340,0.097260,0.094100,0.094140,1831134930,1701979199999,175843279.281350,248805,865564187,83114713.183090,0
1701979200000,0.094150,0.096250,0.093030,0.095950,1849820605,1701993599999,174622533.200060,245237,931308643,87912817.014820,0
