open_time,open,high,low,close,volume,close_time,quote_volume,count,taker_buy_volume,taker_buy_quote_volume,ignore
1716940800000,0.165100,0.171140,0.165000,0.170010,1011948859,1716955199999,169861581.642870,335220,553162042,92913004.236520,0
1716955200000,0.170000,0.171020,0.166620,0.166980,1078495354,1716969599999,182339046.845240,321134,492946670,83396793.666750,0
1716969600000,0.166980,0.167310,0.164040,0.164540,1026077313,1716983999999,169515262.507120,317995,464688273,76795557.143310,0
1716984000000,0.164540,0.167050,0.163210,0.163880,1150362026,1716998399999,190297026.079740,373636,573532605,94918905.039370,0
1716998400000,0.163880,0.167300,0.162240,0.165270,861011185,1717012799999,142032823.904430,281783,431936207,71280938.750660,0
1717012800000,0.165270,0.165900,0.162850,0.163970,494933350,1717027199999,81369022.943940,189764,226346269,37204506.985860,0
