open_time,open,high,low,close,volume,close_time,quote_volume,count,taker_buy_volume,taker_buy_quote_volume,ignore
1731456000000,0.380200,0.416500,0.368110,0.371270,10054935597,1731470399999,3920716092.319040,3948114,4924989872,1921629853.725700,0
1731470400000,0.371280,0.384190,0.351730,0.377660,6135996478,1731484799999,2251398711.390030,2630578,3026554597,1111574427.800830,0
1731484800000,0.377670,0.395070,0.369000,0.388680,4701984283,1731499199999,1796236623.499230,2242355,2265904588,865976911.512800,0
1731499200000,0.388660,0.434390,0.379000,0.420430,9686749056,1731513599999,3944072331.402280,4205426,4725427740,1924852051.052870,0
1731513600000,0.420420,0.427630,0.381210,0.384200,6865403509,1731527999999,2777720653.141790,3162140,3274676614,1325590260.328260,0
1731528000000,0.384200,0.404800,0.371100,0.399030,4023712398,1731542399999,1558568390.871720,1987876,2002203784,776025598.607940,0
