open_time,open,high,low,close,volume,close_time,quote_volume,count,taker_buy_volume,taker_buy_quote_volume,ignore
1709856000000,0.157830,0.168400,0.155210,0.168370,2354474903,1709870399999,383383390.796810,958897,1165708485,189864589.971010,0
1709870400000,0.168380,0.168960,0.161370,0.164870,1912742712,1709884799999,315188620.831260,662205,938175306,154539955.422560,0
1709884800000,0.164870,0.173970,0.162730,0.169110,2143515952,1709899199999,359285709.535560,788704,1090312850,182724593.278520,0
1709899200000,0.169110,0.176310,0.154670,0.163590,4521975782,1709913599999,762930652.240190,1822999,2185341232,368961376.760640,0
1709913600000,0.163600,0.170270,0.158710,0.167860,2715635692,1709927999999,448767147.065280,1094250,1316080072,217497443.637970,0
1709928000000,0.167860,0.173100,0.163760,0.164670,1630936249,1709942399999,274223260.445580,667121,828470440,139328604.524300,0
