open_time,open,high,low,close,volume,close_time,quote_volume,count,taker_buy_volume,taker_buy_quote_volume,ignore
1708992000000,0.089330,0.090870,0.088560,0.089380,1279787222,1709006399999,114891601.553840,184463,618033984,55493187.202440,0
1709006400000,0.089380,0.092010,0.089200,0.091880,1224209833,1709020799999,111247403.832680,187255,627670574,57048952.426770,0
1709020800000,0.091870,0.096600,0.091380,0.094450,2903711994,1709035199999,274652926.337100,401537,1479558313,139865443.042590,0
1709035200000,0.094450,0.098290,0.094240,0.096000,3501155222,1709049599999,337720100.457060,517589,1747990087,168626582.740730,0
1709049600000,0.095990,0.099800,0.094640,0.098910,3687753090,1709063999999,358666456.909900,509844,1875498545,182432998.329070,0
1709064000000,0.098900,0.100710,0.096300,0.097680,2841777994,1709078399999,280044594.875800,414550,1422011876,140120057.674100,0
