open_time,open,high,low,close,volume,close_time,quote_volume,count,taker_buy_volume,taker_buy_quote_volume,ignore
1717027200000,0.163970,0.165680,0.162750,0.165400,553336640,1717041599999,90998326.315260,215844,274134044,45097037.749340,0
1717041600000,0.165390,0.165880,0.157450,0.158470,1250967571,1717055999999,201735171.875970,328937,506901008,81837704.439800,0
1717056000000,0.158480,0.160500,0.156420,0.159100,951456676,1717070399999,150536852.951370,278979,461747280,73104909.597970,0
1717070400000,0.159100,0.164950,0.158810,0.164150,1513419456,1717084799999,244734976.374810,413734,822628328,133142231.151690,0
1717084800000,0.164150,0.164870,0.160750,0.161160,1109592941,1717099199999,180519135.107420,312529,502404432,81759714.480770,0
1717099200000,0.161160,0.161170,0.158420,0.159540,560157235,1717113599999,89359861.338620,200796,264211477,42157538.724580,0
