open_time,open,high,low,close,volume,close_time,quote_volume,count,taker_buy_volume,taker_buy_quote_volume,ignore
1722816000000,0.103700,0.104250,0.087880,0.091330,4932362665,1722830399999,464499818.341210,925626,2345485302,220778009.448990,0
1722830400000,0.091330,0.093380,0.081010,0.088730,4063393006,1722844799999,354720288.697360,797238,1902471992,166257889.526640,0
1722844800000,0.088740,0.089140,0.080410,0.084530,2673357870,1722859199999,226180818.132210,508168,1288702151,109061327.671060,0
1722859200000,0.084520,0.095440,0.082000,0.095160,3998228917,1722873599999,354630540.513880,755058,1997199942,177074259.035350,0
1722873600000,0.095140,0.098550,0.092660,0.093830,1846465876,1722887999999,176182839.872230,400607,894685289,85451801.216440,0
1722888000000,0.093820,0.096820,0.093750,0.094300,748815077,1722902399999,71249597.876310,223803,377695403,35938750.152780,0
