open_time,open,high,low,close,volume,close_time,quote_volume,count,taker_buy_volume,taker_buy_quote_volume,ignore
1706140800000,0.079040,0.079260,0.078020,0.078250,401546257,1706155199999,31559825.646930,62874,186433620,14656368.967870,0
1706155200000,0.078260,0.078360,0.077330,0.078190,565107578,1706169599999,43963927.691740,72351,279214790,21722810.024000,0
1706169600000,0.078180,0.078810,0.077580,0.078230,604260201,1706183999999,47302887.026070,74105,312075878,24436103.912170,0
1706184000000,0.078240,0.078490,0.077100,0.077390,720286816,1706198399999,55843617.797090,103190,332617837,25789912.967520,0
1706198400000,0.077390,0.078330,0.077080,0.078040,470001639,1706212799999,36498266.078360,70008,236690502,18388102.886630,0
1706212800000,0.078050,0.078310,0.077680,0.077930,215022901,1706227199999,16771443.723160,41275,98955136,7718622.049740,0
