open_time,open,high,low,close,volume,close_time,quote_volume,count,taker_buy_volume,taker_buy_quote_volume,ignore
1715817600000,0.155270,0.159310,0.153550,0.157550,1105326559,1715831999999,172535715.267760,295135,563066093,87924894.706020,0
1715832000000,0.157550,0.157610,0.155340,0.156040,596110117,1715846399999,93112852.683040,172850,300989313,47014135.131270,0
1715846400000,0.156040,0.156390,0.154080,0.155140,614106588,1715860799999,95259652.187870,187128,286082810,44380775.527640,0
1715860800000,0.155130,0.155330,0.149350,0.151440,1305186883,1715875199999,198489453.568010,344355,633659215,96376786.360380,0
1715875200000,0.151440,0.151630,0.149000,0.149850,593242920,1715889599999,89332519.572740,190638,277932354,41876369.185750,0
1715889600000,0.149840,0.150440,0.148570,0.149630,430337399,1715903999999,64345184.403640,144977,206548668,30888369.271550,0
