open_time,open,high,low,close,volume,close_time,quote_volume,count,taker_buy_volume,taker_buy_quote_volume,ignore
1705708800000,0.078580,0.079030,0.078240,0.078530,454251508,1705723199999,35691088.583510,67271,226352354,17784281.735360,0
1705723200000,0.078540,0.079610,0.078210,0.079270,588483939,1705737599999,46436496.587240,70883,305391906,24099631.974180,0
1705737600000,0.079280,0.079520,0.078450,0.079260,461028297,1705751999999,36363558.037030,62112,224380579,17695679.171670,0
1705752000000,0.079260,0.079630,0.078970,0.079220,350027213,1705766399999,27753626.976300,54447,162721848,12904142.758950,0
1705766400000,0.079220,0.082510,0.079100,0.082330,1053941955,1705780799999,84988010.571510,145652,589257745,47544008.690150,0
1705780800000,0.082330,0.090560,0.081920,0.087760,5153243799,1705795199999,443734633.231360,685105,2578236758,222055479.100320,0
