open_time,open,high,low,close,volume,close_time,quote_volume,count,taker_buy_volume,taker_buy_quote_volume,ignore
1726185600000,0.102680,0.102820,0.101720,0.101860,238306686,1726199999999,24364912.328590,72119,108766702,11122274.990230,0
1726200000000,0.101850,0.104300,0.101770,0.103390,575528466,1726214399999,59304348.617570,117066,316676579,32631426.981690,0
1726214400000,0.103390,0.106640,0.103340,0.104410,988641209,1726228799999,103967907.958040,199117,505913847,53201456.794330,0
1726228800000,0.104410,0.108420,0.103650,0.107940,1134242652,1726243199999,120487382.976530,256067,584173048,62080564.362770,0
1726243200000,0.107930,0.108030,0.106130,0.106480,595584577,1726257599999,63768090.899950,146159,291599506,31225290.513420,0
1726257600000,0.106490,0.107820,0.106380,0.106900,368647921,1726271999999,39510211.364550,107384,197924924,21215846.353690,0
