open_time,open,high,low,close,volume,close_time,quote_volume,count,taker_buy_volume,taker_buy_quote_volume,ignore
1728000000000,0.105010,0.106860,0.104660,0.106330,521274964,1728014399999,55222934.698710,193808,247029337,26173110.820740,0
1728014400000,0.106320,0.108470,0.106290,0.107920,461053217,1728028799999,49609182.981310,147271,233087175,25081496.470500,0
1728028800000,0.107930,0.108800,0.107070,0.108490,476583177,1728043199999,51443445.846450,142811,241577637,26084221.693920,0
1728043200000,0.108480,0.110280,0.106520,0.108180,1160038492,1728057599999,125623812.277570,314530,538373979,58317581.613870,0
1728057600000,0.108190,0.110560,0.107840,0.110370,540860240,1728071999999,58990453.023410,161411,267699789,29206186.553380,0
1728072000000,0.110370,0.110460,0.108690,0.109180,298065091,1728086399999,32657186.698540,97360,143804989,15759005.833870,0
