open_time,open,high,low,close,volume,close_time,quote_volume,count,taker_buy_volume,taker_buy_quote_volume,ignore
1718496000000,0.136700,0.136720,0.135000,0.135280,248245546,1718510399999,33727718.474110,87796,119803107,16274828.727250,0
1718510400000,0.135270,0.136630,0.134580,0.136160,242973662,1718524799999,32994585.641050,77422,116779387,15861017.061340,0
1718524800000,0.136160,0.136500,0.135330,0.135700,207393138,1718539199999,28189932.708130,75356,98895722,13441534.153640,0
1718539200000,0.135710,0.137060,0.135450,0.136900,277775293,1718553599999,37865047.986100,94178,148797509,20282261.753880,0
1718553600000,0.136900,0.136960,0.135900,0.136240,184858424,1718567999999,25210909.847360,73421,87891302,11987068.166820,0
1718568000000,0.136240,0.137640,0.135780,0.137050,284090729,1718582399999,38859371.820070,88052,146171235,19993384.943160,0
