open_time,open,high,low,close,volume,close_time,quote_volume,count,taker_buy_volume,taker_buy_quote_volume,ignore
1717891200000,0.145880,0.147250,0.144910,0.145620,343773951,1717905599999,50268127.122030,119622,161758875,23651972.724660,0
1717905600000,0.145620,0.146670,0.145030,0.145690,291256452,1717919999999,42503213.567890,93323,151652006,22135390.029110,0
1717920000000,0.145690,0.146290,0.145460,0.146030,204405176,1717934399999,29811992.448760,66640,108247237,15786410.403030,0
1717934400000,0.146030,0.147520,0.145700,0.146820,443182465,1717948799999,64975588.898860,134534,213020508,31228256.201170,0
1717948800000,0.146810,0.149160,0.146710,0.147780,354322669,1717963199999,52368722.764380,108284,166864402,24663211.982390,0
1717963200000,0.147780,0.147930,0.146570,0.146760,233883273,1717977599999,34397215.022850,76748,100678781,14807488.328150,0
