open_time,open,high,low,close,volume,close_time,quote_volume,count,taker_buy_volume,taker_buy_quote_volume,ignore
1725580800000,0.098370,0.099400,0.097970,0.098750,376463959,1725595199999,37181036.135380,115127,177575525,17542422.170330,0
1725595200000,0.098750,0.099040,0.096860,0.097380,462777072,1725609599999,45344844.454080,127313,215175165,21084303.319040,0
1725609600000,0.097370,0.097950,0.096770,0.096860,427747294,1725623999999,41604262.108590,121090,202144324,19658933.419410,0
1725624000000,0.096860,0.097830,0.092780,0.093640,1888341661,1725638399999,179728833.686340,382595,893581460,85076013.118790,0
1725638400000,0.093640,0.093660,0.090310,0.090810,1480129359,1725652799999,135819240.287700,308307,685114771,62879742.469140,0
1725652800000,0.090810,0.092500,0.088860,0.092440,1075712538,1725667199999,97178382.192520,216149,520215241,47019332.202840,0
