open_time,open,high,low,close,volume,close_time,quote_volume,count,taker_buy_volume,taker_buy_quote_volume,ignore
1727308800000,0.108430,0.109040,0.106900,0.109010,455974424,1727323199999,49255253.916150,161298,228007407,24640186.414220,0
1727323200000,0.109020,0.115000,0.108480,0.113420,1730345424,1727337599999,195032334.625350,329089,954458782,107575491.182270,0
1727337600000,0.113430,0.115230,0.113200,0.113620,993113014,1727351999999,113382868.225420,244415,489523938,55891423.263640,0
1727352000000,0.113630,0.117200,0.113320,0.116690,1567263218,1727366399999,180701980.636820,384031,795150877,91700948.436440,0
1727366400000,0.116690,0.120710,0.116180,0.117580,1434144781,1727380799999,169854371.205750,360714,707102969,83777620.688120,0
1727380800000,0.117580,0.118290,0.115430,0.118130,922583279,1727395199999,107958313.871730,211616,466304993,54590838.778410,0
