open_time,open,high,low,close,volume,close_time,quote_volume,count,taker_buy_volume,taker_buy_quote_volume,ignore
1713830400000,0.161150,0.162180,0.158120,0.158500,556933292,1713844799999,89240099.595630,233925,263523634,42228691.346730,0
1713844800000,0.158490,0.159300,0.156710,0.157380,733156553,1713859199999,115868114.675240,255926,357019410,56436987.470870,0
1713859200000,0.157380,0.159180,0.156700,0.158000,518542223,1713873599999,81938448.395340,198073,250984643,39665747.519810,0
1713873600000,0.158000,0.162970,0.157310,0.161100,1278531478,1713887999999,205046598.299260,435299,654288141,104943697.028150,0
1713888000000,0.161090,0.162880,0.160410,0.161140,670274454,1713902399999,108319750.525060,267631,324930815,52519190.682580,0
1713902400000,0.161140,0.161290,0.158570,0.159720,482035770,1713916799999,77151375.099160,213352,220098939,35234731.106600,0
