open_time,open,high,low,close,volume,close_time,quote_volume,count,taker_buy_volume,taker_buy_quote_volume,ignore
1708819200000,0.086220,0.086460,0.085270,0.086270,343229704,1708833599999,29501787.890250,67963,171220352,14719599.342650,0
1708833600000,0.086270,0.086530,0.085750,0.086040,328547426,1708847999999,28305383.809170,53130,147884974,12742548.457260,0
1708848000000,0.086040,0.086870,0.085880,0.086210,450099360,1708862399999,38822517.335970,66830,215341301,18577604.286900,0
1708862400000,0.086220,0.086890,0.085880,0.086370,553855330,1708876799999,47864274.928740,77221,265684954,22963501.416890,0
1708876800000,0.086370,0.086710,0.085940,0.086540,395086142,1708891199999,34080698.724410,57726,186419824,16080977.710550,0
1708891200000,0.086540,0.086860,0.086040,0.086180,399571619,1708905599999,34514784.434110,60861,193021927,16676049.245730,0
