open_time,open,high,low,close,volume,close_time,quote_volume,count,taker_buy_volume,taker_buy_quote_volume,ignore
1727740800000,0.114150,0.117710,0.113340,0.117650,781817889,1727755199999,90525579.951860,241563,407339363,47176041.445810,0
1727755200000,0.117650,0.119020,0.117240,0.118530,496541459,1727769599999,58680759.813270,156411,230768139,27272775.715680,0
1727769600000,0.118530,0.119310,0.117770,0.118020,505002620,1727783999999,59810909.517650,150510,240101347,28442069.659880,0
1727784000000,0.118010,0.118500,0.107770,0.110610,2208398249,1727798399999,248996270.228040,544292,1011232296,114053459.118030,0
1727798400000,0.110610,0.111370,0.102490,0.105930,2538557974,1727812799999,271458379.609350,592753,1214615636,129897087.477880,0
1727812800000,0.105940,0.107750,0.103770,0.106790,971805791,1727827199999,103137692.792580,282501,487782376,51787235.439520,0
