open_time,open,high,low,close,volume,close_time,quote_volume,count,taker_buy_volume,taker_buy_quote_volume,ignore
1712793600000,0.199900,0.199930,0.195410,0.197190,908233466,1712807999999,179622428.201710,376439,434456965,85925858.831610,0
1712808000000,0.197190,0.202090,0.195040,0.201020,983431471,1712822399999,194812867.530960,352034,485824375,96264277.697230,0
1712822400000,0.201010,0.203780,0.193530,0.194300,1514763145,1712836799999,301477977.109090,483015,711573522,141747031.338540,0
1712836800000,0.194300,0.197510,0.190170,0.192660,2537374596,1712851199999,490600789.799380,793651,1210358591,234101590.616320,0
1712851200000,0.192660,0.194650,0.189770,0.193510,1183817480,1712865599999,228044493.301680,426726,576841522,111140486.398410,0
1712865600000,0.193510,0.198300,0.192790,0.193930,1080066450,1712879999999,211238855.984980,400892,530264434,103726026.447360,0
