open_time,open,high,low,close,volume,close_time,quote_volume,count,taker_buy_volume,taker_buy_quote_volume,ignore
1725926400000,0.103750,0.103870,0.102040,0.102470,405263806,1725940799999,41635046.416910,124676,191944241,19717498.798800,0
1725940800000,0.102470,0.103990,0.102380,0.103700,384798953,1725955199999,39770990.215590,118801,204110957,21102055.169920,0
1725955200000,0.103700,0.104560,0.103430,0.103630,433760735,1725969599999,45071349.208040,113971,199157929,20699742.389410,0
1725969600000,0.103630,0.103670,0.101500,0.101580,641212687,1725983999999,65698285.386110,191052,323206645,33124188.318950,0
1725984000000,0.101590,0.103460,0.101530,0.102960,450708912,1725998399999,46266396.998300,148582,227975061,23409585.261040,0
1725998400000,0.102960,0.103250,0.102460,0.102740,241717875,1726012799999,24853952.179520,98475,133111582,13686985.432310,0
