open_time,open,high,low,close,volume,close_time,quote_volume,count,taker_buy_volume,taker_buy_quote_volume,ignore
1709424000000,0.142180,0.144190,0.138000,0.140670,1547401624,1709438399999,217782829.288380,467849,763306502,107443519.884230,0
1709438400000,0.140670,0.143800,0.119900,0.131360,3041566889,1709452799999,411613486.404210,801712,1353295050,183584111.858350,0
1709452800000,0.131370,0.143000,0.129260,0.141590,2873295705,1709467199999,387348822.170480,844296,1415520042,191005215.540220,0
1709467200000,0.141580,0.143790,0.137310,0.140390,2033375682,1709481599999,286136006.380590,669258,1021516218,143834671.374820,0
1709481600000,0.140400,0.153910,0.138880,0.151130,3621083881,1709495999999,530113423.482280,1063249,1815105605,265890976.359370,0
1709496000000,0.151140,0.156550,0.149250,0.153650,2759835366,1709510399999,423919166.241650,876154,1395250333,214332916.063890,0
