open_time,open,high,low,close,volume,close_time,quote_volume,count,taker_buy_volume,taker_buy_quote_volume,ignore
1716163200000,0.148990,0.151770,0.147550,0.150850,655292032,1716177599999,98303200.432010,247463,351829165,52789502.015140,0
1716177600000,0.150840,0.153320,0.148750,0.150990,706173254,1716191999999,106863504.891780,256425,342212985,51807086.788150,0
1716192000000,0.150980,0.152500,0.150560,0.150730,452247303,1716206399999,68576261.284110,173117,223819329,33944338.778030,0
1716206400000,0.150730,0.153050,0.150360,0.152290,585656183,1716220799999,88706957.964000,206198,295548407,44763434.752900,0
1716220800000,0.152280,0.157740,0.151550,0.157590,1394873340,1716235199999,215167326.799800,402277,691908117,106789360.208710,0
1716235200000,0.157590,0.166370,0.155730,0.165720,2303300996,1716249599999,369897782.650800,605400,1191525351,191427218.613340,0
