open_time,open,high,low,close,volume,close_time,quote_volume,count,taker_buy_volume,taker_buy_quote_volume,ignore
1702771200000,0.097150,0.097900,0.094860,0.095250,912714684,1702785599999,87860034.408540,158063,414100897,39879518.095120,0
1702785600000,0.095240,0.096000,0.093360,0.093930,827347249,1702799999999,78286552.105820,126195,370499952,35068323.466510,0
1702800000000,0.093930,0.095600,0.093640,0.095330,563908069,1702814399999,53441830.341310,94999,288637436,27352923.671480,0
1702814400000,0.095330,0.095430,0.093190,0.094650,780737369,1702828799999,73554692.630840,126731,367672062,34645753.144170,0
1702828800000,0.094640,0.096710,0.094350,0.095140,819591512,1702843199999,78291387.871340,131142,422221344,40339361.965410,0
1702843200000,0.095150,0.095540,0.092400,0.092990,704974231,1702857599999,66073780.034220,110371,334727056,31354981.464670,0
