open_time,open,high,low,close,volume,close_time,quote_volume,count,taker_buy_volume,taker_buy_quote_volume,ignore
1731196800000,0.219000,0.229700,0.216640,0.228610,4217882396,1731211199999,945788571.343990,1292840,2130075522,477831917.786870,0
1731211200000,0.228620,0.232950,0.224550,0.226840,2962358997,1731225599999,675727535.085570,1042607,1409959624,321761453.249330,0
1731225600000,0.226840,0.243830,0.226570,0.242420,3415988003,1731239999999,807279391.513940,1135856,1732870447,409522758.731430,0
1731240000000,0.242420,0.249760,0.238000,0.247220,5465515883,1731254399999,1335995282.473820,1711842,2612660012,638940328.979430,0
1731254400000,0.247230,0.298000,0.244840,0.271320,13386967266,1731268799999,3652198378.144060,3844756,6450473377,1759606554.548960,0
1731268800000,0.271320,0.287330,0.247900,0.277940,8207022941,1731283199999,2202437649.272340,2579543,4040287591,1084340687.485950,0
