open_time,open,high,low,close,volume,close_time,quote_volume,count,taker_buy_volume,taker_buy_quote_volume,ignore
1707868800000,0.081110,0.081160,0.080520,0.081160,329520569,1707883199999,26631105.990430,47054,167542791,13541485.880150,0
1707883200000,0.081160,0.081880,0.080960,0.081800,305124018,1707897599999,24863819.766860,46307,151676769,12360408.659830,0
1707897600000,0.081790,0.083580,0.081720,0.083030,1159430485,1707911999999,96036451.065890,135492,603626343,49996135.573660,0
1707912000000,0.083030,0.083670,0.082380,0.083250,1439502661,1707926399999,119630317.807480,131047,720898960,59921143.532060,0
1707926400000,0.083250,0.086770,0.082710,0.086250,3003797158,1707940799999,255883294.857730,317599,1558400086,132768392.923060,0
1707940800000,0.086250,0.087090,0.085390,0.085580,1124779249,1707955199999,97083848.127230,147956,542206347,46816910.805220,0
