open_time,open,high,low,close,volume,close_time,quote_volume,count,taker_buy_volume,taker_buy_quote_volume,ignore
1722384000000,0.125430,0.126210,0.124590,0.125250,297442148,1722398399999,37325917.536820,139232,147242642,18480108.701000,0
1722398400000,0.125250,0.127000,0.123560,0.126010,459406027,1722412799999,57559344.042430,146913,217278884,27228983.810230,0
1722412800000,0.126010,0.126380,0.124800,0.125460,286117523,1722427199999,35950008.538640,102765,142250664,17875082.130740,0
1722427200000,0.125470,0.127300,0.125240,0.126110,447514521,1722441599999,56580997.221460,163605,217180061,27461251.946130,0
1722441600000,0.126110,0.126990,0.122090,0.122880,724027751,1722455999999,90445017.019870,231737,341352354,42690740.870080,0
1722456000000,0.122870,0.123100,0.121070,0.121870,526907700,1722470399999,64297379.454350,172119,244736870,29873095.313980,0
