open_time,open,high,low,close,volume,close_time,quote_volume,count,taker_buy_volume,taker_buy_quote_volume,ignore
1706918400000,0.079250,0.079500,0.079040,0.079210,167393650,1706932799999,13267672.670050,33168,77938384,6177313.342440,0
1706932800000,0.079220,0.079490,0.078860,0.078980,142165031,1706947199999,11255488.393500,27131,67894206,5375550.124410,0
1706947200000,0.078970,0.079120,0.078760,0.079010,164791419,1706961599999,13010042.965840,30479,84769603,6692745.466270,0
1706961600000,0.079000,0.079310,0.078500,0.079040,226901562,1706975999999,17910098.418440,38446,106806056,8432368.169700,0
1706976000000,0.079040,0.079470,0.079030,0.079170,211572769,1706990399999,16765677.692070,37585,103588010,8209513.283880,0
1706990400000,0.079170,0.079280,0.078560,0.078720,184326508,1707004799999,14548160.629250,33504,84118511,6640992.654360,0
