open_time,open,high,low,close,volume,close_time,quote_volume,count,taker_buy_volume,taker_buy_quote_volume,ignore
1710633600000,0.142620,0.147830,0.140410,0.146810,1788960409,1710647999999,258928953.893900,532218,928459733,134405718.099290,0
1710648000000,0.146820,0.146880,0.136730,0.140980,1900878314,1710662399999,269698496.518060,539045,918385795,130341091.017890,0
1710662400000,0.140970,0.151970,0.139960,0.148860,2233467861,1710676799999,329989285.271430,696702,1106164930,163361336.776980,0
1710676800000,0.148870,0.154570,0.145960,0.152930,1645585049,1710691199999,247031422.314500,510906,845925311,127018072.572510,0
1710691200000,0.152930,0.159390,0.150510,0.154700,2171365760,1710705599999,335275350.190210,616733,1123867851,173582139.452550,0
1710705600000,0.154700,0.157080,0.153040,0.154390,932289286,1710719999999,144193213.097100,314307,463002986,71619075.134640,0
