open_time,open,high,low,close,volume,close_time,quote_volume,count,taker_buy_volume,taker_buy_quote_volume,ignore
1719187200000,0.122140,0.123890,0.119520,0.121480,804794348,1719201599999,98096429.935810,225153,394770512,48148280.735750,0
1719201600000,0.121470,0.121710,0.117750,0.118450,830425011,1719215999999,98962800.336910,208057,401347727,47824019.854270,0
1719216000000,0.118450,0.119470,0.113550,0.117150,1284371028,1719230399999,150137290.846900,280075,606410045,70950675.934420,0
1719230400000,0.117150,0.119610,0.116300,0.116920,694700031,1719244799999,82051989.923550,187054,362130129,42769694.890920,0
1719244800000,0.116920,0.117760,0.115100,0.115700,841059268,1719259199999,97965828.201730,240551,413110794,48119261.004240,0
1719259200000,0.115700,0.119330,0.113840,0.118940,648650730,1719273599999,75723525.153430,186352,319087015,37260390.795490,0
