open_time,open,high,low,close,volume,close_time,quote_volume,count,taker_buy_volume,taker_buy_quote_volume,ignore
1708905600000,0.086190,0.086220,0.085090,0.085660,382147858,1708919999999,32742987.418960,63743,176643418,15137492.448800,0
1708920000000,0.085670,0.086220,0.085260,0.085550,382708572,1708934399999,32805345.841110,59054,183415761,15722552.767940,0
1708934400000,0.085550,0.085830,0.084210,0.084640,657356566,1708948799999,55786235.572610,109707,309313236,26250190.703440,0
1708948800000,0.084640,0.086760,0.084250,0.086680,662885014,1708963199999,56687941.590190,100646,339263624,29010875.634900,0
1708963200000,0.086680,0.089220,0.086490,0.088910,1339094077,1708977599999,116994060.454690,186207,703696070,61506105.204180,0
1708977600000,0.088900,0.090150,0.087920,0.089330,1092904970,1708991999999,97257837.165840,146477,572247504,50933180.188370,0
