open_time,open,high,low,close,volume,close_time,quote_volume,count,taker_buy_volume,taker_buy_quote_volume,ignore
1717200000000,0.159090,0.159860,0.158510,0.159580,269086972,1717214399999,42865327.004470,129364,135921792,21653584.282140,0
1717214400000,0.159590,0.159950,0.159000,0.159140,207508270,1717228799999,33092600.613130,96588,101840507,16242335.323360,0
1717228800000,0.159150,0.160000,0.159090,0.159550,204019548,1717243199999,32550502.602450,96528,105050380,16760533.635010,0
1717243200000,0.159550,0.161960,0.159430,0.160190,478130121,1717257599999,76891720.042110,161794,243752512,39208313.827880,0
1717257600000,0.160200,0.161100,0.159540,0.160900,278501936,1717271999999,44665377.072430,118882,141049843,22623967.307320,0
1717272000000,0.160910,0.161530,0.160150,0.160430,227143968,1717286399999,36565172.159350,115394,107684759,17334808.095520,0
