open_time,open,high,low,close,volume,close_time,quote_volume,count,taker_buy_volume,taker_buy_quote_volume,ignore
1701734400000,0.091980,0.092440,0.089200,0.090240,1356712877,1701748799999,123077594.623960,202953,619907242,56233805.948030,0
1701748800000,0.090230,0.090340,0.087260,0.088490,1301420593,1701763199999,116083975.496370,181061,575009316,51307201.510100,0
1701763200000,0.088490,0.088890,0.087500,0.088710,857086203,1701777599999,75673823.279420,122899,418108425,36922958.553130,0
1701777600000,0.088700,0.090290,0.088620,0.089820,1399547617,1701791999999,125178758.607390,196438,694334300,62104997.799610,0
1701792000000,0.089820,0.095940,0.089360,0.094860,4377807701,1701806399999,404964825.182580,594812,2243433396,207571100.834600,0
1701806400000,0.094870,0.095250,0.092500,0.094390,1757851250,1701820799999,164648959.877900,242401,838992098,78593056.894100,0
