open_time,open,high,low,close,volume,close_time,quote_volume,count,taker_buy_volume,taker_buy_quote_volume,ignore
1725321600000,0.099070,0.100740,0.098740,0.099530,437570819,1725335999999,43693033.473010,116671,222442404,22214534.107080,0
1725336000000,0.099530,0.099680,0.098980,0.099540,208257208,1725350399999,20697654.913880,86450,92929281,9235179.842710,0
1725350400000,0.099550,0.099670,0.098550,0.099570,228322692,1725364799999,22642957.433800,102055,109247159,10835482.531400,0
1725364800000,0.099570,0.100450,0.096670,0.096870,782364164,1725379199999,76942172.199710,232490,371137275,36494625.837920,0
1725379200000,0.096860,0.098570,0.096620,0.097690,397500090,1725393599999,38839761.984560,147033,202100067,19747372.987670,0
1725393600000,0.097690,0.098090,0.096340,0.096740,327995025,1725407999999,31959436.446610,101269,162518355,15842213.594320,0
