open_time,open,high,low,close,volume,close_time,quote_volume,count,taker_buy_volume,taker_buy_quote_volume,ignore
1711324800000,0.176600,0.177580,0.171310,0.172640,1397782633,1711339199999,242197282.627960,555329,698916731,121066669.694700,0
1711339200000,0.172640,0.175840,0.171350,0.171470,1119304275,1711353599999,193973021.529320,449130,564007040,97771855.575730,0
1711353600000,0.171470,0.173380,0.170110,0.170690,994982458,1711367999999,170648293.301450,330934,478791150,82140715.927510,0
1711368000000,0.170680,0.187300,0.170410,0.183070,3804357177,1711382399999,682462759.665550,1323266,1965307529,352540200.983200,0
1711382400000,0.183080,0.184750,0.178640,0.180490,1843943908,1711396799999,335102661.654650,721447,906290769,164729120.221890,0
1711396800000,0.180480,0.181770,0.174800,0.175390,1355016811,1711411199999,241074905.173950,480031,622087592,110735180.937480,0
