open_time,open,high,low,close,volume,close_time,quote_volume,count,taker_buy_volume,taker_buy_quote_volume,ignore
1706227200000,0.077940,0.078510,0.077510,0.078100,338438519,1706241599999,26412615.402440,52093,168358541,13141129.581550,0
1706241600000,0.078110,0.078530,0.077700,0.077810,309692978,1706255999999,24202222.044950,48181,142899301,11168677.639180,0
1706256000000,0.077820,0.079630,0.077800,0.079500,544707937,1706270399999,42896398.006060,87361,277416525,21853673.105740,0
1706270400000,0.079510,0.079680,0.078830,0.079460,750098892,1706284799999,59487227.231730,92782,364611690,28917429.531510,0
1706284800000,0.079460,0.080320,0.079440,0.080030,524015506,1706299199999,41903283.436440,88451,268422079,21464930.281580,0
1706299200000,0.080020,0.080310,0.079610,0.079840,410995333,1706313599999,32836907.313490,64063,204824157,16367096.387840,0
