open_time,open,high,low,close,volume,close_time,quote_volume,count,taker_buy_volume,taker_buy_quote_volume,ignore
1723161600000,0.107410,0.107780,0.105250,0.105980,510080138,1723175999999,54327804.033030,189054,247419161,26350687.993010,0
1723176000000,0.105970,0.106100,0.103800,0.104880,369921153,1723190399999,38766993.011550,151005,173188158,18147760.858220,0
1723190400000,0.104870,0.105680,0.103500,0.104400,402411326,1723204799999,42090726.732870,152079,189250983,19798019.735200,0
1723204800000,0.104400,0.105190,0.101530,0.101620,854043653,1723219199999,88179972.753320,275109,426589622,44061222.925490,0
1723219200000,0.101630,0.103550,0.101570,0.103250,379611459,1723233599999,38988763.715280,161570,191256932,19646121.179980,0
1723233600000,0.103250,0.104560,0.102870,0.103780,347128075,1723247999999,35966301.732800,146180,168279694,17436150.529540,0
