open_time,open,high,low,close,volume,close_time,quote_volume,count,taker_buy_volume,taker_buy_quote_volume,ignore
1728777600000,0.111330,0.112070,0.110350,0.110890,320659165,1728791999999,35588454.562400,116910,140621527,15610256.430880,0
1728792000000,0.110890,0.111920,0.110890,0.111520,230485296,1728806399999,25679528.963700,82152,116610352,12991023.264880,0
1728806400000,0.111510,0.112050,0.110510,0.110570,379957681,1728820799999,42336090.511470,112456,177613124,19798493.304410,0
1728820800000,0.110580,0.111870,0.108600,0.109490,776440362,1728835199999,85630729.485690,182470,367234512,40504637.955980,0
1728835200000,0.109500,0.110900,0.108860,0.110010,420889911,1728849599999,46270019.924920,137783,210217065,23107611.737360,0
1728849600000,0.110010,0.111770,0.109680,0.111360,324202739,1728863999999,35952452.854990,113781,168015754,18633696.531500,0
