open_time,open,high,low,close,volume,close_time,quote_volume,count,taker_buy_volume,taker_buy_quote_volume,ignore
1710720000000,0.154390,0.154430,0.148490,0.151110,1487293013,1710734399999,225029399.295830,458819,697745717,105588497.024860,0
1710734400000,0.151120,0.153740,0.148880,0.149520,955342274,1710748799999,144405202.086940,330029,468033592,70753614.855330,0
1710748800000,0.149530,0.149580,0.145370,0.148330,1431687312,1710763199999,210925658.584370,445384,687716431,101331001.881870,0
1710763200000,0.148320,0.149300,0.142310,0.143810,2002519276,1710777599999,290349498.653800,579258,947227273,137334712.732710,0
1710777600000,0.143810,0.145620,0.140100,0.142120,1548108361,1710791999999,220647621.092330,499177,783326728,111681329.874000,0
1710792000000,0.142130,0.145460,0.142130,0.143620,764746689,1710806399999,109929061.645920,283335,378920262,54487132.076750,0
