open_time,open,high,low,close,volume,close_time,quote_volume,count,taker_buy_volume,taker_buy_quote_volume,ignore
1705968000000,0.080560,0.081880,0.080430,0.080910,705099334,1705982399999,57275377.817240,111074,351873535,28585445.878840,0
1705982400000,0.080900,0.081360,0.079430,0.079780,755558683,1705996799999,60823807.821300,104000,340297662,27407308.589640,0
1705996800000,0.079780,0.080050,0.075870,0.077330,2348553820,1706011199999,182392605.275620,355012,1132995536,87964345.817080,0
1706011200000,0.077320,0.077830,0.076000,0.077530,1095958455,1706025599999,84374408.149230,173660,528919177,40728076.283850,0
1706025600000,0.077520,0.077880,0.076540,0.076620,606845216,1706039999999,46855011.868430,117282,295660081,22832834.292980,0
1706040000000,0.076620,0.078250,0.076320,0.078170,542178915,1706054399999,41907613.201890,92305,269582438,20835010.643000,0
