open_time,open,high,low,close,volume,close_time,quote_volume,count,taker_buy_volume,taker_buy_quote_volume,ignore
1715644800000,0.148560,0.150530,0.147030,0.149890,1041545348,1715659199999,154971971.032840,286426,512868579,76343608.626900,0
1715659200000,0.149880,0.152790,0.146000,0.152300,1661779706,1715673599999,248721926.756410,422941,825683186,123696419.718300,0
1715673600000,0.152300,0.152460,0.147900,0.152200,1198669892,1715687999999,180036141.826830,316275,633007112,95127580.054360,0
1715688000000,0.152200,0.155100,0.145980,0.148120,3001453347,1715702399999,452001326.716740,815720,1472295910,221812878.660330,0
1715702400000,0.148120,0.148450,0.144560,0.146050,1142043278,1715716799999,167013108.476240,325168,544458344,79646010.946680,0
1715716800000,0.146050,0.147410,0.144220,0.145430,604518694,1715731199999,88080586.694510,167146,293211281,42730506.149100,0
