open_time,open,high,low,close,volume,close_time,quote_volume,count,taker_buy_volume,taker_buy_quote_volume,ignore
1711670400000,0.220220,0.225060,0.211350,0.218200,3091823370,1711684799999,675452983.783500,1308792,1503576173,328366951.872500,0
1711684800000,0.218200,0.218270,0.208570,0.209740,2190944580,1711699199999,469416129.138540,812795,1061808760,227614040.372150,0
1711699200000,0.209740,0.217840,0.209290,0.213860,1829704050,1711713599999,390999209.891340,677990,928708830,198492225.498450,0
1711713600000,0.213890,0.218630,0.208040,0.208920,2451381329,1711727999999,524687910.312540,944961,1198659363,256598395.514410,0
1711728000000,0.208940,0.218650,0.208770,0.214310,1709131933,1711742399999,366010211.168170,728728,869912963,186246945.045860,0
1711742400000,0.214310,0.215090,0.209530,0.213190,1018108814,1711756799999,216123051.071890,423674,505040065,107227160.680010,0
