open_time,open,high,low,close,volume,close_time,quote_volume,count,taker_buy_volume,taker_buy_quote_volume,ignore
1721260800000,0.121720,0.123900,0.121700,0.123300,335955490,1721275199999,41316009.400860,121687,170204745,20936616.291660,0
1721275200000,0.123310,0.123400,0.120700,0.121490,434446265,1721289599999,52975066.245630,127003,203614962,24837258.920780,0
1721289600000,0.121490,0.122330,0.120050,0.121850,488937289,1721303999999,59296158.937640,134786,247465906,30020530.527970,0
1721304000000,0.121850,0.123010,0.117810,0.117920,845387444,1721318399999,101692201.802810,202416,401518884,48326813.950220,0
1721318400000,0.117920,0.119630,0.117030,0.117990,466067343,1721332799999,55208518.942620,134473,230455768,27302329.670060,0
1721332800000,0.117990,0.119870,0.117630,0.119480,195080063,1721347199999,23202336.477400,65870,98551654,11723763.797960,0
