open_time,open,high,low,close,volume,close_time,quote_volume,count,taker_buy_volume,taker_buy_quote_volume,ignore
1711756800000,0.213180,0.217170,0.210610,0.212180,1351376194,1711771199999,288737181.180960,550262,667122630,142551618.353710,0
1711771200000,0.212180,0.214890,0.205290,0.206270,1622284150,1711785599999,342002204.725830,590810,763556529,161027581.676190,0
1711785600000,0.206270,0.211210,0.206080,0.211080,849755882,1711799999999,177488373.708000,349261,427426910,89290003.970380,0
1711800000000,0.211080,0.211240,0.203010,0.203980,1410855950,1711814399999,291879053.010420,476154,674261519,139491625.053070,0
1711814400000,0.203980,0.204940,0.196180,0.201240,2090406957,1711828799999,418572950.869960,654267,984962217,197294018.228310,0
1711828800000,0.201240,0.202280,0.198320,0.199290,795572837,1711843199999,159523126.169490,308156,378557443,75929744.791330,0
