open_time,open,high,low,close,volume,close_time,quote_volume,count,taker_buy_volume,taker_buy_quote_volume,ignore
1724457600000,0.112880,0.113350,0.111630,0.112540,309072943,1724471999999,34796938.770870,111210,149714478,16859092.623040,0
1724472000000,0.112530,0.113000,0.112030,0.112310,295322317,1724486399999,33197707.082920,91512,140150668,15753801.771290,0
1724486400000,0.112300,0.113870,0.111880,0.112140,438406611,1724500799999,49428561.750280,122000,211346123,23819979.457340,0
1724500800000,0.112130,0.113140,0.111160,0.112080,654506517,1724515199999,73333703.468280,152380,314509744,35236286.673150,0
1724515200000,0.112080,0.114870,0.111940,0.114220,767034531,1724529599999,87392401.627070,200536,388790719,44296433.310740,0
1724529600000,0.114230,0.114960,0.110670,0.112500,613229041,1724543999999,68970598.977010,173513,289448009,32585417.624050,0
