open_time,open,high,low,close,volume,close_time,quote_volume,count,taker_buy_volume,taker_buy_quote_volume,ignore
1719273600000,0.118940,0.124760,0.118730,0.123380,858332198,1719287999999,104554699.607450,214085,441119408,53727626.316010,0
1719288000000,0.123370,0.124510,0.121780,0.121930,784620023,1719302399999,96398555.433410,181064,365991117,44976225.092810,0
1719302400000,0.121940,0.123930,0.121360,0.123420,496451244,1719316799999,60971880.007760,132239,249435758,30643494.933050,0
1719316800000,0.123410,0.127760,0.122990,0.127020,801048117,1719331199999,100364498.194960,202718,425376149,53303876.052810,0
1719331200000,0.127030,0.128560,0.125550,0.127640,641696737,1719345599999,81503229.388230,164483,316303370,40170905.095900,0
1719345600000,0.127630,0.127800,0.125460,0.126110,346194341,1719359999999,43831826.336590,97685,175431260,22217991.931440,0
