open_time,open,high,low,close,volume,close_time,quote_volume,count,taker_buy_volume,taker_buy_quote_volume,ignore
1707523200000,0.081560,0.082170,0.081310,0.081860,351422240,1707537599999,28712984.507170,48762,177959663,14543632.952930,0
1707537600000,0.081850,0.081950,0.081210,0.081260,240261258,1707551999999,19586690.170090,32811,116083545,9463848.357900,0
1707552000000,0.081260,0.081440,0.080280,0.080800,443180735,1707566399999,35833788.081720,55226,220681543,17844019.896710,0
1707566400000,0.080800,0.081140,0.080600,0.081100,253509346,1707580799999,20513469.561670,34596,125409570,10147893.999450,0
1707580800000,0.081100,0.081260,0.080850,0.081070,233419582,1707595199999,18917901.481720,32638,120635874,9776992.740740,0
1707595200000,0.081060,0.081790,0.080980,0.081410,317960149,1707609599999,25897289.093340,44825,157830846,12854595.195690,0
