open_time,open,high,low,close,volume,close_time,quote_volume,count,taker_buy_volume,taker_buy_quote_volume,ignore
1714867200000,0.160050,0.162660,0.154450,0.158280,2073586532,1714881599999,327879533.336720,527809,1002052108,158490671.737560,0
1714881600000,0.158290,0.162590,0.158140,0.161610,1600914797,1714895999999,256778664.871940,376646,825943726,132508994.533050,0
1714896000000,0.161610,0.162680,0.160010,0.160790,1068088543,1714910399999,172028663.533360,279027,511920073,82469643.256050,0
1714910400000,0.160790,0.162370,0.158640,0.161790,1341138410,1714924799999,215356608.236590,315186,658832655,105842906.862280,0
1714924800000,0.161790,0.163480,0.160180,0.162150,989279712,1714939199999,159976611.430010,256509,480395669,77690035.115020,0
1714939200000,0.162140,0.162190,0.159490,0.160890,593438433,1714953599999,95215004.053490,165906,306874099,49237651.168590,0
