open_time,open,high,low,close,volume,close_time,quote_volume,count,taker_buy_volume,taker_buy_quote_volume,ignore
1722211200000,0.129950,0.134760,0.129590,0.133580,901234136,1722225599999,119314106.683020,263919,467102245,61810311.547940,0
1722225600000,0.133580,0.134860,0.132840,0.134570,485466039,1722239999999,65083209.190660,156323,236030220,31643556.311430,0
1722240000000,0.134560,0.135050,0.133240,0.133280,661153824,1722254399999,88811636.270040,163034,306683806,41196221.524400,0
1722254400000,0.133290,0.134170,0.128750,0.129850,872611397,1722268799999,114742008.523720,271854,402322635,52930631.799620,0
1722268800000,0.129850,0.130190,0.127960,0.129300,559708524,1722283199999,72210867.744180,186976,261643381,33759474.036190,0
1722283200000,0.129310,0.129870,0.127440,0.128370,354093926,1722297599999,45535936.647300,128724,166487757,21415170.213590,0
