open_time,open,high,low,close,volume,close_time,quote_volume,count,taker_buy_volume,taker_buy_quote_volume,ignore
1717718400000,0.160250,0.161150,0.159660,0.161080,314892801,1717732799999,50531093.210320,112346,153089700,24572690.545570,0
1717732800000,0.161070,0.162230,0.160870,0.161100,271836130,1717747199999,43927368.276280,106101,127074839,20537258.174320,0
1717747200000,0.161110,0.161550,0.159930,0.161260,371182788,1717761599999,59669460.179890,122673,178740360,28736204.163430,0
1717761600000,0.161250,0.162040,0.158530,0.160110,967098627,1717775999999,155069261.840220,296264,491550961,78843545.218350,0
1717776000000,0.160120,0.160690,0.136280,0.148240,3625189830,1717790399999,538818899.111230,986563,1572984642,233593563.938160,0
1717790400000,0.148250,0.149880,0.147260,0.148210,628165542,1717804799999,93319589.000120,191732,273184018,40589055.140220,0
