open_time,open,high,low,close,volume,close_time,quote_volume,count,taker_buy_volume,taker_buy_quote_volume,ignore
1713398400000,0.147470,0.150500,0.144210,0.149400,1272977793,1713412799999,187666340.295090,435003,613784745,90513730.478070,0
1713412800000,0.149400,0.149890,0.142100,0.142490,1275190397,1713427199999,185880250.578140,373141,611554422,89139476.993070,0
1713427200000,0.142500,0.150340,0.140790,0.148770,1704213034,1713441599999,248188122.343560,484929,856645401,124757728.756270,0
1713441600000,0.148780,0.153500,0.144870,0.150500,2506386709,1713455999999,374019683.624870,659391,1231846427,183783904.941600,0
1713456000000,0.150490,0.151410,0.146800,0.150730,1412219649,1713470399999,210635861.766950,397445,699974057,104425375.666120,0
1713470400000,0.150740,0.153660,0.149940,0.152150,805342133,1713484799999,122318264.512320,248578,401669899,61024008.192060,0
