open_time,open,high,low,close,volume,close_time,quote_volume,count,taker_buy_volume,taker_buy_quote_volume,ignore
1723507200000,0.107830,0.108990,0.104320,0.104690,1015348159,1723521599999,108609279.573620,280417,472303109,50560375.485990,0
1723521600000,0.104700,0.105720,0.104010,0.104590,328503600,1723535999999,34407264.708360,137677,154685322,16204874.578500,0
1723536000000,0.104580,0.104980,0.103240,0.104240,362267300,1723550399999,37658833.467660,140867,157176110,16346055.351200,0
1723550400000,0.104240,0.105820,0.103880,0.105100,463212086,1723564799999,48522225.046060,183554,235683797,24689520.458940,0
1723564800000,0.105100,0.107520,0.104440,0.105490,572153955,1723579199999,60814878.338350,224577,279231896,29686520.932170,0
1723579200000,0.105480,0.106710,0.105070,0.106300,249970118,1723593599999,26499649.960880,120076,131382181,13925642.230550,0
