open_time,open,high,low,close,volume,close_time,quote_volume,count,taker_buy_volume,taker_buy_quote_volume,ignore
1712361600000,0.177330,0.182030,0.176530,0.180980,1070071119,1712375999999,191942476.512460,373307,530821010,95210983.137420,0
1712376000000,0.180980,0.185730,0.180260,0.184550,1029608390,1712390399999,188193532.406940,357241,544713686,99590550.554660,0
1712390400000,0.184550,0.186180,0.182240,0.182710,1114989921,1712404799999,204983425.242490,351292,531534506,97744773.901700,0
1712404800000,0.182700,0.183790,0.180180,0.183430,991933630,1712419199999,180423053.933100,310668,486582917,88523155.482850,0
1712419200000,0.183450,0.185040,0.182110,0.183130,618014534,1712433599999,113338522.900850,242009,303981984,55747930.409960,0
1712433600000,0.183130,0.188000,0.182390,0.185850,822047261,1712447999999,152486439.836720,319549,402302468,74628749.234960,0
