open_time,open,high,low,close,volume,close_time,quote_volume,count,taker_buy_volume,taker_buy_quote_volume,ignore
1712275200000,0.180060,0.180960,0.174070,0.176920,1030178378,1712289599999,182487798.196730,397331,484538980,85862001.331710,0
1712289600000,0.176920,0.177430,0.171300,0.174320,1108713029,1712303999999,192532831.290930,354487,537090329,93303852.182940,0
1712304000000,0.174310,0.176540,0.168510,0.169180,1406681479,1712318399999,241737155.011380,475476,653747012,112416446.193850,0
1712318400000,0.169180,0.176950,0.167490,0.176470,1944221408,1712332799999,335396984.877700,603826,980961694,169289639.486240,0
1712332800000,0.176460,0.179270,0.174000,0.176820,1039242769,1712347199999,183250608.325720,359859,525595013,92731053.861400,0
1712347200000,0.176820,0.179980,0.176730,0.177330,583146881,1712361599999,103963031.364320,243682,281242726,50141216.230940,0
