open_time,open,high,low,close,volume,close_time,quote_volume,count,taker_buy_volume,taker_buy_quote_volume,ignore
1715904000000,0.149620,0.151180,0.149260,0.150490,439226992,1715918399999,65959402.253480,178117,230368259,34595471.365040,0
1715918400000,0.150490,0.153900,0.149100,0.153680,615119057,1715932799999,93280453.417640,205752,295390885,44792258.159170,0
1715932800000,0.153690,0.154030,0.151790,0.152060,452835205,1715947199999,69226097.988880,170903,226570580,34639426.999420,0
1715947200000,0.152070,0.156150,0.151050,0.155550,865852038,1715961599999,132824548.872590,288114,442689085,67922250.079970,0
1715961600000,0.155540,0.156640,0.152490,0.153990,626619770,1715975999999,96843328.418540,219749,301694798,46637920.041090,0
1715976000000,0.154000,0.156170,0.153740,0.155490,439951757,1715990399999,68337734.036180,142139,225931078,35086306.363870,0
