open_time,open,high,low,close,volume,close_time,quote_volume,count,taker_buy_volume,taker_buy_quote_volume,ignore
1710288000000,0.168270,0.173750,0.166910,0.172270,1229185375,1710302399999,209373462.504020,465107,624142672,106362905.444730,0
1710302400000,0.172280,0.174750,0.171010,0.172480,1126303946,1710316799999,194595220.673400,425540,555620234,96014217.304830,0
1710316800000,0.172480,0.174170,0.169520,0.170510,929384688,1710331199999,159406030.981550,423927,435265031,74683947.871250,0
1710331200000,0.170520,0.171400,0.164880,0.166890,1422804267,1710345599999,238995617.864690,591699,655248101,110082282.532860,0
1710345600000,0.166900,0.171600,0.166090,0.169120,1069371423,1710359999999,180582927.735650,444006,558398264,94322366.543610,0
1710360000000,0.169120,0.171090,0.168010,0.169110,633625832,1710374399999,107244554.132320,345420,316960218,53652602.992350,0
