open_time,open,high,low,close,volume,close_time,quote_volume,count,taker_buy_volume,taker_buy_quote_volume,ignore
1702080000000,0.101730,0.103440,0.101000,0.103030,1331378540,1702094399999,135987056.811080,183377,636083314,64982138.441880,0
1702094400000,0.103030,0.104980,0.102470,0.104850,1195496570,1702108799999,123694946.435890,168762,603114500,62419130.151280,0
1702108800000,0.104840,0.104950,0.100570,0.101980,2124041434,1702123199999,217285761.651080,269782,982144930,100483850.232100,0
1702123200000,0.101980,0.102690,0.098940,0.101250,1929330641,1702137599999,194912996.391920,236149,928319991,93836135.843680,0
1702137600000,0.101250,0.102600,0.098540,0.100310,1257945636,1702151999999,126123936.417590,182519,588465946,59018502.904280,0
1702152000000,0.100310,0.100920,0.097270,0.098560,932873107,1702166399999,92625393.613500,133036,442266576,43904047.506770,0
