open_time,open,high,low,close,volume,close_time,quote_volume,count,taker_buy_volume,taker_buy_quote_volume,ignore
1720051200000,0.118420,0.119060,0.111670,0.115390,1704287749,1720065599999,196148373.505830,339386,807569191,92991011.568180,0
1720065600000,0.115380,0.115450,0.111520,0.112090,643496542,1720079999999,73031057.205950,145140,277024676,31445045.838650,0
1720080000000,0.112080,0.112440,0.109700,0.110750,1118074838,1720094399999,124317410.003890,216837,534676591,59459701.504010,0
1720094400000,0.110740,0.110810,0.105320,0.109730,2177500812,1720108799999,234749147.006390,352963,1052335683,113432383.727710,0
1720108800000,0.109730,0.109740,0.107310,0.107610,644460995,1720123199999,69795549.525930,153661,326540977,35362467.981400,0
1720123200000,0.107610,0.109790,0.103740,0.104970,881246474,1720137599999,94022711.353240,195206,427471293,45684350.998220,0
