open_time,open,high,low,close,volume,close_time,quote_volume,count,taker_buy_volume,taker_buy_quote_volume,ignore
1717632000000,0.163420,0.163650,0.162410,0.162640,239443731,1717646399999,39056627.996930,99425,116052475,18932028.861020,0
1717646400000,0.162640,0.162890,0.161520,0.162230,331455205,1717660799999,53723115.505620,116972,159760460,25898782.820510,0
1717660800000,0.162230,0.163550,0.161580,0.163510,371474882,1717675199999,60415291.424490,115370,197206009,32076447.773350,0
1717675200000,0.163520,0.165950,0.162360,0.163130,995036525,1717689599999,162949865.035210,288237,482768543,79081633.904960,0
1717689600000,0.163120,0.163470,0.159020,0.159820,725688646,1717703999999,116904139.261370,213305,323311737,52099024.720800,0
1717704000000,0.159820,0.161030,0.158360,0.160260,363264256,1717718399999,58175341.812280,137760,183600051,29412737.548650,0
