open_time,open,high,low,close,volume,close_time,quote_volume,count,taker_buy_volume,taker_buy_quote_volume,ignore
1722124800000,0.131410,0.131790,0.129200,0.129510,553250826,1722139199999,72203035.015670,158259,279171307,36442031.429520,0
1722139200000,0.129510,0.130540,0.128050,0.130450,483493314,1722153599999,62547285.970740,132083,245426710,31760169.200210,0
1722153600000,0.130450,0.131770,0.129700,0.130760,418805359,1722167999999,54796156.586310,112063,217841984,28504939.405880,0
1722168000000,0.130770,0.131320,0.129010,0.129400,389444987,1722182399999,50695899.324320,128796,178281401,23214508.912230,0
1722182400000,0.129400,0.130830,0.129220,0.129870,236047083,1722196799999,30697820.646390,119798,125111148,16271955.854470,0
1722196800000,0.129870,0.130050,0.128520,0.129960,224787668,1722211199999,29052903.118190,96303,106790432,13805102.629780,0
