open_time,open,high,low,close,volume,close_time,quote_volume,count,taker_buy_volume,taker_buy_quote_volume,ignore
1724976000000,0.100310,0.100760,0.099570,0.100070,280102369,1724990399999,28046659.400900,105482,130750601,13094577.732480,0
1724990400000,0.100070,0.101140,0.099510,0.100700,274618492,1725004799999,27544457.275970,98015,128841762,12928529.685800,0
1725004800000,0.100690,0.102430,0.100630,0.101270,382772769,1725019199999,38858895.669710,122904,199327184,20236347.004770,0
1725019200000,0.101270,0.102430,0.098020,0.098400,960466603,1725033599999,96051513.343160,254859,471346061,47158354.859180,0
1725033600000,0.098410,0.101800,0.096890,0.100100,905139443,1725047999999,89780649.392450,236908,425383984,42238942.700690,0
1725048000000,0.100110,0.103250,0.100080,0.101750,546161857,1725062399999,55482782.014650,138655,308406492,31333680.424800,0
