open_time,open,high,low,close,volume,close_time,quote_volume,count,taker_buy_volume,taker_buy_quote_volume,ignore
1729900800000,0.131550,0.134190,0.130620,0.133660,1152949506,1729915199999,152703166.160780,270643,558455685,73968356.852030,0
1729915200000,0.133660,0.135010,0.133170,0.134350,467503332,1729929599999,62715322.262270,130334,235900486,31643755.246190,0
1729929600000,0.134340,0.135480,0.134290,0.135020,396517738,1729943999999,53472862.554390,118838,185030920,24957316.417880,0
1729944000000,0.135010,0.135340,0.132050,0.133460,825767896,1729958399999,110329142.100390,222903,365092070,48777145.159420,0
1729958400000,0.133460,0.138160,0.133240,0.136250,887441649,1729972799999,120956446.508180,241349,437136640,59576057.722040,0
1729972800000,0.136250,0.137930,0.136080,0.137390,399453380,1729987199999,54729560.235060,136592,206727059,28322284.386070,0
