open_time,open,high,low,close,volume,close_time,quote_volume,count,taker_buy_volume,taker_buy_quote_volume,ignore
1705363200000,0.081080,0.081760,0.080860,0.081200,478354894,1705377599999,38875641.795550,68341,231184642,18790172.649140,0
1705377600000,0.081200,0.081320,0.080240,0.080970,407999337,1705391999999,32945579.677910,84526,203576253,16437793.170150,0
1705392000000,0.080970,0.082600,0.080850,0.081620,740086094,1705406399999,60530341.753570,103282,378602243,30965201.588610,0
1705406400000,0.081610,0.082240,0.079840,0.081340,962478734,1705420799999,78038871.338160,138508,445372910,36092930.427410,0
1705420800000,0.081340,0.081640,0.080910,0.081390,394745932,1705435199999,32081249.315660,69890,196281795,15954003.163070,0
1705435200000,0.081390,0.081870,0.081240,0.081360,304713312,1705449599999,24849626.194250,53946,154376633,12589744.683330,0
