open_time,open,high,low,close,volume,close_time,quote_volume,count,taker_buy_volume,taker_buy_quote_volume,ignore
1708300800000,0.085230,0.086400,0.085080,0.086190,566866611,1708315199999,48594524.138270,75932,274112815,23502868.258280,0
1708315200000,0.086200,0.086890,0.085550,0.086680,668950694,1708329599999,57696460.074390,84062,326067922,28125995.791590,0
1708329600000,0.086670,0.086960,0.085790,0.086660,680595781,1708343999999,58808043.306420,89851,328674529,28403696.094680,0
1708344000000,0.086660,0.088010,0.085500,0.087600,1056590731,1708358399999,91689092.281010,132219,562891601,48858345.032690,0
1708358400000,0.087590,0.089540,0.086780,0.089170,1789140938,1708372799999,157548793.872910,226282,869084962,76565657.336470,0
1708372800000,0.089160,0.090910,0.088900,0.089490,1269410952,1708387199999,113877649.510360,176111,638232292,57255385.510350,0
