open_time,open,high,low,close,volume,close_time,quote_volume,count,taker_buy_volume,taker_buy_quote_volume,ignore
1712534400000,0.199020,0.200150,0.195600,0.198710,1152610854,1712548799999,227737840.793290,442750,548129401,108270863.742910,0
1712548800000,0.198700,0.207860,0.197000,0.206180,1746780166,1712563199999,354878000.355270,612901,905433041,184027146.596600,0
1712563200000,0.206190,0.208880,0.205460,0.207060,1616272811,1712577599999,334761216.751340,561712,787809427,163214653.075560,0
1712577600000,0.207070,0.209270,0.201120,0.203050,1612548610,1712591999999,329412002.853950,559982,768205721,156961891.579080,0
1712592000000,0.203060,0.205280,0.200290,0.201470,972844454,1712606399999,197620356.071280,332623,477967108,97140276.109620,0
1712606400000,0.201470,0.203790,0.200940,0.202770,586304292,1712620799999,118624994.486630,214304,302748551,61254559.190930,0
