open_time,open,high,low,close,volume,close_time,quote_volume,count,taker_buy_volume,taker_buy_quote_volume,ignore
1725235200000,0.095020,0.095990,0.094660,0.095170,357659791,1725249599999,34083955.365290,130044,168933627,16099052.017560,0
1725249600000,0.095170,0.095660,0.094030,0.094460,349853161,1725263999999,33160917.430510,115838,166396972,15770648.394240,0
1725264000000,0.094460,0.097990,0.094350,0.097260,593476508,1725278399999,57382139.349150,154506,297345516,28743028.524970,0
1725278400000,0.097260,0.097940,0.096050,0.097310,464075224,1725292799999,45112443.229590,123969,238593616,23197381.885030,0
1725292800000,0.097320,0.098040,0.096840,0.097790,301400341,1725307199999,29399594.608840,119254,149581164,14595234.745320,0
1725307200000,0.097790,0.099940,0.097550,0.099070,542919377,1725321599999,53686351.480020,135367,274184092,27109845.581320,0
