open_time,open,high,low,close,volume,close_time,quote_volume,count,taker_buy_volume,taker_buy_quote_volume,ignore
1701993600000,0.095950,0.097050,0.095630,0.096670,919355368,1702007999999,88549754.909000,127576,437829059,42180706.311720,0
1702008000000,0.096670,0.098270,0.096130,0.097510,1185336956,1702022399999,115272917.201360,162970,583408214,56754461.251010,0
1702022400000,0.097500,0.098120,0.096510,0.097940,982858942,1702036799999,95683808.303130,144791,457806115,44571938.933060,0
1702036800000,0.097940,0.098800,0.097000,0.097950,1528763284,1702051199999,149846718.612990,208254,723043895,70871921.874680,0
1702051200000,0.097950,0.100700,0.097480,0.100370,1390065522,1702065599999,137563745.857650,195036,708959894,70214305.716330,0
1702065600000,0.100360,0.103990,0.100010,0.101740,2214301356,1702079999999,225870854.782770,300359,1108773257,113064367.884940,0
