open_time,open,high,low,close,volume,close_time,quote_volume,count,taker_buy_volume,taker_buy_quote_volume,ignore
1705190400000,0.080930,0.081110,0.080220,0.080720,359665170,1705204799999,29031242.925050,62636,162423346,13110062.328910,0
1705204800000,0.080710,0.082820,0.080300,0.082520,688047383,1705219199999,56074913.229810,100421,369708301,30136484.142180,0
1705219200000,0.082520,0.083940,0.081620,0.083040,1548471570,1705233599999,128228311.967570,197303,760471231,62984030.369620,0
1705233600000,0.083040,0.083120,0.081880,0.082020,599048692,1705247999999,49348111.905500,95247,285970460,23559872.651000,0
1705248000000,0.082020,0.082430,0.080690,0.080850,690263189,1705262399999,56263291.975880,108613,326495096,26619251.022230,0
1705262400000,0.080850,0.081390,0.079650,0.080030,834042138,1705276799999,67134196.323170,135118,406284088,32717149.361510,0
