open_time,open,high,low,close,volume,close_time,quote_volume,count,taker_buy_volume,taker_buy_quote_volume,ignore
1724284800000,0.106130,0.106380,0.103920,0.105250,355512596,1724299199999,37417398.765910,139627,174167797,18331168.749000,0
1724299200000,0.105260,0.105920,0.104810,0.105830,218119505,1724313599999,22965249.735030,99806,109860500,11569138.338110,0
1724313600000,0.105830,0.106860,0.105500,0.106480,262611556,1724327999999,27869188.587040,115819,129415557,13737378.949700,0
1724328000000,0.106470,0.106530,0.104660,0.105120,397410175,1724342399999,41938692.642470,150529,177542662,18735804.509490,0
1724342400000,0.105120,0.106040,0.104670,0.104780,279192128,1724356799999,29411606.362320,116955,130654152,13764896.457500,0
1724356800000,0.104780,0.105430,0.104710,0.105220,138515757,1724371199999,14559424.813020,67228,68887395,7240121.626080,0
