open_time,open,high,low,close,volume,close_time,quote_volume,count,taker_buy_volume,taker_buy_quote_volume,ignore
1709337600000,0.139520,0.150400,0.138220,0.141320,3964993345,1709351999999,570072033.676840,1047636,1948144471,280219673.470620,0
1709352000000,0.141320,0.148160,0.139140,0.146900,2225466871,1709366399999,318294427.850960,644145,1085659968,155399760.258410,0
1709366400000,0.146910,0.151470,0.140490,0.141580,3725961273,1709380799999,541096279.442760,1020649,1808627224,262785874.927990,0
1709380800000,0.141590,0.144130,0.136010,0.137680,2212014255,1709395199999,309377609.005630,621622,1036892256,145076092.945030,0
1709395200000,0.137700,0.143200,0.136150,0.141910,1818907651,1709409599999,255038045.304630,508410,898733454,126070865.073360,0
1709409600000,0.141910,0.144920,0.139450,0.142190,1164424572,1709423999999,165434945.196550,354393,562016195,79922235.792570,0
