open_time,open,high,low,close,volume,close_time,quote_volume,count,taker_buy_volume,taker_buy_quote_volume,ignore
1722038400000,0.134160,0.134730,0.132840,0.134180,380978757,1722052799999,50939784.307570,127988,181569037,24277085.634310,0
1722052800000,0.134180,0.135000,0.133510,0.134150,235978658,1722067199999,31674752.129910,88180,117839297,15820030.580640,0
1722067200000,0.134160,0.135890,0.133740,0.134760,383572261,1722081599999,51777879.323730,129733,195087956,26338356.345190,0
1722081600000,0.134760,0.138780,0.133520,0.134510,988842890,1722095999999,134486010.777660,253520,469327523,63848070.398490,0
1722096000000,0.134510,0.138220,0.130820,0.136100,2762047306,1722110399999,371350285.419390,589417,1344735954,180886494.683980,0
1722110400000,0.136090,0.136140,0.130010,0.131410,1663862721,1722124799999,221464058.116210,416645,778103123,103583388.976180,0
