open_time,open,high,low,close,volume,close_time,quote_volume,count,taker_buy_volume,taker_buy_quote_volume,ignore
1728172800000,0.109380,0.110040,0.108470,0.108550,240442088,1728187199999,26313218.889410,109368,111204977,12175318.138810,0
1728187200000,0.108550,0.109180,0.108340,0.108920,206439892,1728201599999,22445350.708650,80209,104482058,11361753.873500,0
1728201600000,0.108910,0.109650,0.108710,0.109270,221710527,1728215999999,24200039.794940,73240,110405611,12051952.619110,0
1728216000000,0.109260,0.112840,0.109080,0.112100,817799599,1728230399999,90792597.156670,189322,413716167,45907333.308440,0
1728230400000,0.112100,0.112760,0.110420,0.110630,386720878,1728244799999,43123178.327810,132202,191361453,21340455.111520,0
1728244800000,0.110620,0.111840,0.109590,0.111530,314740786,1728259199999,34856905.256510,111507,151940665,16831834.237510,0
