open_time,open,high,low,close,volume,close_time,quote_volume,count,taker_buy_volume,taker_buy_quote_volume,ignore
1712966400000,0.174070,0.174080,0.165000,0.173070,2069474885,1712980799999,350856170.326070,655578,994879202,168677680.170850,0
1712980800000,0.173070,0.175950,0.170630,0.171290,1095237381,1712995199999,189414783.669590,343911,525403526,90877825.658960,0
1712995200000,0.171270,0.174230,0.168730,0.171280,1063007894,1713009599999,182255503.288340,313312,511848456,87778078.295230,0
1713009600000,0.171290,0.173630,0.169530,0.170660,1184023839,1713023999999,203191781.246900,333691,586500211,100656143.168400,0
1713024000000,0.170650,0.171470,0.144280,0.151170,5034136898,1713038399999,806484353.082010,1371320,2337098714,374840184.763970,0
1713038400000,0.151160,0.155830,0.124000,0.152560,9736784352,1713052799999,1390764431.186300,2569502,4675346674,669020432.158650,0
