open_time,open,high,low,close,volume,close_time,quote_volume,count,taker_buy_volume,taker_buy_quote_volume,ignore
1730937600000,0.196460,0.204600,0.192740,0.196120,3867480280,1730951999999,767651390.937000,1205175,1899957542,377378935.578950,0
1730952000000,0.196120,0.196840,0.188720,0.191680,2681456819,1730966399999,516853065.273210,756296,1254911405,241978171.658350,0
1730966400000,0.191680,0.194480,0.190210,0.190840,1690589282,1730980799999,324930578.653090,517430,787723269,151456514.359130,0
1730980800000,0.190840,0.194690,0.185200,0.194210,3132737602,1730995199999,593831797.407300,888368,1535644519,291401620.299550,0
1730995200000,0.194220,0.197590,0.190220,0.193770,2826532544,1731009599999,548353426.870290,862443,1331300698,258410611.076860,0
1731009600000,0.193780,0.195480,0.190050,0.193340,1504228118,1731023999999,289638752.066650,547253,729317022,140462524.676950,0
