open_time,open,high,low,close,volume,close_time,quote_volume,count,taker_buy_volume,taker_buy_quote_volume,ignore
1703289600000,0.095050,0.095120,0.092120,0.092480,915037100,1703303999999,85672285.507950,142214,432558855,40507528.341450,0
1703304000000,0.092470,0.093310,0.092070,0.092640,423810719,1703318399999,39327057.797310,75900,196648116,18249210.828500,0
1703318400000,0.092640,0.093260,0.092370,0.092790,344505938,1703332799999,32012927.361370,61670,163281361,15174616.263000,0
1703332800000,0.092790,0.093470,0.092720,0.093100,486829141,1703347199999,45334579.293040,76810,232410815,21644505.274900,0
1703347200000,0.093100,0.093530,0.092750,0.093080,343947272,1703361599999,32036652.707540,64865,156003539,14533365.457510,0
1703361600000,0.093090,0.093930,0.092730,0.093530,331342639,1703375999999,30918359.708280,58130,153148758,14290209.162400,0
