open_time,open,high,low,close,volume,close_time,quote_volume,count,taker_buy_volume,taker_buy_quote_volume,ignore
1706659200000,0.079700,0.080170,0.078960,0.080100,461552853,1706673599999,36798960.347720,78898,232454900,18537694.175300,0
1706673600000,0.080090,0.080260,0.079490,0.079750,282823800,1706687999999,22598165.464170,46101,122277373,9769443.459380,0
1706688000000,0.079740,0.079860,0.078260,0.079000,591101272,1706702399999,46718607.801030,100571,257725866,20365224.486530,0
1706702400000,0.079000,0.079560,0.078120,0.079490,532587023,1706716799999,42078991.302100,88883,257934931,20383908.864510,0
1706716800000,0.079490,0.080070,0.079130,0.079850,451470165,1706731199999,35979565.534120,80412,218172429,17391578.457740,0
1706731200000,0.079840,0.079890,0.077900,0.078700,575967194,1706745599999,45398939.489920,105846,265678933,20946555.953510,0
