open_time,open,high,low,close,volume,close_time,quote_volume,count,taker_buy_volume,taker_buy_quote_volume,ignore
1705536000000,0.080590,0.080810,0.080080,0.080250,332421423,1705550399999,26741397.329400,52238,155616679,12518867.190750,0
1705550400000,0.080260,0.080830,0.080160,0.080730,274174930,1705564799999,22090647.501220,45098,132239196,10656019.796920,0
1705564800000,0.080720,0.080760,0.079810,0.080190,339151654,1705579199999,27240726.606050,49198,152351213,12238550.417760,0
1705579200000,0.080190,0.080260,0.079140,0.080100,549883575,1705593599999,43861806.300760,77954,248933967,19859483.086410,0
1705593600000,0.080100,0.080160,0.076830,0.077560,1536146467,1705607999999,120399886.654090,194390,737549738,57794674.059200,0
1705608000000,0.077550,0.078330,0.077380,0.078090,534595543,1705622399999,41652855.196930,75764,235449660,18343433.929000,0
