open_time,open,high,low,close,volume,close_time,quote_volume,count,taker_buy_volume,taker_buy_quote_volume,ignore
1726358400000,0.105340,0.106350,0.105290,0.105650,282982576,1726372799999,29945122.938700,85773,136823782,14480504.492830,0
1726372800000,0.105640,0.105800,0.104910,0.105700,211959067,1726387199999,22332565.436000,71526,97524934,10277850.761270,0
1726387200000,0.105710,0.105780,0.104310,0.104750,266173259,1726401599999,27941679.493760,76193,118432150,12435259.545600,0
1726401600000,0.104750,0.106390,0.104580,0.106160,394660588,1726415999999,41638869.028120,101329,218810045,23084337.024980,0
1726416000000,0.106160,0.106330,0.104320,0.105260,478847779,1726430399999,50466015.702970,124324,223099147,23510330.114310,0
1726430400000,0.105260,0.105270,0.102070,0.102750,535674763,1726444799999,55516009.185650,137228,240224923,24896577.153630,0
