open_time,open,high,low,close,volume,close_time,quote_volume,count,taker_buy_volume,taker_buy_quote_volume,ignore
1727481600000,0.123470,0.126760,0.123190,0.126150,777365904,1727495999999,97443740.864330,220985,377222416,47302420.815850,0
1727496000000,0.126140,0.126330,0.121490,0.121820,804978476,1727510399999,99550914.282360,217226,363284118,44933349.195640,0
1727510400000,0.121810,0.125450,0.120040,0.124830,1505054484,1727524799999,184116153.211840,317975,792234010,96977477.449050,0
1727524800000,0.124830,0.132200,0.122390,0.130990,2689367428,1727539199999,345914355.049130,542457,1364551455,175689003.122930,0
1727539200000,0.130990,0.131770,0.128520,0.130110,1043157978,1727553599999,135821413.978130,301573,486828117,63396648.715350,0
1727553600000,0.130120,0.131290,0.127230,0.128050,852249619,1727567999999,109923772.769650,219731,394877454,50944614.437560,0
