open_time,open,high,low,close,volume,close_time,quote_volume,count,taker_buy_volume,taker_buy_quote_volume,ignore
1724112000000,0.101280,0.106240,0.101020,0.104660,1502353285,1724126399999,155763043.585030,303027,824467032,85482002.774450,0
1724126400000,0.104670,0.105660,0.103760,0.105460,585053666,1724140799999,61349427.914740,159743,275113379,28850089.331480,0
1724140800000,0.105450,0.105620,0.104470,0.104730,429317853,1724155199999,45095232.478140,126222,195213732,20509346.433610,0
1724155200000,0.104720,0.105300,0.101050,0.102120,1094909563,1724169599999,112972752.072270,276414,509337103,52557487.818550,0
1724169600000,0.102120,0.104370,0.101810,0.104180,448002202,1724183999999,46171358.387190,132713,229880284,23695911.781170,0
1724184000000,0.104190,0.104620,0.102840,0.102860,248248160,1724198399999,25727282.184520,88986,117489496,12178841.762210,0
