open_time,open,high,low,close,volume,close_time,quote_volume,count,taker_buy_volume,taker_buy_quote_volume,ignore
1707609600000,0.081400,0.082410,0.081230,0.082270,360527713,1707623999999,29458092.122750,49748,192466388,15734108.705660,0
1707624000000,0.082260,0.083800,0.081820,0.082840,779318246,1707638399999,64393639.206300,91349,405102423,33488032.261660,0
1707638400000,0.082830,0.083360,0.082060,0.082550,695802632,1707652799999,57584809.229020,79784,341324784,28249619.013860,0
1707652800000,0.082550,0.082550,0.081440,0.081810,404250912,1707667199999,33124958.521170,63570,195528869,16024103.929180,0
1707667200000,0.081800,0.082200,0.081350,0.081960,537331584,1707681599999,43999955.026860,63995,266317077,21812263.212160,0
1707681600000,0.081950,0.082090,0.080710,0.081230,521621168,1707695999999,42380744.037500,64786,236856360,19243910.087470,0
