open_time,open,high,low,close,volume,close_time,quote_volume,count,taker_buy_volume,taker_buy_quote_volume,ignore
1706400000000,0.080100,0.080660,0.079810,0.080590,306985664,1706414399999,24648448.899020,59312,139946377,11237427.884850,0
1706414400000,0.080580,0.081480,0.079770,0.080200,706107571,1706428799999,57000809.251730,96499,327839079,26473956.627070,0
1706428800000,0.080190,0.081010,0.079960,0.080120,344744559,1706443199999,27739615.019110,62754,169112371,13610738.780040,0
1706443200000,0.080130,0.080200,0.079200,0.079630,536460011,1706457599999,42712744.341530,76629,252803420,20128152.411390,0
1706457600000,0.079620,0.079820,0.078130,0.078540,493101726,1706471999999,38945553.713020,80294,222489901,17572226.246500,0
1706472000000,0.078540,0.079170,0.078210,0.078790,326737366,1706486399999,25713592.391580,60091,160017967,12592302.403980,0
