open_time,open,high,low,close,volume,close_time,quote_volume,count,taker_buy_volume,taker_buy_quote_volume,ignore
1710201600000,0.182360,0.183890,0.173550,0.173890,1312011113,1710215999999,233594494.710920,526479,606513308,108099913.398500,0
1710216000000,0.173890,0.175380,0.170660,0.172570,974545908,1710230399999,168799037.164310,404293,440710643,76365799.450720,0
1710230400000,0.172580,0.172920,0.167700,0.170890,1118049146,1710244799999,190463350.469110,470518,522321286,89029705.770360,0
1710244800000,0.170900,0.173240,0.165490,0.170170,1795806345,1710259199999,305425991.377100,695325,848930897,144475329.899850,0
1710259200000,0.170180,0.170400,0.151150,0.167670,3182438711,1710273599999,521971087.312830,1117685,1506579840,247357003.234240,0
1710273600000,0.167670,0.168590,0.163690,0.168270,904184022,1710287999999,150194754.368710,369028,444307332,73826489.082410,0
