open_time,open,high,low,close,volume,close_time,quote_volume,count,taker_buy_volume,taker_buy_quote_volume,ignore
1714608000000,0.130130,0.130710,0.125020,0.126120,1104219535,1714622399999,140192338.278280,257735,532159248,67552353.768630,0
1714622400000,0.126130,0.127770,0.123970,0.126820,965348878,1714636799999,121689428.865680,211249,489611801,61740382.267010,0
1714636800000,0.126820,0.132370,0.126510,0.131810,1391378590,1714651199999,180688370.081680,308050,693480555,90064927.640540,0
1714651200000,0.131810,0.134180,0.129030,0.133370,1990936552,1714665599999,262342782.340910,400469,1016668456,133999341.660730,0
1714665600000,0.133370,0.134360,0.131960,0.132970,902886724,1714679999999,120115116.176020,231295,415694788,55304532.276360,0
1714680000000,0.132970,0.133910,0.130930,0.131880,619971082,1714694399999,82138460.290650,168847,308030392,40816097.782860,0
