open_time,open,high,low,close,volume,close_time,quote_volume,count,taker_buy_volume,taker_buy_quote_volume,ignore
1711065600000,0.155490,0.159680,0.151610,0.157800,1823752428,1711079999999,283262952.593440,735061,886152723,137657717.302330,0
1711080000000,0.157800,0.164930,0.155360,0.163320,1914333500,1711094399999,307026178.902750,759108,983898143,157715236.790230,0
1711094400000,0.163320,0.165190,0.155060,0.156000,2216574058,1711108799999,354652708.232250,844825,996532895,159506907.452550,0
1711108800000,0.156010,0.156880,0.145330,0.149850,3238685905,1711123199999,487184397.504600,938295,1538445358,231494760.297690,0
1711123200000,0.149850,0.153060,0.147850,0.152190,1459418201,1711137599999,220071220.582290,519524,756575594,114140602.033170,0
1711137600000,0.152170,0.153360,0.148160,0.153040,1184186206,1711151999999,178843442.874650,410298,594911026,89874816.576830,0
