open_time,open,high,low,close,volume,close_time,quote_volume,count,taker_buy_volume,taker_buy_quote_volume,ignore
1710028800000,0.179010,0.179900,0.173880,0.175980,1553165093,1710043199999,274876564.514800,585795,768358744,136039678.231340,0
1710043200000,0.175980,0.179270,0.175370,0.176250,907263670,1710057599999,160803389.559230,330493,470015812,83317447.323190,0
1710057600000,0.176260,0.177910,0.171180,0.173300,1501673585,1710071999999,261396445.388190,503392,680444387,118495976.156170,0
1710072000000,0.173300,0.174620,0.166500,0.172410,1804978801,1710086399999,308702325.979150,656394,860596052,147274761.504180,0
1710086400000,0.172420,0.174640,0.171080,0.173610,964524927,1710100799999,166778428.632960,356907,472741530,81762207.083470,0
1710100800000,0.173610,0.174360,0.165420,0.170070,1197672940,1710115199999,202903568.043210,421285,548302924,92878219.882750,0
