open_time,open,high,low,close,volume,close_time,quote_volume,count,taker_buy_volume,taker_buy_quote_volume,ignore
1720483200000,0.107520,0.108630,0.105710,0.107990,550200470,1720497599999,58994304.557040,180544,275076307,29501851.097660,0
1720497600000,0.108000,0.109200,0.107470,0.107910,352567734,1720511999999,38190209.600360,122367,170391943,18454102.729590,0
1720512000000,0.107920,0.109480,0.107360,0.108310,419613477,1720526399999,45502335.115270,122814,195932792,21248111.361840,0
1720526400000,0.108300,0.109210,0.106520,0.107770,641480819,1720540799999,69139634.178360,165251,316941708,34169467.888550,0
1720540800000,0.107770,0.108420,0.106610,0.107330,333537412,1720555199999,35847147.425160,111992,164193404,17644159.425250,0
1720555200000,0.107320,0.108110,0.106810,0.107510,232610290,1720569599999,24971741.178640,77874,119581326,12837928.078800,0
