open_time,open,high,low,close,volume,close_time,quote_volume,count,taker_buy_volume,taker_buy_quote_volume,ignore
1725840000000,0.096090,0.097670,0.095640,0.096900,899007780,1725854399999,86945918.640300,190990,478482727,46273739.625830,0
1725854400000,0.096900,0.097230,0.095950,0.097100,311177886,1725868799999,30082190.447080,100660,149122279,14416216.162440,0
1725868800000,0.097090,0.098950,0.097080,0.097870,573905772,1725883199999,56274888.194980,148088,307586476,30170957.918210,0
1725883200000,0.097870,0.098990,0.096900,0.098850,551094322,1725897599999,53966251.893930,151556,288772098,28285763.320250,0
1725897600000,0.098860,0.104820,0.098810,0.103760,1624493393,1725911999999,166764216.896130,343940,868572594,89114807.547570,0
1725912000000,0.103760,0.104920,0.103020,0.103750,545105309,1725926399999,56630763.717290,152115,284441590,29554123.664830,0
