open_time,open,high,low,close,volume,close_time,quote_volume,count,taker_buy_volume,taker_buy_quote_volume,ignore
1706054400000,0.078160,0.078890,0.077600,0.077850,598330162,1706068799999,46761498.818860,88583,288044008,22515050.448580,0
1706068800000,0.077850,0.080060,0.077820,0.079550,1021744085,1706083199999,80816164.996970,125929,508584967,40213351.316200,0
1706083200000,0.079560,0.080630,0.079470,0.080080,614181816,1706097599999,49180770.002820,98386,298519464,23903706.743270,0
1706097600000,0.080090,0.080360,0.078500,0.079120,965757625,1706111999999,76536736.833060,122529,458142594,36310970.177120,0
1706112000000,0.079120,0.079390,0.078030,0.078560,497632737,1706126399999,39189901.928210,79826,258288872,20342043.985620,0
1706126400000,0.078560,0.079250,0.078030,0.079040,368382879,1706140799999,28960397.565150,60075,188256023,14798067.192960,0
