open_time,open,high,low,close,volume,close_time,quote_volume,count,taker_buy_volume,taker_buy_quote_volume,ignore
1725494400000,0.097970,0.098520,0.095950,0.096240,340633489,1725508799999,33097458.607720,105801,159074599,15459899.712340,0
1725508800000,0.096250,0.098080,0.096060,0.097580,350506112,1725523199999,34003114.522200,106262,177657063,17232858.305170,0
1725523200000,0.097570,0.097950,0.096940,0.097430,238350769,1725537599999,23206137.186050,99077,108573894,10569854.749550,0
1725537600000,0.097430,0.098970,0.096430,0.096830,938125683,1725551999999,91723342.904240,219606,441486871,43182485.353960,0
1725552000000,0.096840,0.099140,0.096440,0.097370,657430011,1725566399999,64326656.173840,173308,325987930,31882151.068010,0
1725566400000,0.097370,0.098690,0.097280,0.098370,250688331,1725580799999,24565287.317570,89807,126597118,12405642.551760,0
