open_time,open,high,low,close,volume,close_time,quote_volume,count,taker_buy_volume,taker_buy_quote_volume,ignore
1704844800000,0.079220,0.080850,0.079050,0.079880,745069087,1704859199999,59536785.110540,120696,372830904,29792700.456130,0
1704859200000,0.079880,0.080080,0.078160,0.078630,645408785,1704873599999,51033869.692550,92792,305450428,24153204.079920,0
1704873600000,0.078630,0.079700,0.077710,0.079150,793940351,1704887999999,62681677.569950,110883,402852503,31813331.967510,0
1704888000000,0.079150,0.079360,0.076170,0.078350,1500114119,1704902399999,116394000.462850,229926,715123811,55490850.994380,0
1704902400000,0.078340,0.079300,0.077640,0.079180,824669541,1704916799999,64768196.497860,152661,382599631,30052913.248740,0
1704916800000,0.079170,0.084980,0.076800,0.083090,2761688027,1704931199999,224327314.825350,456098,1378169859,112003119.030480,0
