open_time,open,high,low,close,volume,close_time,quote_volume,count,taker_buy_volume,taker_buy_quote_volume,ignore
1710115200000,0.170080,0.170160,0.159580,0.166500,1837241351,1710129599999,302777243.901650,705021,877455789,144617597.946590,0
1710129600000,0.166510,0.178980,0.165870,0.176420,1736125503,1710143999999,297877667.176170,672580,879523748,150881663.770190,0
1710144000000,0.176440,0.179900,0.174410,0.175470,1491008529,1710158399999,264061874.382990,558892,709742533,125734114.376650,0
1710158400000,0.175470,0.177940,0.171420,0.174460,1518515085,1710172799999,265551077.173630,610571,733416258,128323709.306130,0
1710172800000,0.174470,0.178360,0.172020,0.174210,1461123804,1710187199999,255493704.205500,557451,729316753,127600811.393700,0
1710187200000,0.174210,0.183490,0.173780,0.182360,1369335088,1710201599999,244868389.061820,530593,723836203,129455584.180550,0
