open_time,open,high,low,close,volume,close_time,quote_volume,count,taker_buy_volume,taker_buy_quote_volume,ignore
1730505600000,0.159120,0.163570,0.159030,0.161330,1117671352,1730519999999,180576699.602200,332358,553873933,89495784.876450,0
1730520000000,0.161330,0.162850,0.159300,0.161910,794520317,1730534399999,128278056.337580,284733,391750628,63263272.553980,0
1730534400000,0.161910,0.162380,0.158520,0.159350,932088920,1730548799999,149159228.264980,285742,443563011,70997842.923610,0
1730548800000,0.159350,0.160410,0.155310,0.156920,1629920975,1730563199999,256137223.930370,470455,766206600,120414763.919100,0
1730563200000,0.156930,0.160270,0.156540,0.159560,928249820,1730577599999,146821063.708730,324618,459970129,72781924.665940,0
1730577600000,0.159560,0.160180,0.157510,0.159520,629310350,1730591999999,100041312.881850,205465,296274018,47108733.494000,0
