open_time,open,high,low,close,volume,close_time,quote_volume,count,taker_buy_volume,taker_buy_quote_volume,ignore
1704758400000,0.081330,0.081750,0.079230,0.079960,953424434,1704772799999,76556143.906120,138808,478163375,38401938.994830,0
1704772800000,0.079960,0.081330,0.079870,0.080490,616606320,1704787199999,49651021.910490,87042,298624998,24049016.143680,0
1704787200000,0.080480,0.080490,0.078330,0.078990,845389281,1704801599999,66962712.603990,119523,378701377,29984228.032110,0
1704801600000,0.078990,0.079210,0.076080,0.078250,1651003600,1704815999999,128856832.908610,207167,814154145,63566535.891580,0
1704816000000,0.078240,0.084050,0.077000,0.079830,4529387920,1704830399999,361436358.169000,572179,2245708224,179169909.550630,0
1704830400000,0.079830,0.082880,0.076790,0.079230,3174119185,1704844799999,251518990.523650,483275,1603158690,127123644.255400,0
