open_time,open,high,low,close,volume,close_time,quote_volume,count,taker_buy_volume,taker_buy_quote_volume,ignore
1704153600000,0.092080,0.093620,0.091890,0.093190,860804712,1704167999999,79916950.281470,123209,448578940,41650528.428710,0
1704168000000,0.093180,0.094200,0.092690,0.093550,656452149,1704182399999,61278279.478940,95563,333685566,31154470.189240,0
1704182400000,0.093550,0.094500,0.092580,0.093070,946272633,1704196799999,88527575.380600,124906,446441031,41759997.219230,0
1704196800000,0.093070,0.093220,0.090850,0.091580,1223399548,1704211199999,112645343.505340,190391,599174601,55169242.770950,0
1704211200000,0.091580,0.092040,0.091020,0.091420,528844404,1704225599999,48424385.778300,82438,254808668,23330072.684830,0
1704225600000,0.091430,0.091770,0.090400,0.091150,584894877,1704239999999,53302870.384090,87727,287430419,26193121.866300,0
