open_time,open,high,low,close,volume,close_time,quote_volume,count,taker_buy_volume,taker_buy_quote_volume,ignore
1713225600000,0.161160,0.162450,0.153600,0.155400,1860252565,1713239999999,293902334.619160,614414,892827757,141130025.222720,0
1713240000000,0.155410,0.158890,0.150320,0.157230,1934012323,1713254399999,298376877.531590,588592,955452993,147464098.720450,0
1713254400000,0.157240,0.157280,0.149340,0.155790,2064401139,1713268799999,317579579.291800,602477,1020017707,156910403.002320,0
1713268800000,0.155790,0.156560,0.147200,0.147830,2610753117,1713283199999,396416901.445020,803359,1262131750,191704762.084170,0
1713283200000,0.147810,0.155080,0.146170,0.153010,1898803026,1713297599999,287835649.544950,632792,947199987,143563252.036220,0
1713297600000,0.153010,0.158390,0.152830,0.155940,770020031,1713311999999,119945863.080750,280746,379223530,59082193.976300,0
