open_time,open,high,low,close,volume,close_time,quote_volume,count,taker_buy_volume,taker_buy_quote_volume,ignore
1717977600000,0.146760,0.146890,0.145660,0.145980,249392410,1717991999999,36472541.549030,93024,130957846,19151128.529780,0
1717992000000,0.145980,0.146250,0.143210,0.143370,521199879,1718006399999,75407285.122790,156783,230805597,33398840.829130,0
1718006400000,0.143370,0.145700,0.143160,0.144940,317046280,1718020799999,45907012.411730,114707,165677883,23990883.197300,0
1718020800000,0.144950,0.147940,0.143900,0.147050,495328578,1718035199999,72136224.209580,169056,256423458,37336835.119780,0
1718035200000,0.147060,0.147290,0.144350,0.144500,346751997,1718049599999,50519281.294780,140038,152167609,22173385.285530,0
1718049600000,0.144510,0.144950,0.143150,0.144760,315376157,1718063999999,45432313.431820,115813,156372569,22528809.664050,0
