open_time,open,high,low,close,volume,close_time,quote_volume,count,taker_buy_volume,taker_buy_quote_volume,ignore
1724544000000,0.112510,0.112790,0.109740,0.110900,666700479,1724558399999,74014788.632440,186435,318499428,35371532.939910,0
1724558400000,0.110910,0.111130,0.107720,0.108340,553744424,1724572799999,60637286.805230,159815,234754926,25724193.218410,0
1724572800000,0.108330,0.109410,0.107870,0.108800,358999018,1724587199999,39075543.004180,127908,191473833,20843894.107310,0
1724587200000,0.108810,0.110870,0.108550,0.110170,421920276,1724601599999,46355887.866330,115880,206493322,22694641.392240,0
1724601600000,0.110180,0.110660,0.109490,0.109660,361500197,1724615999999,39754816.153680,92774,176867059,19452973.191580,0
1724616000000,0.109660,0.111140,0.109280,0.109540,383346107,1724630399999,42292318.400120,110101,189663202,20924592.481560,0
