open_time,open,high,low,close,volume,close_time,quote_volume,count,taker_buy_volume,taker_buy_quote_volume,ignore
1710460800000,0.177410,0.181650,0.159110,0.167020,3723644758,1710475199999,639834481.737240,1299272,1735989593,298527247.797760,0
1710475200000,0.167020,0.169760,0.161490,0.167900,2300691027,1710489599999,381517356.031000,841509,1130882847,187599685.418370,0
1710489600000,0.167910,0.168170,0.150720,0.160660,3968535106,1710503999999,632335532.737450,1338136,1862350105,296858033.646800,0
1710504000000,0.160660,0.165740,0.159440,0.162360,1898197317,1710518399999,308501155.554540,643307,926036354,150526291.013510,0
1710518400000,0.162360,0.168190,0.160180,0.162450,1945886360,1710532799999,318022168.304110,652989,960747769,157026532.729960,0
1710532800000,0.162430,0.163900,0.157410,0.163700,1421387199,1710547199999,228144700.138320,455743,686912923,110240752.037960,0
