open_time,open,high,low,close,volume,close_time,quote_volume,count,taker_buy_volume,taker_buy_quote_volume,ignore
1728086400000,0.109180,0.110190,0.107410,0.107800,422934156,1728100799999,46009280.576410,132355,188017186,20454816.562470,0
1728100800000,0.107800,0.109280,0.107520,0.108710,269888971,1728115199999,29318285.782660,87154,131665398,14300794.482540,0
1728115200000,0.108710,0.109950,0.108700,0.109120,267701654,1728129599999,29299350.656380,90048,131378164,14379691.554020,0
1728129600000,0.109120,0.109940,0.108480,0.109690,354990438,1728143999999,38767560.614650,101876,182663093,19956166.647660,0
1728144000000,0.109690,0.110200,0.107840,0.108050,477129647,1728158399999,51974365.690750,125891,221795326,24168777.546210,0
1728158400000,0.108050,0.109810,0.107580,0.109370,314436396,1728172799999,34153913.208360,101583,159905181,17363082.008510,0
