open_time,open,high,low,close,volume,close_time,quote_volume,count,taker_buy_volume,taker_buy_quote_volume,ignore
1709942400000,0.164660,0.171430,0.164000,0.169300,1464087127,1709956799999,246199421.847800,575318,707146191,118891683.612710,0
1709956800000,0.169310,0.172390,0.167760,0.167890,1250819289,1709971199999,212961205.479130,474620,602408766,102599192.381510,0
1709971200000,0.167900,0.171660,0.163110,0.166370,1548761262,1709985599999,258573916.876430,541790,767254664,128156460.820140,0
1709985600000,0.166370,0.170900,0.165090,0.169990,1201633969,1709999999999,201786364.478540,432879,579378970,97283977.433120,0
1710000000000,0.169990,0.185110,0.168210,0.177070,3985652813,1710014399999,712556543.823950,1429070,2000155391,357601961.259450,0
1710014400000,0.177070,0.183300,0.174580,0.179010,1845729590,1710028799999,331533857.063760,641152,946897789,170069497.836150,0
