open_time,open,high,low,close,volume,close_time,quote_volume,count,taker_buy_volume,taker_buy_quote_volume,ignore
1731024000000,0.193340,0.199240,0.190920,0.194870,2129149704,1731038399999,414437518.085280,664365,1044064651,203344806.675040,0
1731038400000,0.194870,0.202080,0.194170,0.199870,2631755832,1731052799999,522688873.358880,725465,1345073675,267236134.302240,0
1731052800000,0.199860,0.200090,0.195210,0.196660,1615986857,1731067199999,319089628.316070,489648,766168158,151330871.031640,0
1731067200000,0.196650,0.200460,0.193230,0.197170,2744900380,1731081599999,540859343.471150,742358,1343934925,264861939.791800,0
1731081600000,0.197150,0.198430,0.190510,0.197190,2750715811,1731095999999,535251702.680920,741033,1311354922,255214745.610920,0
1731096000000,0.197200,0.207130,0.195210,0.202030,2884300347,1731110399999,580802155.690340,743538,1462153261,294554056.921070,0
