open_time,open,high,low,close,volume,close_time,quote_volume,count,taker_buy_volume,taker_buy_quote_volume,ignore
1711238400000,0.162020,0.172090,0.161280,0.168920,2545613364,1711252799999,426354660.138770,839357,1341205107,224519639.724110,0
1711252800000,0.168930,0.174370,0.167710,0.174080,2155766915,1711267199999,369033863.941550,789109,1117571646,191375121.244360,0
1711267200000,0.174080,0.175190,0.171280,0.172230,1566126932,1711281599999,271464050.293370,599217,800094707,138685410.921030,0
1711281600000,0.172230,0.175100,0.170060,0.175020,1774461785,1711295999999,306830089.382350,695613,868802501,150196172.735190,0
1711296000000,0.175020,0.177380,0.169200,0.174050,2549875119,1711310399999,440886588.943720,912314,1259337081,217767884.628180,0
1711310400000,0.174050,0.180360,0.173240,0.176600,1642980605,1711324799999,291470824.483060,683633,830396615,147349916.987660,0
