open_time,open,high,low,close,volume,close_time,quote_volume,count,taker_buy_volume,taker_buy_quote_volume,ignore
1702166400000,0.098560,0.100430,0.098560,0.100300,639464139,1702180799999,63795187.491190,115736,328728065,32790506.123140,0
1702180800000,0.100300,0.101830,0.099220,0.100130,808922672,1702195199999,81276290.073480,118289,401417736,40325128.847940,0
1702195200000,0.100130,0.100300,0.096690,0.098440,1168279115,1702209599999,114755926.362020,168872,544892848,53517969.421540,0
1702209600000,0.098450,0.101030,0.098340,0.100790,1033332242,1702223999999,103477796.793220,156148,529456418,53010405.508880,0
1702224000000,0.100800,0.102640,0.099810,0.102140,994024299,1702238399999,100666676.135680,152200,503813005,51041566.076610,0
1702238400000,0.102140,0.102840,0.101310,0.101970,817658353,1702252799999,83506131.198570,122750,386129484,39434857.749030,0
