open_time,open,high,low,close,volume,close_time,quote_volume,count,taker_buy_volume,taker_buy_quote_volume,ignore
1715558400000,0.141110,0.142610,0.135740,0.137320,1322198647,1715572799999,182772533.711470,339108,571712882,79041411.302990,0
1715572800000,0.137320,0.143450,0.136130,0.142670,1065493999,1715587199999,148471245.227330,292719,575062597,80124718.044170,0
1715587200000,0.142660,0.145300,0.141800,0.143070,1320549478,1715601599999,189970857.679670,346566,616004364,88639855.685030,0
1715601600000,0.143070,0.153970,0.142290,0.152390,3439480834,1715615999999,514082666.497120,798835,1786223125,266779045.858350,0
1715616000000,0.152390,0.157280,0.147780,0.150630,2787708258,1715630399999,425880286.833820,680047,1386086346,211799669.097630,0
1715630400000,0.150630,0.150990,0.147400,0.148560,618847681,1715644799999,92213983.327850,177919,308143669,45922080.899280,0
