open_time,open,high,low,close,volume,close_time,quote_volume,count,taker_buy_volume,taker_buy_quote_volume,ignore
1709164800000,0.115970,0.126470,0.111330,0.124380,3720298645,1709179199999,436458029.334370,770378,1808486469,212328784.732950,0
1709179200000,0.124370,0.135230,0.123240,0.128200,5456326218,1709193599999,704966465.782890,1382689,2663867878,344297692.131130,0
1709193600000,0.128200,0.131170,0.124250,0.129190,2984279425,1709207999999,381617982.359580,790720,1452215322,185816443.469270,0
1709208000000,0.129180,0.134750,0.126070,0.134290,4672788590,1709222399999,608203491.725860,1167443,2306742328,300363410.005220,0
1709222400000,0.134300,0.135120,0.122570,0.126690,3966850656,1709236799999,507463528.704190,1014166,1914424523,244940830.154570,0
1709236800000,0.126680,0.128160,0.114360,0.117430,4036446048,1709251199999,484775576.093520,778329,1867646757,224266718.689240,0
