open_time,open,high,low,close,volume,close_time,quote_volume,count,taker_buy_volume,taker_buy_quote_volume,ignore
1714089600000,0.151240,0.151560,0.147330,0.150530,808693789,1714103999999,121135937.788250,248489,385855788,57805871.309650,0
1714104000000,0.150530,0.151710,0.149720,0.150110,491118186,1714118399999,73962218.694070,148771,236746788,35656859.665760,0
1714118400000,0.150110,0.151510,0.149500,0.149650,543354610,1714132799999,81777719.963410,163285,261899174,39424262.592360,0
1714132800000,0.149640,0.150920,0.146780,0.148120,1137783803,1714147199999,169326366.179530,299882,535060280,79648239.677830,0
1714147200000,0.148120,0.150030,0.147470,0.149270,428089660,1714161599999,63743457.669870,143949,212697403,31663498.477740,0
1714161600000,0.149270,0.150230,0.146740,0.147920,458738175,1714175999999,68082523.002020,140770,223353661,33141708.104560,0
