open_time,open,high,low,close,volume,close_time,quote_volume,count,taker_buy_volume,taker_buy_quote_volume,ignore
1705795200000,0.087760,0.090480,0.086400,0.086810,4221276506,1705809599999,375050617.023790,557234,2067353730,183704960.295760,0
1705809600000,0.086820,0.087110,0.084690,0.085850,2011823607,1705823999999,173073795.241950,223398,985888953,84829808.052130,0
1705824000000,0.085840,0.087250,0.085080,0.086940,1334100929,1705838399999,115083529.995100,160977,715280986,61704744.103270,0
1705838400000,0.086940,0.088910,0.086130,0.087220,1890298982,1705852799999,165427199.311480,242131,939995863,82283068.017360,0
1705852800000,0.087220,0.087340,0.085690,0.086430,956198908,1705867199999,82696437.609070,137276,457067645,39527390.397040,0
1705867200000,0.086430,0.086480,0.084720,0.085470,795821696,1705881599999,67915079.564950,130079,366658654,31286162.826450,0
