open_time,open,high,low,close,volume,close_time,quote_volume,count,taker_buy_volume,taker_buy_quote_volume,ignore
1716768000000,0.166250,0.168970,0.166250,0.166500,481850906,1716782399999,80744418.269520,221536,246223517,41262215.070270,0
1716782400000,0.166510,0.167190,0.164200,0.166000,495750656,1716796799999,82088018.411460,197824,241694723,40036942.544180,0
1716796800000,0.166010,0.168340,0.164880,0.167850,723118441,1716811199999,120697579.106710,290920,355192173,59298339.487060,0
1716811200000,0.167850,0.173700,0.167380,0.172580,1336788004,1716825599999,228677968.407340,428737,685697458,117306486.263320,0
1716825600000,0.172580,0.172960,0.166340,0.167110,844366264,1716839999999,143619996.938480,288141,348424959,59312633.830760,0
1716840000000,0.167110,0.169710,0.166520,0.169190,443488797,1716854399999,74752248.551920,196598,244429861,41208474.246960,0
