open_time,open,high,low,close,volume,close_time,quote_volume,count,taker_buy_volume,taker_buy_quote_volume,ignore
1727136000000,0.108000,0.108840,0.106760,0.108210,626556763,1727150399999,67496900.377460,185531,305038661,32869867.441660,0
1727150400000,0.108200,0.108580,0.107000,0.108180,312482821,1727164799999,33672232.044420,101701,155851290,16793658.406980,0
1727164800000,0.108190,0.109420,0.107850,0.109150,502704955,1727179199999,54626182.697290,140193,247122741,26859273.000120,0
1727179200000,0.109150,0.110100,0.106800,0.107450,918258242,1727193599999,99645642.487870,217936,450408150,48890644.557970,0
1727193600000,0.107460,0.109960,0.106850,0.109860,517059464,1727207999999,56151218.976500,155449,262397646,28495475.411540,0
1727208000000,0.109850,0.110660,0.108630,0.109730,469576081,1727222399999,51491075.553620,132062,252333476,27681020.282040,0
