open_time,open,high,low,close,volume,close_time,quote_volume,count,taker_buy_volume,taker_buy_quote_volume,ignore
1708128000000,0.085960,0.086130,0.084360,0.085150,470561414,1708142399999,40055982.406120,68745,225194208,19171862.876470,0
1708142400000,0.085150,0.085400,0.084660,0.085220,363033430,1708156799999,30873681.987930,49084,175151950,14895396.209070,0
1708156800000,0.085220,0.085260,0.083950,0.084600,525283521,1708171199999,44413123.928630,75578,242137703,20474145.836890,0
1708171200000,0.084600,0.084750,0.081880,0.083030,1298480094,1708185599999,107900971.559710,153192,587809629,48850958.244400,0
1708185600000,0.083030,0.083430,0.082650,0.083410,376963526,1708199999999,31330713.714640,54748,201245485,16727808.069530,0
1708200000000,0.083410,0.084260,0.083340,0.083610,329724503,1708214399999,27613582.393260,56589,160938572,13481540.375010,0
