open_time,open,high,low,close,volume,close_time,quote_volume,count,taker_buy_volume,taker_buy_quote_volume,ignore
1731369600000,0.351850,0.367500,0.326990,0.363870,8741329153,1731383999999,3068028368.990430,3092978,4305555281,1512586791.068970,0
1731384000000,0.363860,0.422950,0.359730,0.412040,12635222929,1731398399999,5045324782.007380,4763763,6217769960,2483104973.862230,0
1731398400000,0.412040,0.439950,0.352440,0.396290,18768809384,1731412799999,7473694628.015080,7360333,8945062364,3565719351.529710,0
1731412800000,0.396250,0.406000,0.341120,0.372170,15513367437,1731427199999,5740889722.408240,5990055,7624762846,2822695113.322510,0
1731427200000,0.372160,0.397350,0.350000,0.382500,7781085466,1731441599999,2916472103.797250,3124219,3772016797,1413802445.888950,0
1731441600000,0.382500,0.399190,0.367160,0.380200,4590993524,1731455999999,1754671933.582280,2104773,2256218780,862649490.046700,0
