open_time,open,high,low,close,volume,close_time,quote_volume,count,taker_buy_volume,taker_buy_quote_volume,ignore
1728259200000,0.111540,0.115450,0.110840,0.113900,882424225,1728273599999,100293357.560420,254130,438990854,49911217.789570,0
1728273600000,0.113910,0.114410,0.113300,0.113610,319495396,1728287999999,36384116.922770,104925,152963720,17423288.954680,0
1728288000000,0.113620,0.114500,0.110400,0.111450,748134898,1728302399999,83868625.754840,187282,344855154,38656682.438960,0
1728302400000,0.111450,0.114670,0.110800,0.111820,849293866,1728316799999,95601433.667430,230152,403509615,45419243.376680,0
1728316800000,0.111810,0.112990,0.109220,0.110820,715409186,1728331199999,79477648.475300,214864,342999545,38110996.694170,0
1728331200000,0.110830,0.112320,0.108200,0.108370,714679900,1728345599999,78886494.609540,185331,334566612,36947348.252440,0
