open_time,open,high,low,close,volume,close_time,quote_volume,count,taker_buy_volume,taker_buy_quote_volume,ignore
1725753600000,0.095340,0.096980,0.094880,0.096140,363839335,1725767999999,34920818.802110,113436,185379488,17793249.148320,0
1725768000000,0.096130,0.096160,0.095070,0.095580,298245539,1725782399999,28512021.818540,84462,138636419,13254011.917670,0
1725782400000,0.095590,0.096400,0.095290,0.095710,257144437,1725796799999,24631655.839060,94665,122586883,11741323.091400,0
1725796800000,0.095700,0.095860,0.094170,0.094320,431855392,1725811199999,41009539.921610,146358,210554671,19999966.363670,0
1725811200000,0.094330,0.095650,0.093760,0.095260,324344409,1725825599999,30734149.793930,107579,161742617,15326934.226470,0
1725825600000,0.095260,0.096930,0.094900,0.096090,478882148,1725839999999,45941196.620460,121971,229755694,22034203.142960,0
