open_time,open,high,low,close,volume,close_time,quote_volume,count,taker_buy_volume,taker_buy_quote_volume,ignore
1721779200000,0.130230,0.131720,0.129140,0.131240,392655802,1721793599999,51179137.086740,147055,198218731,25846905.478980,0
1721793600000,0.131230,0.132330,0.129720,0.132240,308315694,1721807999999,40457598.943370,110450,154291205,20254184.687650,0
1721808000000,0.132250,0.133980,0.131750,0.133140,419420342,1721822399999,55833976.494850,139900,210370121,28006714.545390,0
1721822400000,0.133150,0.134770,0.131240,0.131540,688683550,1721836799999,91699796.876570,208360,330067767,43967594.798240,0
1721836800000,0.131560,0.132740,0.129300,0.129750,588651349,1721851199999,77074994.280020,172800,285593397,37397986.666610,0
1721851200000,0.129750,0.130730,0.126780,0.127860,585267590,1721865599999,75240295.753820,173874,258532169,33264021.352670,0
