open_time,open,high,low,close,volume,close_time,quote_volume,count,taker_buy_volume,taker_buy_quote_volume,ignore
1726272000000,0.106910,0.107700,0.106760,0.107090,273256039,1726286399999,29280540.397210,83957,138851816,14881956.314620,0
1726286400000,0.107090,0.107330,0.106200,0.106630,385036648,1726300799999,41153099.629890,92836,185894779,19872759.953820,0
1726300800000,0.106630,0.106800,0.104790,0.105200,384904860,1726315199999,40705173.169620,99705,160163209,16942766.760330,0
1726315200000,0.105210,0.106410,0.104980,0.105520,591132379,1726329599999,62587565.258990,121415,305274897,32322000.047940,0
1726329600000,0.105520,0.105760,0.104260,0.104990,315332982,1726343999999,33094615.491040,124528,162101712,17015821.860130,0
1726344000000,0.104990,0.105550,0.104860,0.105340,170719792,1726358399999,17979994.515170,64826,92135989,9703528.659000,0
