open_time,open,high,low,close,volume,close_time,quote_volume,count,taker_buy_volume,taker_buy_quote_volume,ignore
1716249600000,0.165730,0.167390,0.160760,0.163430,1395265488,1716263999999,228869680.855610,413827,662165612,108619294.262220,0
1716264000000,0.163430,0.164420,0.160880,0.164100,619797706,1716278399999,100981445.130840,219236,298877457,48709969.541410,0
1716278400000,0.164110,0.166090,0.163280,0.164720,760527641,1716292799999,125051735.980480,231699,380392861,62569076.234040,0
1716292800000,0.164730,0.173460,0.163740,0.166320,2848820612,1716307199999,481574036.590390,794466,1472280737,248892153.760210,0
1716307200000,0.166320,0.170340,0.163200,0.164350,1616131404,1716321599999,270093215.463960,472860,743700896,124461592.387430,0
1716321600000,0.164350,0.171370,0.164160,0.170350,943677544,1716335999999,158738243.465180,304926,506522752,85224239.608480,0
