open_time,open,high,low,close,volume,close_time,quote_volume,count,taker_buy_volume,taker_buy_quote_volume,ignore
1723075200000,0.095540,0.100960,0.093480,0.098860,1059325966,1723089599999,103290483.341960,316434,504800447,49232736.803450,0
1723089600000,0.098850,0.100290,0.098790,0.099140,456970448,1723103999999,45487664.600750,177694,229192694,22818703.722730,0
1723104000000,0.099140,0.100570,0.098960,0.099900,405863989,1723118399999,40517182.255050,140217,205031457,20465816.611570,0
1723118400000,0.099900,0.105000,0.098920,0.103680,1524140989,1723132799999,154874371.104480,330431,776523883,78995582.440640,0
1723132800000,0.103690,0.104950,0.101820,0.102100,781626023,1723147199999,80932486.671560,215335,387283392,40109270.978290,0
1723147200000,0.102100,0.107970,0.101890,0.107410,860879909,1723161599999,90869259.560950,241760,463232646,48864608.960480,0
