open_time,open,high,low,close,volume,close_time,quote_volume,count,taker_buy_volume,taker_buy_quote_volume,ignore
1704931200000,0.083100,0.084690,0.082250,0.084070,1101512705,1704945599999,91917946.479570,197559,536076968,44733421.689620,0
1704945600000,0.084070,0.084580,0.082020,0.083820,902313107,1704959999999,75231771.142440,136062,449745492,37502580.510490,0
1704960000000,0.083810,0.086160,0.083600,0.085970,1041875129,1704974399999,88239704.212160,151638,499432500,42300612.398980,0
1704974400000,0.085960,0.087950,0.084110,0.084940,2917031588,1704988799999,251081846.290300,399003,1425405850,122708494.900030,0
1704988800000,0.084950,0.085540,0.082960,0.085260,1168827239,1705003199999,98498964.657140,185381,572547138,48254989.334890,0
1705003200000,0.085250,0.085690,0.083840,0.084570,570116047,1705017599999,48256869.601390,91511,286116472,24217108.211540,0
