open_time,open,high,low,close,volume,close_time,quote_volume,count,taker_buy_volume,taker_buy_quote_volume,ignore
1707264000000,0.078480,0.078960,0.078470,0.078530,199644545,1707278399999,15725083.691960,35336,83500205,6576895.736550,0
1707278400000,0.078530,0.078630,0.078120,0.078380,245910031,1707292799999,19282512.368330,38005,116531217,9136993.653980,0
1707292800000,0.078380,0.078750,0.078270,0.078470,213134118,1707307199999,16737443.800730,33717,100070384,7859247.314870,0
1707307200000,0.078470,0.079060,0.078400,0.078970,332179786,1707321599999,26162352.844110,45456,167008882,13153324.597900,0
1707321600000,0.078980,0.079970,0.078900,0.079680,552008651,1707335999999,43892522.183880,79756,294317639,23401123.612720,0
1707336000000,0.079680,0.080320,0.079670,0.080130,411821139,1707350399999,32959920.895070,61491,216679840,17342371.396880,0
