open_time,open,high,low,close,volume,close_time,quote_volume,count,taker_buy_volume,taker_buy_quote_volume,ignore
1723766400000,0.100130,0.101490,0.099320,0.100390,417689972,1723780799999,41923288.447700,130747,200718654,20150339.959600,0
1723780800000,0.100390,0.102000,0.100300,0.101670,314733282,1723795199999,31816437.960130,90836,157823755,15951611.881640,0
1723795200000,0.101660,0.101780,0.100670,0.100880,210261631,1723809599999,21285662.991190,105551,112973511,11435234.198810,0
1723809600000,0.100880,0.101240,0.097360,0.098240,927465607,1723823999999,92144595.374390,261965,438282272,43546366.017050,0
1723824000000,0.098230,0.101700,0.098020,0.100850,674501834,1723838399999,67513285.683920,206115,355627386,35614022.487290,0
1723838400000,0.100850,0.101340,0.099840,0.100280,207341206,1723852799999,20869434.488990,77633,97901420,9854455.954790,0
