open_time,open,high,low,close,volume,close_time,quote_volume,count,taker_buy_volume,taker_buy_quote_volume,ignore
1718668800000,0.128690,0.129220,0.113090,0.121710,3451123468,1718683199999,416421754.763560,700711,1557171827,187932146.650360,0
1718683200000,0.121710,0.123340,0.120770,0.122680,653364097,1718697599999,79751779.051740,171496,350021661,42722498.936100,0
1718697600000,0.122670,0.122990,0.119070,0.120470,726982875,1718711999999,88089389.710770,177623,342190278,41473155.591690,0
1718712000000,0.120460,0.121300,0.117560,0.119340,1533405728,1718726399999,182873542.561390,356395,727997252,86840777.835240,0
1718726400000,0.119340,0.120530,0.118110,0.120380,756130653,1718740799999,90209738.206340,222971,371658953,44352550.101610,0
1718740800000,0.120370,0.122510,0.119710,0.122160,524057804,1718755199999,63635731.279280,147046,250942465,30479604.979260,0
