open_time,open,high,low,close,volume,close_time,quote_volume,count,taker_buy_volume,taker_buy_quote_volume,ignore
1722297600000,0.128370,0.130500,0.127010,0.129220,504724137,1722311999999,64959417.999320,182984,249438919,32119713.273180,0
1722312000000,0.129230,0.130580,0.128570,0.130040,290021242,1722326399999,37527616.809990,107461,154681934,20018144.543790,0
1722326400000,0.130030,0.130200,0.128810,0.129050,311717504,1722340799999,40373531.670880,132299,163674720,21203808.484400,0
1722340800000,0.129040,0.129550,0.126310,0.127250,659336400,1722355199999,84431372.319560,203478,303825642,38913965.237220,0
1722355200000,0.127240,0.128130,0.124230,0.125110,593073213,1722369599999,74689979.638340,182686,276581239,34844914.951390,0
1722369600000,0.125110,0.126210,0.123080,0.125420,510153332,1722383999999,63763276.942670,169096,237466704,29702234.027170,0
