open_time,open,high,low,close,volume,close_time,quote_volume,count,taker_buy_volume,taker_buy_quote_volume,ignore
1714521600000,0.133290,0.133870,0.128340,0.132150,1204613768,1714535999999,157700314.484730,295766,605610450,79319482.190290,0
1714536000000,0.132150,0.133260,0.122460,0.124620,2065905519,1714550399999,263091778.482600,436405,968888652,123419765.248100,0
1714550400000,0.124640,0.125570,0.121540,0.125520,1800201597,1714564799999,222702970.695900,395188,881692851,109133152.755220,0
1714564800000,0.125510,0.127270,0.120020,0.120900,1744474885,1714579199999,215345985.264150,394256,832577683,102844984.058770,0
1714579200000,0.120910,0.132840,0.120230,0.126950,3457526362,1714593599999,440442771.915610,722039,1706324282,217216510.064620,0
1714593600000,0.126960,0.130760,0.126160,0.130140,1157372958,1714607999999,148485724.287890,263708,581199349,74593841.362130,0
