open_time,open,high,low,close,volume,close_time,quote_volume,count,taker_buy_volume,taker_buy_quote_volume,ignore
1713571200000,0.156260,0.157460,0.152640,0.155590,1331183327,1713585599999,206774274.139690,464257,644774869,100160845.330450,0
1713585600000,0.155600,0.157000,0.154110,0.154430,674340611,1713599999999,104884121.060770,221390,317182972,49356497.427280,0
1713600000000,0.154430,0.154500,0.150540,0.152180,959870508,1713614399999,146098516.738300,287090,464503728,70694835.481360,0
1713614400000,0.152180,0.158490,0.151450,0.157900,915804217,1713628799999,141606944.681920,304270,483493408,74811180.468480,0
1713628800000,0.157910,0.165100,0.156500,0.161260,2251821197,1713643199999,363025572.171550,717788,1107059085,178575058.949040,0
1713643200000,0.161250,0.163580,0.160860,0.162510,927604354,1713657599999,150588459.791840,342933,460811256,74844664.909520,0
