open_time,open,high,low,close,volume,close_time,quote_volume,count,taker_buy_volume,taker_buy_quote_volume,ignore
1720396800000,0.104090,0.104580,0.098670,0.102280,1552185193,1720411199999,157352701.526780,373259,736247820,74624907.602340,0
1720411200000,0.102270,0.105240,0.101840,0.104220,634751942,1720425599999,65909928.657250,175920,330148141,34286849.322020,0
1720425600000,0.104220,0.111330,0.103900,0.109320,1353863898,1720439999999,146926820.529040,308577,671749227,72893427.841780,0
1720440000000,0.109320,0.110000,0.103610,0.105420,1507112409,1720454399999,161119686.302330,341732,741562560,79302825.833220,0
1720454400000,0.105420,0.107850,0.104750,0.107700,437955295,1720468799999,46556690.331880,150632,222607449,23671130.895780,0
1720468800000,0.107690,0.108580,0.106640,0.107520,304405957,1720483199999,32756929.574140,100862,146946833,15812462.419020,0
