open_time,open,high,low,close,volume,close_time,quote_volume,count,taker_buy_volume,taker_buy_quote_volume,ignore
1704240000000,0.091160,0.092040,0.091070,0.091470,369026687,1704254399999,33793241.843770,55889,167751141,15359497.925880,0
1704254400000,0.091460,0.091990,0.091300,0.091710,397517629,1704268799999,36445681.407130,54242,199322432,18274687.578930,0
1704268800000,0.091710,0.092220,0.088520,0.089610,1225688913,1704283199999,111095897.750140,145457,560255045,50811979.663090,0
1704283200000,0.089610,0.089620,0.073580,0.082430,6066748197,1704297599999,498858455.606370,798434,2714064826,222993407.091830,0
1704297600000,0.082440,0.082810,0.080450,0.081620,1441158904,1704311999999,118017820.763490,192751,677181428,55444435.691370,0
1704312000000,0.081620,0.082870,0.081520,0.081970,615164698,1704326399999,50545282.143270,84660,290111820,23833110.199870,0
