open_time,open,high,low,close,volume,close_time,quote_volume,count,taker_buy_volume,taker_buy_quote_volume,ignore
1716508800000,0.159730,0.160400,0.158130,0.159680,435152989,1716523199999,69293550.691100,193929,204375448,32547796.007380,0
1716523200000,0.159670,0.171180,0.155020,0.158520,4271766678,1716537599999,695808497.426090,1089408,2140538607,349001362.661920,0
1716537600000,0.158520,0.163870,0.156270,0.163390,1008356975,1716551999999,160797659.310430,333825,503709421,80366756.338110,0
1716552000000,0.163380,0.173370,0.162000,0.166650,2967899429,1716566399999,495883105.923520,795353,1491359864,249275730.204910,0
1716566400000,0.166640,0.167560,0.163720,0.165570,1027650459,1716580799999,169822496.057280,356637,520649193,86059434.684630,0
1716580800000,0.165570,0.166490,0.162580,0.163880,541249812,1716595199999,88811533.372700,189707,252456314,41423722.449920,0
