open_time,open,high,low,close,volume,close_time,quote_volume,count,taker_buy_volume,taker_buy_quote_volume,ignore
1709078400000,0.097690,0.098480,0.094100,0.094600,1819197292,1709092799999,175248805.691790,256882,851774223,82151120.624200,0
1709092800000,0.094610,0.097290,0.094580,0.096930,1244204790,1709107199999,119135011.906950,173191,652518104,62479466.598090,0
1709107200000,0.096940,0.101000,0.095900,0.097450,3654455077,1709121599999,360481276.472140,581443,1784350749,176105585.781450,0
1709121600000,0.097440,0.100670,0.097290,0.100210,2133974984,1709135999999,211293882.914510,368349,1027720943,101808260.074030,0
1709136000000,0.100200,0.123690,0.097720,0.113220,14793080667,1709150399999,1649270465.893430,2410251,7388462624,823698667.808780,0
1709150400000,0.113220,0.119920,0.111460,0.115960,3618976659,1709164799999,416665012.568900,716064,1816330135,209142120.237750,0
