open_time,open,high,low,close,volume,close_time,quote_volume,count,taker_buy_volume,taker_buy_quote_volume,ignore
1714003200000,0.151310,0.152940,0.149060,0.150590,759090817,1714017599999,114757185.512520,260249,367860044,55619533.264770,0
1714017600000,0.150590,0.151930,0.148050,0.150050,769303534,1714031999999,115664453.743280,234012,374771947,56373027.995720,0
1714032000000,0.150060,0.151020,0.147330,0.149930,949588955,1714046399999,141618019.360760,275817,467276005,69696693.702380,0
1714046400000,0.149940,0.151690,0.147550,0.151410,1089668442,1714060799999,163158282.953870,335477,538964246,80710641.370480,0
1714060800000,0.151410,0.152840,0.150920,0.152380,761217475,1714075199999,115651429.005920,232640,400815981,60904003.949510,0
1714075200000,0.152380,0.154320,0.151100,0.151230,575141534,1714089599999,87698572.764060,164768,279881234,42678670.596720,0
