open_time,open,high,low,close,volume,close_time,quote_volume,count,taker_buy_volume,taker_buy_quote_volume,ignore
1701043200000,0.078650,0.080520,0.077600,0.078240,1604311278,1701057599999,126726304.189630,195242,788957843,62345001.528050,0
1701057600000,0.078240,0.081590,0.078160,0.080890,2783817216,1701071999999,223736284.251450,320587,1405349926,112918298.169060,0
1701072000000,0.080880,0.081480,0.078220,0.079270,1671000767,1701086399999,132901792.621400,229340,779564376,62044887.208570,0
1701086400000,0.079280,0.079490,0.076970,0.077200,1492962840,1701100799999,116957214.200250,206234,698357353,54731137.412680,0
1701100800000,0.077210,0.078770,0.076860,0.077460,990469959,1701115199999,77117188.635950,148635,488719127,38063877.219740,0
1701115200000,0.077460,0.078840,0.076750,0.078830,655517048,1701129599999,50934006.034960,103231,323288925,25134801.702050,0
