open_time,open,high,low,close,volume,close_time,quote_volume,count,taker_buy_volume,taker_buy_quote_volume,ignore
1729382400000,0.144010,0.145740,0.140610,0.141330,1151579982,1729396799999,164146273.165880,339261,538879771,76836388.044410,0
1729396800000,0.141340,0.143880,0.140670,0.142780,1017329152,1729411199999,144608044.587550,261136,527451109,74977632.494520,0
1729411200000,0.142780,0.143700,0.141850,0.142690,719276794,1729425599999,102770800.661650,234327,341917804,48866621.512300,0
1729425600000,0.142690,0.142850,0.137180,0.138330,2073687230,1729439999999,288519987.678800,488844,965572382,134317611.063480,0
1729440000000,0.138340,0.142600,0.138300,0.140260,1032534097,1729454399999,145070593.261710,314992,520869950,73175064.847890,0
1729454400000,0.140260,0.143500,0.139620,0.142100,1013360980,1729468799999,143491911.683360,300815,494914929,70077796.473790,0
