open_time,open,high,low,close,volume,close_time,quote_volume,count,taker_buy_volume,taker_buy_quote_volume,ignore
1712620800000,0.202760,0.203640,0.197740,0.199390,1214472959,1712635199999,243200004.147400,428208,564016208,112985980.927440,0
1712635200000,0.199400,0.201440,0.195890,0.197400,1328475254,1712649599999,263866862.270330,471249,653142072,129776686.899710,0
1712649600000,0.197400,0.197580,0.193000,0.197040,1233225411,1712663999999,241271067.025310,453966,600153076,117457143.390260,0
1712664000000,0.197040,0.197250,0.186680,0.190230,2109147625,1712678399999,403618008.740370,639403,1006470410,192586829.099880,0
1712678400000,0.190240,0.190270,0.186000,0.189300,1120290908,1712692799999,211035749.644990,365243,542836625,102284497.978010,0
1712692800000,0.189290,0.190880,0.187030,0.189270,823754270,1712707199999,155891766.710830,236035,391763343,74149043.808830,0
