open_time,open,high,low,close,volume,close_time,quote_volume,count,taker_buy_volume,taker_buy_quote_volume,ignore
1709596800000,0.182160,0.207110,0.181000,0.196100,5482313236,1709611199999,1073216447.807860,1848511,2810571831,550002093.349520,0
1709611200000,0.196100,0.199350,0.168880,0.178340,4776600760,1709625599999,872861265.984750,1708332,2253989798,411946696.590330,0
1709625600000,0.178350,0.187690,0.175000,0.181160,2408101165,1709639999999,437511533.709460,963959,1177333646,213971820.619020,0
1709640000000,0.181150,0.192360,0.173000,0.173040,4289099031,1709654399999,788425737.053520,1663676,2044793175,376083951.995580,0
1709654400000,0.173060,0.175270,0.120350,0.138320,9392758594,1709668799999,1473309166.748580,2517382,4319793486,680482534.237560,0
1709668800000,0.138340,0.157260,0.127600,0.153020,8181534848,1709683199999,1178391549.948170,2057179,3988991171,574988484.613220,0
