open_time,open,high,low,close,volume,close_time,quote_volume,count,taker_buy_volume,taker_buy_quote_volume,ignore
1702598400000,0.098370,0.098870,0.097100,0.097530,665348578,1702612799999,65209973.682350,106012,309283498,30309951.342740,0
1702612800000,0.097530,0.097690,0.095830,0.096030,588209991,1702627199999,56819967.710200,93465,275135931,26582387.264480,0
1702627200000,0.096030,0.097140,0.095640,0.096090,603955632,1702641599999,58251647.574910,91700,293713320,28327516.434040,0
1702641600000,0.096090,0.096240,0.093170,0.094020,1282700307,1702655999999,121443815.206000,180181,593493687,56211703.309460,0
1702656000000,0.094010,0.095400,0.093580,0.094980,708670285,1702670399999,67045249.515070,104841,343074343,32464261.027160,0
1702670400000,0.094980,0.095300,0.092100,0.093050,676383942,1702684799999,63391221.130510,105868,321082212,30098611.478210,0
