open_time,open,high,low,close,volume,close_time,quote_volume,count,taker_buy_volume,taker_buy_quote_volume,ignore
1730592000000,0.159520,0.159870,0.147800,0.150150,3029233737,1730606399999,462298845.149760,673908,1398650970,213339365.996200,0
1730606400000,0.150160,0.152730,0.149680,0.151810,1213591894,1730620799999,183716843.403490,346413,585860167,88678039.051330,0
1730620800000,0.151810,0.152540,0.147650,0.148440,1458198374,1730635199999,219199312.829940,375877,672260931,101058167.421580,0
1730635200000,0.148440,0.150160,0.142170,0.145790,3420661641,1730649599999,499234475.103690,790083,1672242755,244081136.946140,0
1730649600000,0.145770,0.149120,0.143890,0.148800,2188276604,1730663999999,320802434.670900,514591,1083467702,158889754.171170,0
1730664000000,0.148810,0.154050,0.148090,0.151290,2151877783,1730678399999,325214013.696460,486173,1085953611,164157114.420900,0
