open_time,open,high,low,close,volume,close_time,quote_volume,count,taker_buy_volume,taker_buy_quote_volume,ignore
1705276800000,0.080020,0.081480,0.079970,0.081180,420099583,1705291199999,33945170.670850,71933,209605138,16937022.063670,0
1705291200000,0.081180,0.081650,0.080530,0.080910,397501983,1705305599999,32237614.932760,58238,171600835,13918130.837840,0
1705305600000,0.080910,0.081800,0.080650,0.081590,381765076,1705319999999,31035447.675580,58889,190772067,15509680.756130,0
1705320000000,0.081590,0.081690,0.079860,0.080310,654446220,1705334399999,52881182.731050,101563,323416950,26135007.565430,0
1705334400000,0.080300,0.081780,0.080160,0.081180,436175355,1705348799999,35347777.946620,71844,218879058,17736981.198150,0
1705348800000,0.081180,0.081380,0.079960,0.081080,486980451,1705363199999,39414321.817360,73499,239020562,19352082.577680,0
