open_time,open,high,low,close,volume,close_time,quote_volume,count,taker_buy_volume,taker_buy_quote_volume,ignore
1731888000000,0.367370,0.376460,0.361100,0.372410,1924401206,1731902399999,709392589.068880,959372,974855049,359424955.914120,0
1731902400000,0.372400,0.381280,0.368140,0.375440,1989154042,1731916799999,744860227.101650,956343,1021897007,382766274.444130,0
1731916800000,0.375440,0.380410,0.361370,0.363120,2164299036,1731931199999,804117524.451250,969711,1002994644,372797133.586850,0
1731931200000,0.363120,0.380260,0.357370,0.378100,3062485117,1731945599999,1120842595.165690,1243647,1534005783,561694896.969060,0
1731945600000,0.378100,0.380730,0.362410,0.367520,2474498294,1731959999999,920199374.414790,1161668,1155351364,429585519.176220,0
1731960000000,0.367520,0.381640,0.365660,0.371440,1856748072,1731974399999,695641060.505190,900609,911785220,341712305.561640,0
