open_time,open,high,low,close,volume,close_time,quote_volume,count,taker_buy_volume,taker_buy_quote_volume,ignore
1724803200000,0.098840,0.099680,0.097620,0.099520,442863105,1724817599999,43641675.452490,153346,198873157,19595258.803170,0
1724817600000,0.099530,0.099660,0.097910,0.098010,348393643,1724831999999,34495928.924740,108782,149731872,14825890.305380,0
1724832000000,0.098020,0.101860,0.097400,0.100710,507220530,1724846399999,50856656.542460,162593,258691162,25949990.935190,0
1724846400000,0.100710,0.101470,0.098740,0.099450,600260732,1724860799999,60139997.836170,182421,288963662,28945340.952220,0
1724860800000,0.099440,0.101630,0.096760,0.099080,979413758,1724875199999,96990547.956060,262013,464910108,46044061.390930,0
1724875200000,0.099080,0.100730,0.098560,0.099560,318000351,1724889599999,31642424.528770,125852,154937896,15419924.752230,0
