open_time,open,high,low,close,volume,close_time,quote_volume,count,taker_buy_volume,taker_buy_quote_volume,ignore
1716681600000,0.174100,0.174970,0.169550,0.173910,1200450132,1716695999999,206669834.539630,411816,598018408,103003987.789690,0
1716696000000,0.173910,0.173910,0.170930,0.172730,751336121,1716710399999,129458994.484960,276701,374560413,64552420.106610,0
1716710400000,0.172720,0.173150,0.168880,0.171020,869396113,1716724799999,148311677.906010,279860,425664038,72646392.972790,0
1716724800000,0.171020,0.171030,0.166210,0.167430,978980514,1716739199999,164988800.650310,308533,451524511,76108242.683020,0
1716739200000,0.167430,0.168680,0.166610,0.168450,510335912,1716753599999,85557164.818100,205377,260647435,43706488.756930,0
1716753600000,0.168450,0.168640,0.165570,0.166250,394015225,1716767999999,65742606.299350,171773,175988722,29374052.731210,0
