open_time,open,high,low,close,volume,close_time,quote_volume,count,taker_buy_volume,taker_buy_quote_volume,ignore
1703635200000,0.091440,0.091560,0.089590,0.090220,689478226,1703649599999,62457018.055000,114252,331435201,30029929.382200,0
1703649600000,0.090230,0.092090,0.090150,0.091950,590939275,1703663999999,53843242.705630,98682,295094361,26908259.817510,0
1703664000000,0.091940,0.092820,0.091380,0.092420,777074194,1703678399999,71637035.454280,123908,374656981,34542233.427170,0
1703678400000,0.092430,0.093890,0.091800,0.093360,931220804,1703692799999,86381319.268910,141562,490006345,45462483.381740,0
1703692800000,0.093360,0.093950,0.092910,0.093490,646846039,1703707199999,60485726.365240,102216,318284590,29762907.019920,0
1703707200000,0.093490,0.093970,0.092750,0.093780,514786650,1703721599999,48147673.658300,88267,255350283,23885980.867620,0
