open_time,open,high,low,close,volume,close_time,quote_volume,count,taker_buy_volume,taker_buy_quote_volume,ignore
1731542400000,0.399030,0.400820,0.379420,0.386540,2855702497,1731556799999,1114064280.563550,1643878,1380664411,538826038.245120,0
1731556800000,0.386540,0.402000,0.380500,0.397940,2732561375,1731571199999,1073135891.258200,1291369,1351407556,530949790.806540,0
1731571200000,0.397940,0.408990,0.387200,0.396110,3901426923,1731585599999,1557911552.550200,1763452,1831111433,731404450.800440,0
1731585600000,0.396110,0.417500,0.378880,0.384180,7085129043,1731599999999,2812955222.237970,3021308,3282309054,1303423052.805530,0
1731600000000,0.384190,0.400950,0.380560,0.394970,2797051654,1731614399999,1100646335.966250,1431738,1329676238,523287617.751460,0
1731614400000,0.394980,0.394980,0.352760,0.362610,3795952625,1731628799999,1413267868.057170,1755582,1751229105,652404228.355260,0
