open_time,open,high,low,close,volume,close_time,quote_volume,count,taker_buy_volume,taker_buy_quote_volume,ignore
1715299200000,0.152110,0.152110,0.149200,0.150560,663239633,1715313599999,99893085.827650,197307,312605981,47091788.697460,0
1715313600000,0.150560,0.153850,0.150170,0.152290,636688017,1715327999999,96561993.358420,197131,337099790,51128527.792090,0
1715328000000,0.152300,0.152480,0.149820,0.151280,540934291,1715342399999,81757201.115720,181668,241237351,36466285.559800,0
1715342400000,0.151270,0.151740,0.143350,0.144860,1748688534,1715356799999,256081922.456280,426945,816538370,119585951.786450,0
1715356800000,0.144870,0.145610,0.142600,0.143080,1266453992,1715371199999,182272218.842650,302603,583028671,83946026.358550,0
1715371200000,0.143090,0.144550,0.142160,0.143810,597070331,1715385599999,85561648.501360,158465,285795361,40976096.458900,0
