open_time,open,high,low,close,volume,close_time,quote_volume,count,taker_buy_volume,taker_buy_quote_volume,ignore
1722470400000,0.121860,0.123080,0.120550,0.120930,511117931,1722484799999,62194833.198550,168589,225561614,27458686.998540,0
1722484800000,0.120920,0.121370,0.118000,0.120310,710011688,1722499199999,85078117.767810,215291,350245064,41992200.348270,0
1722499200000,0.120300,0.121480,0.119900,0.120390,292795178,1722513599999,35342743.926540,100673,145375808,17552462.353680,0
1722513600000,0.120390,0.121390,0.115060,0.115840,1081863205,1722527999999,127223737.233500,260143,490992363,57758633.826140,0
1722528000000,0.115840,0.116110,0.112000,0.114880,1262448725,1722542399999,144361151.273960,296995,616931532,70562656.055910,0
1722542400000,0.114870,0.119900,0.114250,0.118950,673827970,1722556799999,79256083.501610,188797,327397554,38477999.986180,0
