open_time,open,high,low,close,volume,close_time,quote_volume,count,taker_buy_volume,taker_buy_quote_volume,ignore
1722556800000,0.118940,0.119690,0.115690,0.117710,435076522,1722571199999,51166338.946620,170790,210672613,24782383.788870,0
1722571200000,0.117710,0.118030,0.114370,0.116260,399158950,1722585599999,46361857.367360,156526,189852058,22063712.331780,0
1722585600000,0.116260,0.117930,0.115600,0.117160,314842514,1722599999999,36831251.945190,169353,171039381,20015668.504910,0
1722600000000,0.117160,0.119490,0.110120,0.113200,1612690537,1722614399999,184763811.422740,395791,773761504,88729052.857310,0
1722614400000,0.113200,0.114050,0.111520,0.112510,667726404,1722628799999,75303424.836150,185735,309097855,34865983.425330,0
1722628800000,0.112510,0.113440,0.110230,0.111490,721168097,1722643199999,80583535.466890,183303,349227687,39032222.835180,0
