open_time,open,high,low,close,volume,close_time,quote_volume,count,taker_buy_volume,taker_buy_quote_volume,ignore
1713312000000,0.155950,0.158030,0.154170,0.156610,863055195,1713326399999,134725777.519970,353298,437877573,68365605.669350,0
1713326400000,0.156610,0.158660,0.154070,0.154680,903355562,1713340799999,141149955.590550,324068,455625880,71208688.685970,0
1713340800000,0.154670,0.158470,0.152680,0.153090,1239583474,1713355199999,193218509.096470,354637,611310287,95310335.296470,0
1713355200000,0.153090,0.153930,0.144150,0.145850,2848740371,1713369599999,424483369.149120,794824,1373990313,204833033.802040,0
1713369600000,0.145850,0.151450,0.144230,0.148190,1881535338,1713383999999,278198518.118070,601911,927482009,137151552.103250,0
1713384000000,0.148180,0.150800,0.146350,0.147470,949968418,1713398399999,140936071.351480,322182,493437625,73232143.538390,0
