open_time,open,high,low,close,volume,close_time,quote_volume,count,taker_buy_volume,taker_buy_quote_volume,ignore
1711152000000,0.153050,0.165040,0.151740,0.158740,2705204615,1711166399999,430149763.746910,902099,1344457860,213714806.268680,0
1711166400000,0.158740,0.163990,0.158200,0.161390,1612190093,1711180799999,259746928.385410,598325,841402906,135567351.048080,0
1711180800000,0.161380,0.165230,0.161280,0.163720,1619428868,1711195199999,264282154.485710,628500,804754503,131351089.775250,0
1711195200000,0.163710,0.168820,0.163110,0.166770,2157680829,1711209599999,357782809.947440,787081,1105344291,183265521.788110,0
1711209600000,0.166770,0.175110,0.165550,0.169900,2584267204,1711223999999,442745269.643240,857570,1305128347,223605134.638480,0
1711224000000,0.169910,0.170230,0.161110,0.162020,1430496912,1711238399999,237595454.857510,442769,646569658,107542039.540470,0
