open_time,open,high,low,close,volume,close_time,quote_volume,count,taker_buy_volume,taker_buy_quote_volume,ignore
1712448000000,0.185860,0.198780,0.185560,0.195750,2286593663,1712462399999,442464378.255640,748499,1160432688,224547800.029840,0
1712462400000,0.195750,0.198180,0.193160,0.195310,1429698549,1712476799999,279913481.277580,407028,731183510,143151629.435450,0
1712476800000,0.195310,0.198590,0.192630,0.198390,1095979461,1712491199999,214600519.464530,324520,535665365,104971836.426400,0
1712491200000,0.198380,0.205360,0.196490,0.200120,2428025621,1712505599999,488056768.250640,729186,1230938262,247458684.624490,0
1712505600000,0.200130,0.204000,0.196510,0.197040,1427959079,1712519999999,285005213.060810,465726,693459465,138420881.232720,0
1712520000000,0.197030,0.200530,0.195830,0.199020,919339078,1712534399999,182402467.834200,345989,474943227,94245797.600600,0
