open_time,open,high,low,close,volume,close_time,quote_volume,count,taker_buy_volume,taker_buy_quote_volume,ignore
1729555200000,0.143630,0.148530,0.140360,0.144730,2019729513,1729569599999,292027871.569330,548121,947290655,137054298.433570,0
1729569600000,0.144740,0.146620,0.143650,0.144410,770537241,1729583999999,112029875.472680,246914,366630613,53314024.089720,0
1729584000000,0.144400,0.144510,0.141370,0.141850,1334714348,1729598399999,190875061.070480,361450,652580723,93339844.938270,0
1729598400000,0.141850,0.142650,0.138120,0.139370,2191716072,1729612799999,306955707.050620,490156,1043507685,146190137.185090,0
1729612800000,0.139370,0.140700,0.136420,0.139570,1384587899,1729627199999,191929187.657320,328346,641767089,88998621.615660,0
1729627200000,0.139570,0.141330,0.139230,0.139640,603329919,1729641599999,84564155.714410,173126,302727155,42432982.222490,0
