open_time,open,high,low,close,volume,close_time,quote_volume,count,taker_buy_volume,taker_buy_quote_volume,ignore
1719878400000,0.123440,0.124160,0.122670,0.123850,317651813,1719892799999,39167690.213550,98618,161590268,19927971.674030,0
1719892800000,0.123850,0.124280,0.122760,0.122920,242692503,1719907199999,29965858.550470,77857,105475797,13027448.603520,0
1719907200000,0.122920,0.124070,0.122700,0.124040,188632160,1719921599999,23283044.494210,71186,99982648,12342669.674000,0
1719921600000,0.124050,0.124770,0.122350,0.122790,490080932,1719935999999,60540785.603160,143836,235139221,29056669.331870,0
1719936000000,0.122790,0.125410,0.122430,0.124120,367747957,1719950399999,45606138.393450,109608,188104493,23330889.162590,0
1719950400000,0.124120,0.125320,0.123850,0.125290,212314875,1719964799999,26483443.748050,72304,110591293,13801474.198970,0
