open_time,open,high,low,close,volume,close_time,quote_volume,count,taker_buy_volume,taker_buy_quote_volume,ignore
1700697600000,0.075740,0.076260,0.075280,0.075960,561219044,1700711999999,42559473.906780,78734,259754674,19701634.212890,0
1700712000000,0.075960,0.076250,0.075630,0.075790,403865495,1700726399999,30662167.748450,53701,181435195,13775772.977950,0
1700726400000,0.075780,0.076400,0.075400,0.075780,683737616,1700740799999,51973887.028140,96383,332900432,25309343.390210,0
1700740800000,0.075790,0.075970,0.074920,0.075060,771902824,1700755199999,58279670.591840,107881,377149170,28479927.913850,0
1700755200000,0.075070,0.076120,0.075010,0.075720,459776316,1700769599999,34803636.142810,68340,224151856,16967122.139360,0
1700769600000,0.075730,0.076400,0.075680,0.076200,403165748,1700783999999,30695241.319330,61905,212488727,16178949.180660,0
