open_time,open,high,low,close,volume,close_time,quote_volume,count,taker_buy_volume,taker_buy_quote_volume,ignore
1723680000000,0.102350,0.102900,0.101670,0.102630,214417896,1723694399999,21956471.083710,102657,110774978,11344242.749520,0
1723694400000,0.102630,0.103140,0.101770,0.102550,358717967,1723708799999,36718196.719680,120508,185054154,18950820.121350,0
1723708800000,0.102550,0.103470,0.101930,0.102680,302590216,1723723199999,31069416.959450,106089,155053766,15921400.236390,0
1723723200000,0.102670,0.104910,0.102150,0.104260,640163198,1723737599999,66363838.802590,206424,320787583,33264045.145000,0
1723737600000,0.104260,0.104620,0.097820,0.099040,1330587943,1723751999999,132903543.104390,308627,601959849,60100769.308370,0
1723752000000,0.099040,0.100480,0.098270,0.100130,464390711,1723766399999,46104551.559410,135898,217654962,21616036.823870,0
