open_time,open,high,low,close,volume,close_time,quote_volume,count,taker_buy_volume,taker_buy_quote_volume,ignore
1718323200000,0.141110,0.143020,0.140390,0.141590,397276209,1718337599999,56288942.832680,171415,202998533,28760694.495330,0
1718337600000,0.141590,0.143310,0.141540,0.142690,283433654,1718351999999,40390035.605560,106128,151328364,21563842.677000,0
1718352000000,0.142690,0.143410,0.142010,0.142320,345838919,1718366399999,49373970.983180,106681,163706541,23372290.059060,0
1718366400000,0.142320,0.142840,0.138530,0.139380,694564318,1718380799999,97725814.025950,207223,330355656,46503783.124240,0
1718380800000,0.139380,0.139610,0.131000,0.133460,1963858235,1718395199999,263656517.681630,472347,788602921,105959735.471890,0
1718395200000,0.133470,0.136260,0.132940,0.134880,490678143,1718409599999,66047274.980260,182821,221974110,29879951.860990,0
