open_time,open,high,low,close,volume,close_time,quote_volume,count,taker_buy_volume,taker_buy_quote_volume,ignore
1704067200000,0.089580,0.090330,0.089070,0.089280,360971941,1704081599999,32430935.348410,72085,175689509,15784926.075990,0
1704081600000,0.089290,0.089820,0.088520,0.089720,363015383,1704095999999,32370404.069120,68829,172900745,15418945.770820,0
1704096000000,0.089710,0.090210,0.089480,0.090020,238780000,1704110399999,21454710.935550,46278,133467766,11991935.628270,0
1704110400000,0.090030,0.091290,0.090030,0.091140,392480778,1704124799999,35583957.875090,68132,188646008,17103620.133030,0
1704124800000,0.091140,0.092000,0.090740,0.091910,451745127,1704139199999,41303301.247230,81807,228871636,20929293.670380,0
1704139200000,0.091910,0.092200,0.091400,0.092090,397901734,1704153599999,36532356.511700,65262,201924653,18539340.314910,0
