open_time,open,high,low,close,volume,close_time,quote_volume,count,taker_buy_volume,taker_buy_quote_volume,ignore
1727395200000,0.118130,0.119440,0.116970,0.118610,874315513,1727409599999,103318727.117570,213147,437396960,51690474.693070,0
1727409600000,0.118610,0.123710,0.118450,0.122850,1451148025,1727423999999,176699673.252550,341530,711880838,86694506.115610,0
1727424000000,0.122840,0.126840,0.122290,0.122610,1206188300,1727438399999,149377060.831140,280608,625758094,77538861.944200,0
1727438400000,0.122610,0.128720,0.122170,0.126860,1932245438,1727452799999,242992613.840770,440589,991479488,124712469.214290,0
1727452800000,0.126860,0.127730,0.123360,0.124190,1073796142,1727467199999,134321382.964250,270952,526290697,65833942.233800,0
1727467200000,0.124190,0.124460,0.123000,0.123480,301567181,1727481599999,37316604.041290,137625,136915072,16948755.833760,0
