open_time,open,high,low,close,volume,close_time,quote_volume,count,taker_buy_volume,taker_buy_quote_volume,ignore
1731283200000,0.277940,0.304370,0.275530,0.293220,6922614140,1731297599999,2020092037.673660,2351576,3400176174,992632368.200440,0
1731297600000,0.293230,0.297490,0.272850,0.281650,5628446386,1731311999999,1594319377.390610,1925717,2609677013,739508688.735690,0
1731312000000,0.281650,0.296020,0.275600,0.293210,4463766352,1731326399999,1277256790.557250,1626070,2143131094,613692196.596350,0
1731326400000,0.293200,0.313810,0.282690,0.310050,8274821994,1731340799999,2459430948.017810,2747810,4072063591,1211164219.677470,0
1731340800000,0.310050,0.328980,0.309310,0.317940,8814243646,1731355199999,2832662216.166880,2908492,4293290335,1380121258.009090,0
1731355200000,0.317940,0.352000,0.317520,0.351840,8209538641,1731369599999,2719120269.459900,2706560,4113888558,1364002844.807330,0
