open_time,open,high,low,close,volume,close_time,quote_volume,count,taker_buy_volume,taker_buy_quote_volume,ignore
1729641600000,0.139640,0.139900,0.136780,0.138140,923093478,1729655999999,127602702.825100,269174,457625771,63271253.011780,0
1729656000000,0.138150,0.140910,0.137490,0.139650,923640769,1729670399999,128789514.055250,302682,470863761,65647662.768160,0
1729670400000,0.139650,0.140380,0.135930,0.136980,1313469445,1729684799999,180694562.070850,347712,632662949,87036778.746990,0
1729684800000,0.136980,0.140910,0.136240,0.139370,1578142443,1729699199999,219449133.082100,440346,782355231,108787359.745850,0
1729699200000,0.139370,0.140030,0.133100,0.139040,2219924204,1729713599999,302522983.018960,534106,1123328088,153164584.823010,0
1729713600000,0.139050,0.140260,0.137570,0.139980,776900235,1729727999999,108005863.012840,234282,368387240,51220492.856990,0
