open_time,open,high,low,close,volume,close_time,quote_volume,count,taker_buy_volume,taker_buy_quote_volume,ignore
1714176000000,0.147910,0.148910,0.141450,0.146440,1371625896,1714190399999,199262959.873890,386803,629143801,91433613.287700,0
1714190400000,0.146440,0.146870,0.144420,0.145000,517584218,1714204799999,75423080.426950,151215,251872882,36710620.261880,0
1714204800000,0.145000,0.145550,0.143050,0.144050,501747497,1714219199999,72464631.638970,151574,246919748,35665776.936400,0
1714219200000,0.144050,0.147150,0.143680,0.145560,621095333,1714233599999,90517493.115830,179679,312022197,45472480.778980,0
1714233600000,0.145570,0.149650,0.145280,0.148060,868164273,1714247999999,128063832.768680,241042,425145681,62722908.606470,0
1714248000000,0.148070,0.148230,0.146640,0.147670,265204268,1714262399999,39089362.826330,100013,135845186,20022139.285080,0
