open_time,open,high,low,close,volume,close_time,quote_volume,count,taker_buy_volume,taker_buy_quote_volume,ignore
1700956800000,0.078940,0.079010,0.078100,0.078340,442832678,1700971199999,34761011.787680,64532,209113606,16413705.408620,0
1700971200000,0.078340,0.078720,0.078160,0.078260,336730195,1700985599999,26408110.198580,59448,159918011,12542912.688020,0
1700985600000,0.078270,0.078320,0.077660,0.077770,432771300,1700999999999,33747397.715750,62766,197479984,15402043.390850,0
1701000000000,0.077780,0.078040,0.077090,0.077330,961736159,1701014399999,74621659.591160,105071,450397479,34950779.662360,0
1701014400000,0.077330,0.077530,0.075240,0.077020,1320198869,1701028799999,100956602.069100,152368,610307109,46683450.978530,0
1701028800000,0.077030,0.078910,0.076850,0.078650,821315336,1701043199999,63941882.977370,112066,417803030,32530391.873440,0
