open_time,open,high,low,close,volume,close_time,quote_volume,count,taker_buy_volume,taker_buy_quote_volume,ignore
1702684800000,0.093050,0.094070,0.091620,0.094050,833199895,1702699199999,77459463.956940,145244,423551878,39401924.307470,0
1702699200000,0.094040,0.094340,0.093490,0.093830,376987625,1702713599999,35413471.245440,61235,178812597,16798069.256310,0
1702713600000,0.093840,0.094630,0.093560,0.094620,429791172,1702727999999,40466679.038460,70078,210963993,19863145.278520,0
1702728000000,0.094620,0.095120,0.093840,0.095080,711648323,1702742399999,67258432.405810,90325,353579110,33423021.740880,0
1702742400000,0.095080,0.095480,0.093590,0.094390,869153307,1702756799999,82257880.138380,134818,433103526,40991081.247480,0
1702756800000,0.094390,0.097300,0.094280,0.097150,1404593963,1702771199999,134561984.884410,210351,712389657,68260904.952300,0
