open_time,open,high,low,close,volume,close_time,quote_volume,count,taker_buy_volume,taker_buy_quote_volume,ignore
1716854400000,0.169200,0.169990,0.164120,0.165360,1121377861,1716868799999,186601534.743710,398249,500083891,83281694.845240,0
1716868800000,0.165370,0.165700,0.163010,0.163890,623380722,1716883199999,102566850.047950,222997,297803792,49010945.842890,0
1716883200000,0.163880,0.167980,0.163710,0.165960,1034987077,1716897599999,171890640.411630,277810,515551950,85647263.747530,0
1716897600000,0.165950,0.166300,0.162090,0.163990,1170050678,1716911999999,192066209.540170,346901,530783030,87134516.586160,0
1716912000000,0.163980,0.165140,0.161600,0.164870,746131094,1716926399999,121942262.419280,264926,340741426,55728621.753470,0
1716926400000,0.164870,0.167330,0.164440,0.165110,568825110,1716940799999,94330475.900430,202944,271679390,45053906.286140,0
