open_time,open,high,low,close,volume,close_time,quote_volume,count,taker_buy_volume,taker_buy_quote_volume,ignore
1721606400000,0.140250,0.141570,0.138120,0.141470,822435567,1721620799999,115242872.337460,240864,398211272,55810771.823320,0
1721620800000,0.141480,0.142650,0.136450,0.136960,961730596,1721635199999,133857067.322590,265624,440285466,61314539.555690,0
1721635200000,0.136960,0.138930,0.135500,0.138660,834521598,1721649599999,114554931.285310,215711,404713279,55583659.113340,0
1721649600000,0.138670,0.141830,0.135950,0.139710,1489697705,1721663999999,206590593.427160,380106,720432966,99954042.166970,0
1721664000000,0.139700,0.142220,0.137880,0.142080,1053363413,1721678399999,147654958.090680,297988,520508379,72959106.649610,0
1721678400000,0.142070,0.142380,0.136780,0.137700,792931700,1721692799999,110250533.579300,243992,376686003,52378690.299020,0
