open_time,open,high,low,close,volume,close_time,quote_volume,count,taker_buy_volume,taker_buy_quote_volume,ignore
1703462400000,0.091760,0.093090,0.091270,0.092540,719411967,1703476799999,66308283.489000,102274,364544575,33600550.248660,0
1703476800000,0.092540,0.093070,0.092320,0.092670,282236652,1703491199999,26160661.551570,52131,133067163,12336498.708440,0
1703491200000,0.092680,0.093400,0.092610,0.093160,578559816,1703505599999,53826566.134330,89531,277872979,25851871.884580,0
1703505600000,0.093150,0.094140,0.092900,0.093850,752082460,1703519999999,70457592.991400,101606,377597402,35375727.521610,0
1703520000000,0.093840,0.095640,0.093570,0.094210,1000026272,1703534399999,94374052.690020,146849,500092621,47199346.618630,0
1703534400000,0.094210,0.095040,0.093300,0.094450,594131042,1703548799999,55969085.531630,93690,273741974,25793437.477400,0
