open_time,open,high,low,close,volume,close_time,quote_volume,count,taker_buy_volume,taker_buy_quote_volume,ignore
1723420800000,0.100540,0.102380,0.100050,0.101530,492854300,1723435199999,49940210.681060,188720,244417298,24771183.336840,0
1723435200000,0.101530,0.103610,0.100400,0.103040,431698520,1723449599999,43981827.289810,154831,223602836,22781101.273950,0
1723449600000,0.103030,0.107250,0.102170,0.106350,678382853,1723463999999,71068105.117020,242128,338176639,35426917.782090,0
1723464000000,0.106350,0.108110,0.101740,0.107080,1717148393,1723478399999,181086062.624400,426197,862618415,91039742.130500,0
1723478400000,0.107070,0.107690,0.103820,0.105160,624560454,1723492799999,66150097.212700,220504,292547520,30973872.792840,0
1723492800000,0.105170,0.108640,0.104260,0.107840,721862192,1723507199999,77004942.803200,224217,345819902,36880868.449990,0
