open_time,open,high,low,close,volume,close_time,quote_volume,count,taker_buy_volume,taker_buy_quote_volume,ignore
1711843200000,0.199290,0.205540,0.199260,0.201790,1171806546,1711857599999,237738320.737500,405705,566592882,114962364.109800,0
1711857600000,0.201800,0.207610,0.201570,0.207070,933466292,1711871999999,191649931.630150,327484,466521150,95777965.612540,0
1711872000000,0.207070,0.208550,0.205530,0.207010,676419040,1711886399999,139896380.868270,257943,311294438,64385737.934380,0
1711886400000,0.207020,0.214190,0.206000,0.212650,1538501904,1711900799999,323664267.006000,540181,766812998,161307194.595310,0
1711900800000,0.212640,0.224780,0.210220,0.222500,2054572258,1711915199999,446178311.739690,763049,1080889946,234752828.286170,0
1711915200000,0.222500,0.223800,0.217780,0.220240,1322098833,1711929599999,291400104.308880,522136,648404335,142938613.213130,0
