open_time,open,high,low,close,volume,close_time,quote_volume,count,taker_buy_volume,taker_buy_quote_volume,ignore
1727827200000,0.106790,0.108830,0.106260,0.108310,592870408,1727841599999,63889257.339260,200492,292451730,31519378.365180,0
1727841600000,0.108300,0.109470,0.107060,0.108410,494463048,1727855999999,53511355.599960,161402,229997905,24897268.008020,0
1727856000000,0.108410,0.108930,0.105350,0.106240,707706327,1727870399999,75691247.696780,213875,346153950,37015633.482010,0
1727870400000,0.106250,0.106760,0.103510,0.106130,1177264306,1727884799999,124204157.853170,326575,567849740,59918997.719390,0
1727884800000,0.106130,0.107630,0.102160,0.104220,1193778447,1727899199999,124852866.123650,346075,572330062,59879970.650800,0
1727899200000,0.104220,0.105950,0.103470,0.104590,614793123,1727913599999,64374941.302920,196144,305368568,31977078.395960,0
