open_time,open,high,low,close,volume,close_time,quote_volume,count,taker_buy_volume,taker_buy_quote_volume,ignore
1726704000000,0.103820,0.105550,0.103420,0.104030,680818888,1726718399999,71044228.905680,205801,345979241,36104359.050440,0
1726718400000,0.104030,0.104390,0.103520,0.104170,322716835,1726732799999,33562679.691800,108964,145063317,15089047.323630,0
1726732800000,0.104170,0.104820,0.104000,0.104410,395855350,1726747199999,41311527.461040,121969,203415549,21231838.699420,0
1726747200000,0.104410,0.105450,0.104170,0.104980,538138543,1726761599999,56421495.129910,166291,271814563,28503570.388030,0
1726761600000,0.104980,0.107100,0.104920,0.105750,727900856,1726775999999,77281999.051560,180991,383793391,40749364.074700,0
1726776000000,0.105760,0.106220,0.104520,0.104970,358590685,1726790399999,37775902.272200,109388,178122466,18769775.006970,0
