open_time,open,high,low,close,volume,close_time,quote_volume,count,taker_buy_volume,taker_buy_quote_volume,ignore
1706572800000,0.081350,0.082140,0.080840,0.081600,488303281,1706587199999,39803739.277550,87157,240450287,19597347.940320,0
1706587200000,0.081590,0.081840,0.080900,0.081390,308753884,1706601599999,25107364.373810,60838,132703626,10792819.671270,0
1706601600000,0.081380,0.081790,0.080950,0.081720,491949129,1706615999999,40004104.707000,64616,250798138,20393255.156420,0
1706616000000,0.081720,0.082160,0.080370,0.081190,857266862,1706630399999,69587507.168670,124016,431325940,35020913.997970,0
1706630400000,0.081190,0.081680,0.080760,0.081280,376215000,1706644799999,30568374.967800,62342,183384051,14900633.941010,0
1706644800000,0.081280,0.081610,0.079340,0.079700,579960964,1706659199999,46643674.624570,90693,279579728,22495831.858800,0
