open_time,open,high,low,close,volume,close_time,quote_volume,count,taker_buy_volume,taker_buy_quote_volume,ignore
1701820800000,0.094400,0.096810,0.093440,0.095040,2006395961,1701835199999,190923298.390670,289837,989255542,94152933.832330,0
1701835200000,0.095040,0.106590,0.094980,0.102720,7386133420,1701849599999,745035867.280820,1031806,3672943775,370455866.763590,0
1701849600000,0.102720,0.104500,0.098010,0.100150,5335241262,1701863999999,543100058.144740,781560,2591468773,263928046.189320,0
1701864000000,0.100150,0.104760,0.099890,0.100840,3918303643,1701878399999,400528447.427280,546654,1944618936,198773353.899970,0
1701878400000,0.100840,0.101400,0.098150,0.099280,2301260107,1701892799999,229372974.219470,334810,1113772527,111049423.286020,0
1701892800000,0.099280,0.099580,0.094270,0.095000,2587329398,1701907199999,250220934.206630,335488,1150666373,111323754.910760,0
