open_time,open,high,low,close,volume,close_time,quote_volume,count,taker_buy_volume,taker_buy_quote_volume,ignore
1702252800000,0.101970,0.107580,0.089020,0.100980,7219109114,1702267199999,720901916.052770,924585,3489980072,349071312.115500,0
1702267200000,0.100970,0.102660,0.096310,0.097030,2783183327,1702281599999,276008698.278090,426466,1314259351,130370512.367190,0
1702281600000,0.097030,0.099440,0.095970,0.098910,1248048541,1702295999999,122377285.166410,196657,610615724,59886735.110130,0
1702296000000,0.098920,0.098980,0.094000,0.095420,2135372628,1702310399999,205378113.567220,279318,1015436543,97680068.710940,0
1702310400000,0.095420,0.095560,0.091050,0.093790,2812824441,1702324799999,262269908.426710,353651,1317203075,122813111.536460,0
1702324800000,0.093790,0.095110,0.093100,0.094130,992458566,1702339199999,93441942.517730,138924,520622968,49029290.033180,0
