open_time,open,high,low,close,volume,close_time,quote_volume,count,taker_buy_volume,taker_buy_quote_volume,ignore
1712016000000,0.205130,0.205440,0.186170,0.188740,3409042470,1712030399999,662643083.413140,1107323,1596271343,310314122.599680,0
1712030400000,0.188730,0.191800,0.185000,0.186880,1643199986,1712044799999,309669613.615390,541146,805584985,151881753.089180,0
1712044800000,0.186880,0.187950,0.180030,0.184530,2975591035,1712059199999,546424425.416060,929926,1432004162,263038552.252680,0
1712059200000,0.184530,0.190570,0.180620,0.181540,2821279571,1712073599999,523730049.916300,865312,1357039177,251940859.287860,0
1712073600000,0.181560,0.189290,0.180810,0.186630,1715760012,1712087999999,317837191.511510,564693,880314510,163064730.959770,0
1712088000000,0.186630,0.187800,0.181000,0.182600,1110987395,1712102399999,204603697.794140,391239,536495588,98807342.851940,0
