open_time,open,high,low,close,volume,close_time,quote_volume,count,taker_buy_volume,taker_buy_quote_volume,ignore
1701475200000,0.083850,0.084410,0.083560,0.084240,657859938,1701489599999,55312542.700120,79517,322131948,27089218.992430,0
1701489600000,0.084230,0.084470,0.083780,0.083810,485085287,1701503999999,40837588.512920,62839,223431798,18812235.866130,0
1701504000000,0.083800,0.084360,0.083630,0.083860,367034061,1701518399999,30831840.446180,53437,182829584,15360057.217400,0
1701518400000,0.083860,0.084640,0.083250,0.084360,730171425,1701532799999,61346944.879850,99130,371302328,31203518.736560,0
1701532800000,0.084350,0.086000,0.083700,0.085830,1155253372,1701547199999,98089240.079270,148508,596393172,50643692.397020,0
1701547200000,0.085820,0.086680,0.085550,0.086230,1301115896,1701561599999,111965432.264380,186782,689413729,59333633.625060,0
