open_time,open,high,low,close,volume,close_time,quote_volume,count,taker_buy_volume,taker_buy_quote_volume,ignore
1728691200000,0.110750,0.111560,0.109300,0.109670,438127400,1728705599999,48425537.121150,126665,191947178,21218143.710350,0
1728705600000,0.109670,0.111330,0.109670,0.111240,230316670,1728719999999,25448519.526440,101056,131457068,14524501.614090,0
1728720000000,0.111240,0.112160,0.110880,0.111310,402844956,1728734399999,44945041.029900,136597,198805954,22185112.114680,0
1728734400000,0.111310,0.112050,0.110640,0.111320,383082322,1728748799999,42673505.804580,140757,188937040,21054169.579850,0
1728748800000,0.111330,0.112030,0.110710,0.111180,291486117,1728763199999,32453572.251710,102452,142156504,15830199.659560,0
1728763200000,0.111170,0.111890,0.111150,0.111320,163947282,1728777599999,18281867.564790,68990,76945121,8580282.929230,0
