open_time,open,high,low,close,volume,close_time,quote_volume,count,taker_buy_volume,taker_buy_quote_volume,ignore
1717459200000,0.158410,0.159800,0.157570,0.159490,380999566,1717473599999,60555577.002980,170213,185541052,29495246.991320,0
1717473600000,0.159480,0.159490,0.157230,0.158350,454793159,1717487999999,71982642.430000,170749,208608674,33022367.874040,0
1717488000000,0.158360,0.158910,0.157160,0.158480,356972759,1717502399999,56427162.788290,194070,174922139,27653524.569840,0
1717502400000,0.158470,0.160540,0.158440,0.160390,510350340,1717516799999,81390674.467640,233772,258782381,41266364.706110,0
1717516800000,0.160390,0.161990,0.159540,0.160840,570462018,1717531199999,91872968.486340,252767,297335536,47898642.798890,0
1717531200000,0.160840,0.161660,0.160170,0.161480,268831039,1717545599999,43280918.393080,167074,138071353,22230438.020130,0
