open_time,open,high,low,close,volume,close_time,quote_volume,count,taker_buy_volume,taker_buy_quote_volume,ignore
1720310400000,0.113380,0.113450,0.110290,0.111740,740038527,1720324799999,82645594.574230,176503,338878240,37843986.454550,0
1720324800000,0.111740,0.111900,0.109000,0.109940,560096127,1720339199999,61850555.342460,150513,264574869,29229809.884730,0
1720339200000,0.109950,0.111140,0.109500,0.110220,308887067,1720353599999,34039984.750460,106492,158436527,17460225.563590,0
1720353600000,0.110220,0.110680,0.105010,0.106730,956956313,1720367999999,102442542.307150,221185,435564088,46646399.309710,0
1720368000000,0.106730,0.109060,0.106370,0.107480,403322070,1720382399999,43474676.442330,126368,210692304,22710680.715450,0
1720382400000,0.107490,0.107920,0.103530,0.104090,540086455,1720396799999,56904927.525030,153158,256913886,27095198.099950,0
