open_time,open,high,low,close,volume,close_time,quote_volume,count,taker_buy_volume,taker_buy_quote_volume,ignore
1716076800000,0.152950,0.156000,0.152450,0.155680,440948968,1716091199999,68156330.742210,166986,229314846,35447220.511020,0
1716091200000,0.155680,0.155910,0.153070,0.153970,465483771,1716105599999,71907354.307680,163358,219971586,33985649.950030,0
1716105600000,0.153970,0.154020,0.151060,0.152080,640904047,1716119999999,97765110.984390,211073,295132954,45025225.631690,0
1716120000000,0.152080,0.152120,0.148180,0.150320,957614953,1716134399999,143650457.533150,288620,432597614,64920275.903860,0
1716134400000,0.150320,0.150510,0.148470,0.148880,515352086,1716148799999,77130738.095730,191343,239740597,35891228.224230,0
1716148800000,0.148890,0.149550,0.147300,0.148990,334243013,1716163199999,49722287.500930,130863,150706950,22429947.937040,0
