open_time,open,high,low,close,volume,close_time,quote_volume,count,taker_buy_volume,taker_buy_quote_volume,ignore
1716336000000,0.170340,0.174800,0.170170,0.170890,1384952974,1716350399999,238389597.131240,430423,715013332,123110728.602090,0
1716350400000,0.170890,0.171330,0.164990,0.168170,1009862529,1716364799999,169827925.734180,343773,465397307,78298914.142500,0
1716364800000,0.168170,0.170000,0.165300,0.165300,891398987,1716379199999,149766435.704810,294188,421304562,70807629.979290,0
1716379200000,0.165300,0.170870,0.161750,0.169810,1756697474,1716393599999,291048065.780010,521207,890263563,147641094.493190,0
1716393600000,0.169820,0.170130,0.163840,0.165370,939996446,1716407999999,156615915.846690,306027,426665165,71070626.590880,0
1716408000000,0.165370,0.168540,0.164590,0.166370,552931314,1716422399999,91974825.329790,230720,266898422,44405473.149310,0
