open_time,open,high,low,close,volume,close_time,quote_volume,count,taker_buy_volume,taker_buy_quote_volume,ignore
1726012800000,0.102750,0.103030,0.100710,0.101000,435592693,1726027199999,44349143.526750,161102,205406768,20919033.828720,0
1726027200000,0.101000,0.101040,0.099070,0.100860,535282595,1726041599999,53556934.112070,164394,280213270,28046334.044970,0
1726041600000,0.100860,0.100920,0.099590,0.100500,330094570,1726055999999,33122076.164130,115191,160046604,16063867.917840,0
1726056000000,0.100490,0.101480,0.097790,0.099920,999567809,1726070399999,99422621.534820,246638,480440491,47806633.710920,0
1726070400000,0.099930,0.102020,0.099840,0.101530,612099124,1726084799999,61974688.287160,148897,305301064,30917807.704450,0
1726084800000,0.101530,0.102020,0.100920,0.101250,241877217,1726099199999,24549484.357440,70824,101030460,10255569.102310,0
