open_time,open,high,low,close,volume,close_time,quote_volume,count,taker_buy_volume,taker_buy_quote_volume,ignore
1731110400000,0.202030,0.204580,0.197220,0.199400,1686007156,1731124799999,338111975.520600,500156,806905014,161818706.385120,0
1731124800000,0.199410,0.210190,0.198710,0.209350,2419265754,1731139199999,494358195.552640,655542,1247528701,255020675.345030,0
1731139200000,0.209350,0.212930,0.207200,0.207510,2218100829,1731153599999,465790598.805560,625514,1054906602,221605861.428420,0
1731153600000,0.207490,0.208450,0.203010,0.205500,1910080398,1731167999999,392501802.479510,564774,907708946,186566759.720900,0
1731168000000,0.205490,0.211290,0.201100,0.207910,2139292033,1731182399999,441214596.701330,639288,1023584004,211207201.107560,0
1731182400000,0.207910,0.220250,0.207720,0.219000,3101472092,1731196799999,667739934.830500,876968,1569933044,338072330.190810,0
