open_time,open,high,low,close,volume,close_time,quote_volume,count,taker_buy_volume,taker_buy_quote_volume,ignore
1711584000000,0.190710,0.206860,0.189400,0.194910,4837604925,1711598399999,961614331.988590,2005959,2467109370,490612319.954050,0
1711598400000,0.194910,0.201690,0.194790,0.200200,1627799002,1711612799999,323226973.992620,659895,802580440,159305795.198730,0
1711612800000,0.200210,0.220940,0.198400,0.217410,4454080283,1711627199999,939613421.437800,1859433,2303945915,485848765.385720,0
1711627200000,0.217410,0.225750,0.212990,0.217630,5595903103,1711641599999,1222110891.985300,2086699,2764227473,603898219.619360,0
1711641600000,0.217640,0.229300,0.215810,0.227380,3470401681,1711655999999,766842937.359170,1630111,1762912572,389692490.938230,0
1711656000000,0.227380,0.227420,0.216030,0.220220,2574784569,1711670399999,568092868.734230,1115059,1261358905,278248761.056860,0
