open_time,open,high,low,close,volume,close_time,quote_volume,count,taker_buy_volume,taker_buy_quote_volume,ignore
1718236800000,0.146230,0.146520,0.141360,0.142840,700882026,1718251199999,100728019.176260,228865,347220024,49917859.484760,0
1718251200000,0.142840,0.144060,0.142430,0.143960,354655066,1718265599999,50825713.796790,137012,180278836,25837566.982810,0
1718265600000,0.143960,0.144940,0.143000,0.143450,595780057,1718279999999,85777830.772130,168769,316915912,45644763.538220,0
1718280000000,0.143440,0.145750,0.140260,0.141070,1129046974,1718294399999,161522803.719500,322366,543777791,77808849.851090,0
1718294400000,0.141060,0.142880,0.140110,0.141940,467768090,1718308799999,66370519.579210,158240,235030007,33347360.336960,0
1718308800000,0.141940,0.142400,0.140370,0.141110,266762032,1718323199999,37712507.667920,106037,131087364,18535184.360400,0
