open_time,open,high,low,close,volume,close_time,quote_volume,count,taker_buy_volume,taker_buy_quote_volume,ignore
1724716800000,0.105130,0.106290,0.105090,0.105670,232893814,1724731199999,24618835.096960,106599,111606812,11798010.119290,0
1724731200000,0.105670,0.106480,0.105410,0.105970,214258423,1724745599999,22704272.986520,83208,106615173,11297706.883030,0
1724745600000,0.105970,0.106160,0.103400,0.104250,507185273,1724759999999,53010749.064750,153301,209464478,21884928.865820,0
1724760000000,0.104240,0.104830,0.103150,0.103880,447401628,1724774399999,46565482.034060,175313,215805592,22464457.538930,0
1724774400000,0.103880,0.104800,0.103320,0.104230,419289571,1724788799999,43582951.697000,134681,217833588,22639488.393100,0
1724788800000,0.104230,0.104310,0.096220,0.098840,1587369798,1724803199999,158033445.818700,358782,692812515,68923600.886360,0
