open_time,open,high,low,close,volume,close_time,quote_volume,count,taker_buy_volume,taker_buy_quote_volume,ignore
1731974400000,0.371450,0.377950,0.366400,0.377150,1182074785,1731988799999,440015772.129220,590873,581619914,216559471.476520,0
1731988800000,0.377160,0.396190,0.377150,0.388560,3513521208,1732003199999,1363280963.300810,1470683,1766102589,685288973.719100,0
1732003200000,0.388580,0.390390,0.378820,0.383170,1903401857,1732017599999,731102543.743070,874736,920346936,353624884.759360,0
1732017600000,0.383160,0.406560,0.382800,0.395070,4758173859,1732031999999,1869534326.738970,1917636,2333405153,916919874.444330,0
1732032000000,0.395080,0.421000,0.393400,0.405520,4386648032,1732046399999,1782503552.262800,1914380,2197304928,893371549.129010,0
1732046400000,0.405530,0.407780,0.379510,0.390800,4068544671,1732060799999,1590786996.994130,1632402,1984000157,775660211.425210,0
