open_time,open,high,low,close,volume,close_time,quote_volume,count,taker_buy_volume,taker_buy_quote_volume,ignore
1724371200000,0.105210,0.106400,0.105180,0.105960,214725524,1724385599999,22752425.726030,104789,100732373,10672981.129840,0
1724385600000,0.105970,0.107620,0.105960,0.107170,293231368,1724399999999,31344864.530010,115057,154394453,16500961.162090,0
1724400000000,0.107170,0.107620,0.106020,0.106060,272251868,1724414399999,29079579.150850,84023,126608601,13522360.617900,0
1724414400000,0.106070,0.112810,0.105440,0.109850,2153928265,1724428799999,234145470.365110,404091,1164509518,126753595.409520,0
1724428800000,0.109850,0.113230,0.109580,0.113000,1025721538,1724443199999,114498732.583240,259556,533502330,59564587.883240,0
1724443200000,0.113010,0.115400,0.112490,0.112880,818316281,1724457599999,93094662.526470,193280,365698463,41605228.862810,0
