open_time,open,high,low,close,volume,close_time,quote_volume,count,taker_buy_volume,taker_buy_quote_volume,ignore
1722643200000,0.111480,0.112750,0.108200,0.112600,897955550,1722657599999,99317034.002510,244701,441050729,48813308.277500,0
1722657600000,0.112610,0.114680,0.112170,0.113790,322136387,1722671999999,36515880.289790,112270,168670259,19120879.742180,0
1722672000000,0.113780,0.113820,0.112210,0.112840,387839690,1722686399999,43754281.143510,114130,191138964,21563206.859580,0
1722686400000,0.112840,0.114200,0.110390,0.110540,592539482,1722700799999,66754804.215530,165586,285495219,32180761.035920,0
1722700800000,0.110540,0.111290,0.105680,0.105800,1344771569,1722715199999,145423740.296160,318321,649718411,70262893.008850,0
1722715200000,0.105800,0.108540,0.105170,0.108070,579200653,1722729599999,61927708.914320,177753,296215863,31678668.496520,0
