open_time,open,high,low,close,volume,close_time,quote_volume,count,taker_buy_volume,taker_buy_quote_volume,ignore
1711497600000,0.182440,0.187500,0.181180,0.184420,1875859616,1711511999999,345515517.150900,823547,952091050,175398443.240020,0
1711512000000,0.184430,0.190000,0.182820,0.183060,2343926253,1711526399999,437318910.180100,969883,1166527617,217783838.081220,0
1711526400000,0.183070,0.187200,0.179620,0.186770,1819607628,1711540799999,333609784.302070,744844,896534527,164464665.838790,0
1711540800000,0.186770,0.191560,0.178230,0.187850,5313297160,1711555199999,989964744.645530,2171343,2601269977,484865437.138060,0
1711555200000,0.187850,0.191850,0.181110,0.182950,2691950794,1711569599999,500018473.633320,1142185,1339496925,248920874.817910,0
1711569600000,0.182950,0.192290,0.182790,0.190700,2090232144,1711583999999,393547909.469790,909332,1054634578,198508601.876370,0
