open_time,open,high,low,close,volume,close_time,quote_volume,count,taker_buy_volume,taker_buy_quote_volume,ignore
1703203200000,0.095090,0.095700,0.093240,0.093780,968869326,1703217599999,91600077.940760,162706,454336685,42951521.153720,0
1703217600000,0.093780,0.094450,0.092080,0.092680,1241170695,1703231999999,115740607.278830,190019,601304330,56095359.494540,0
1703232000000,0.092680,0.093550,0.092000,0.093400,875314204,1703246399999,81355569.919330,138339,424258431,39438683.547580,0
1703246400000,0.093400,0.094130,0.092410,0.093880,948633506,1703260799999,88549813.564980,139011,450467238,42049104.398600,0
1703260800000,0.093870,0.095120,0.093500,0.093580,903571546,1703275199999,85087291.418480,129808,459692372,43298288.626790,0
1703275200000,0.093580,0.095390,0.093460,0.095050,557176281,1703289599999,52668051.856630,86659,279371853,26403751.254710,0
