open_time,open,high,low,close,volume,close_time,quote_volume,count,taker_buy_volume,taker_buy_quote_volume,ignore
1718409600000,0.134880,0.136000,0.133910,0.135670,322620954,1718423999999,43601264.860780,146813,158237596,21392601.368000,0
1718424000000,0.135680,0.137130,0.135210,0.136230,296511230,1718438399999,40393661.179430,121581,142210506,19376687.418670,0
1718438400000,0.136230,0.137140,0.135990,0.136720,311998356,1718452799999,42600659.585630,92285,166589473,22750015.520830,0
1718452800000,0.136710,0.137420,0.135980,0.136830,322684108,1718467199999,44120880.902410,108068,153791652,21030689.003280,0
1718467200000,0.136830,0.137020,0.135810,0.136610,290017547,1718481599999,39555031.489200,91240,141514314,19303022.530710,0
1718481600000,0.136620,0.136880,0.135740,0.136700,179312481,1718495999999,24461878.360810,75983,87528044,11940485.881180,0
