open_time,open,high,low,close,volume,close_time,quote_volume,count,taker_buy_volume,taker_buy_quote_volume,ignore
1731801600000,0.364360,0.369150,0.340100,0.351290,3482855842,1731815999999,1225676606.151610,1463425,1613609377,568269194.330650,0
1731816000000,0.351300,0.360290,0.347500,0.359260,1714832605,1731830399999,607439620.221730,864337,840004960,297646999.138380,0
1731830400000,0.359250,0.376110,0.357710,0.360620,2424309228,1731844799999,886746587.543270,1091822,1177814605,431088251.962890,0
1731844800000,0.360620,0.371580,0.357280,0.363570,1701544235,1731859199999,619740276.275380,877551,821464282,299256236.193420,0
1731859200000,0.363600,0.370890,0.355100,0.359500,1462549320,1731873599999,531655080.344020,801452,702743419,255572217.606030,0
1731873600000,0.359510,0.368190,0.351500,0.367370,1531661319,1731887999999,553009914.314750,884640,737957629,266487521.243120,0
