open_time,open,high,low,close,volume,close_time,quote_volume,count,taker_buy_volume,taker_buy_quote_volume,ignore
1727654400000,0.124350,0.124610,0.120630,0.122470,1161370491,1727668799999,142449529.214990,346259,569699275,69898436.492970,0
1727668800000,0.122470,0.123550,0.121530,0.122880,501826859,1727683199999,61561614.044420,167232,238586474,29267292.390990,0
1727683200000,0.122870,0.123000,0.119080,0.120460,1048305622,1727697599999,126614748.743440,255567,475402297,57412185.556620,0
1727697600000,0.120470,0.121120,0.116870,0.117090,1076488806,1727711999999,128262146.593630,257431,455380817,54327026.542530,0
1727712000000,0.117090,0.118320,0.116610,0.117740,674981347,1727726399999,79310080.747830,211370,335531455,39428340.079460,0
1727726400000,0.117750,0.118940,0.113200,0.114150,1009187114,1727740799999,117150032.406470,256661,435222729,50536660.692110,0
