open_time,open,high,low,close,volume,close_time,quote_volume,count,taker_buy_volume,taker_buy_quote_volume,ignore
1703980800000,0.090070,0.090590,0.089270,0.089740,333256446,1703995199999,29981630.725640,57216,153252012,13786663.264680,0
1703995200000,0.089740,0.090940,0.089620,0.090570,219388929,1704009599999,19798721.629030,47145,116983604,10560197.774700,0
1704009600000,0.090570,0.091000,0.090330,0.090500,250927593,1704023999999,22748608.235840,51382,125179075,11348508.505440,0
1704024000000,0.090510,0.090850,0.089900,0.090190,333989917,1704038399999,30154133.845730,66637,170542473,15398370.657040,0
1704038400000,0.090190,0.090920,0.090110,0.090380,295096436,1704052799999,26720054.800560,50536,150284215,13608427.480370,0
1704052800000,0.090380,0.090400,0.088000,0.089570,593719509,1704067199999,53129755.632480,99856,272768798,24411804.080850,0
