open_time,open,high,low,close,volume,close_time,quote_volume,count,taker_buy_volume,taker_buy_quote_volume,ignore
1713916800000,0.159720,0.164270,0.159010,0.162680,1037125428,1713931199999,167882258.313370,360507,518654423,83975929.480860,0
1713931200000,0.162690,0.163440,0.160470,0.161230,929584514,1713945599999,150582621.875290,295147,453185124,73421223.890790,0
1713945600000,0.161220,0.164500,0.160360,0.163220,869456220,1713959999999,141005594.396910,298161,444069777,72024203.656050,0
1713960000000,0.163220,0.163660,0.152200,0.152660,2454338889,1713974399999,386255021.925730,719770,1131617671,178117562.603320,0
1713974400000,0.152660,0.155570,0.151020,0.153330,1338239195,1713988799999,205290446.024190,426683,676220751,103754708.054750,0
1713988800000,0.153320,0.153990,0.149230,0.151300,864116377,1714003199999,131031141.899830,311573,424027167,64316699.561550,0
