open_time,open,high,low,close,volume,close_time,quote_volume,count,taker_buy_volume,taker_buy_quote_volume,ignore
1703376000000,0.093520,0.094600,0.093140,0.094380,586712101,1703390399999,55103628.198030,91419,307028949,28841425.914410,0
1703390400000,0.094390,0.094660,0.092050,0.093470,803715656,1703404799999,74954503.881450,127395,373703149,34852838.209330,0
1703404800000,0.093470,0.094980,0.093060,0.094450,1327727000,1703419199999,124848335.836510,175191,669018778,62908380.851830,0
1703419200000,0.094450,0.094920,0.093680,0.093820,668890921,1703433599999,63101099.127640,97130,305094747,28783023.595990,0
1703433600000,0.093840,0.094260,0.093390,0.094230,430757144,1703447999999,40413021.557490,71008,200437944,18807132.695830,0
1703448000000,0.094230,0.094270,0.090220,0.091760,1180253423,1703462399999,108614007.428300,181889,532956737,49055887.613500,0
