open_time,open,high,low,close,volume,close_time,quote_volume,count,taker_buy_volume,taker_buy_quote_volume,ignore
1708041600000,0.085340,0.086570,0.085010,0.086420,481864576,1708055999999,41374049.114540,75235,243010508,20864215.600990,0
1708056000000,0.086420,0.086800,0.085150,0.085190,675727386,1708070399999,58192058.337310,81963,300860124,25919225.430150,0
1708070400000,0.085200,0.086710,0.084620,0.086380,672824992,1708084799999,57735840.637020,87363,320878846,27536390.939160,0
1708084800000,0.086370,0.088110,0.083910,0.085500,1851191495,1708099199999,159428917.424820,218012,918245414,79110890.582190,0
1708099200000,0.085500,0.086000,0.084690,0.085020,628579804,1708113599999,53646124.731870,93109,303011343,25861159.218670,0
1708113600000,0.085030,0.086140,0.084870,0.085950,289209567,1708127999999,24736024.426850,49159,136170676,11645466.699710,0
