open_time,open,high,low,close,volume,close_time,quote_volume,count,taker_buy_volume,taker_buy_quote_volume,ignore
1710374400000,0.169110,0.174350,0.165420,0.173190,1487285948,1710388799999,253128215.979690,592727,765175984,130243242.862000,0
1710388800000,0.173180,0.193940,0.173080,0.186430,7208202465,1710403199999,1330632510.356000,2495203,3612251114,667010987.705880,0
1710403200000,0.186430,0.190960,0.179190,0.183210,2890702835,1710417599999,534005881.064510,1052671,1389697260,256909120.622190,0
1710417600000,0.183200,0.189640,0.170920,0.172900,5602933784,1710431999999,1010647270.350590,1907527,2629879043,474672353.700590,0
1710432000000,0.172910,0.179500,0.163920,0.169930,4116118073,1710446399999,710522450.427680,1413497,1960503497,338811430.827740,0
1710446400000,0.169930,0.179710,0.169600,0.177420,1508866074,1710460799999,265104957.671340,554985,761475856,133754489.774710,0
