open_time,open,high,low,close,volume,close_time,quote_volume,count,taker_buy_volume,taker_buy_quote_volume,ignore
1721088000000,0.124810,0.127800,0.123990,0.126110,851235369,1721102399999,106969590.534680,251268,427011216,53667000.721450,0
1721102400000,0.126110,0.126550,0.120440,0.120780,915048115,1721116799999,112389189.096910,242380,433905423,53322321.498900,0
1721116800000,0.120780,0.122530,0.118880,0.122200,695945685,1721131199999,84116355.994630,183289,336761179,40710949.840130,0
1721131200000,0.122200,0.125740,0.121050,0.125580,705922272,1721145599999,86820254.882050,214148,337037277,41463203.264940,0
1721145600000,0.125590,0.126960,0.124210,0.125640,660657697,1721159999999,83017703.348510,195597,309793032,38938686.115420,0
1721160000000,0.125630,0.126060,0.123270,0.124740,438410916,1721174399999,54614008.627000,123664,220750411,27507958.374740,0
