open_time,open,high,low,close,volume,close_time,quote_volume,count,taker_buy_volume,taker_buy_quote_volume,ignore
1725062400000,0.101750,0.102350,0.100800,0.101210,549898597,1725076799999,55921710.151930,135569,302130202,30733366.238840,0
1725076800000,0.101220,0.101870,0.100910,0.101060,197315937,1725091199999,20003909.901820,80662,82006723,8316415.884820,0
1725091200000,0.101060,0.101490,0.100300,0.101220,170729602,1725105599999,17227944.793350,88885,88252087,8905328.742360,0
1725105600000,0.101220,0.101620,0.100730,0.101610,180740893,1725119999999,18295913.419300,129707,91955243,9310104.755550,0
1725120000000,0.101610,0.102300,0.100480,0.101040,277598212,1725134399999,28131165.292600,119279,132064991,13381967.149910,0
1725134400000,0.101040,0.101700,0.100880,0.101240,147983146,1725148799999,14986502.453320,71316,75488161,7644224.238190,0
