open_time,open,high,low,close,volume,close_time,quote_volume,count,taker_buy_volume,taker_buy_quote_volume,ignore
1711411200000,0.175390,0.178940,0.174940,0.177370,1002723128,1711425599999,177751113.006700,344134,511326698,90644098.131030,0
1711425600000,0.177370,0.183300,0.177010,0.179400,1230968473,1711439999999,222023549.781200,477233,660374579,119105575.741690,0
1711440000000,0.179400,0.187500,0.177970,0.183930,2342748824,1711454399999,431486061.887520,1003763,1161739017,213974815.933490,0
1711454400000,0.183930,0.186400,0.173800,0.178630,3411877453,1711468799999,614307679.843070,1236394,1616451213,291199076.911200,0
1711468800000,0.178640,0.180230,0.174970,0.176360,1556449327,1711483199999,276287427.973960,595026,767495834,136284349.993750,0
1711483200000,0.176360,0.184200,0.176360,0.182450,1203954027,1711497599999,217597436.017530,515738,597201958,107945562.716900,0
