open_time,open,high,low,close,volume,close_time,quote_volume,count,taker_buy_volume,taker_buy_quote_volume,ignore
1703030400000,0.090260,0.091040,0.089640,0.090650,640448382,1703044799999,57903829.039000,106506,326010728,29473176.593310,0
1703044800000,0.090650,0.091720,0.090020,0.090430,732512421,1703059199999,66533388.662730,111711,347181181,31533302.815860,0
1703059200000,0.090430,0.090870,0.089490,0.090640,675335292,1703073599999,61005267.637330,109284,350987684,31709893.187710,0
1703073600000,0.090640,0.093430,0.090150,0.093030,1434386835,1703087999999,132128469.276220,206965,742151961,68381621.508320,0
1703088000000,0.093030,0.093400,0.091300,0.091710,1095415180,1703102399999,101323588.829850,165482,529147398,48961574.757290,0
1703102400000,0.091710,0.091880,0.090000,0.091580,947838890,1703116799999,86297304.054510,149037,465211971,42362691.827940,0
