open_time,open,high,low,close,volume,close_time,quote_volume,count,taker_buy_volume,taker_buy_quote_volume,ignore
1707004800000,0.078710,0.079040,0.078310,0.078980,208021548,1707019199999,16366451.413760,37993,103289262,8127477.611730,0
1707019200000,0.078980,0.078990,0.078410,0.078630,197330437,1707033599999,15521603.914780,37361,84726700,6664894.491850,0
1707033600000,0.078620,0.079110,0.078400,0.079050,237147890,1707047999999,18669578.017960,37487,108766402,8564089.511740,0
1707048000000,0.079040,0.079260,0.078740,0.079100,223227719,1707062399999,17638097.256300,38299,114203400,9023213.377490,0
1707062400000,0.079100,0.079960,0.078630,0.079100,509068996,1707076799999,40418104.613990,74335,252227694,20031162.740140,0
1707076800000,0.079090,0.079420,0.077500,0.078280,414311988,1707091199999,32546593.071350,69653,175603912,13797196.180590,0
