open_time,open,high,low,close,volume,close_time,quote_volume,count,taker_buy_volume,taker_buy_quote_volume,ignore
1715990400000,0.155500,0.156880,0.154190,0.156150,490978176,1716004799999,76360500.674280,180859,236177418,36732834.083410,0
1716004800000,0.156160,0.156680,0.154160,0.154500,395757996,1716019199999,61410636.050460,142959,185896664,28846408.066860,0
1716019200000,0.154490,0.156430,0.154330,0.155960,415691237,1716033599999,64669187.846050,144175,208193535,32393951.301220,0
1716033600000,0.155950,0.156150,0.151120,0.152820,1009684470,1716047999999,154367496.395860,262905,473056967,72322874.573490,0
1716048000000,0.152830,0.153590,0.152130,0.152970,287666281,1716062399999,43920973.914570,121897,140902887,21515370.844750,0
1716062400000,0.152980,0.153910,0.152410,0.152950,238813610,1716076799999,36564818.535730,99746,114105308,17473222.408750,0
