open_time,open,high,low,close,volume,close_time,quote_volume,count,taker_buy_volume,taker_buy_quote_volume,ignore
1729296000000,0.137170,0.146970,0.136920,0.144180,2490266736,1729310399999,357204534.114130,623782,1267131267,181647649.106350,0
1729310400000,0.144180,0.145400,0.142780,0.143980,1394281396,1729324799999,200813459.963930,329923,692963709,99844589.001200,0
1729324800000,0.143980,0.146580,0.142100,0.142180,1723099145,1729339199999,249289474.604850,381916,819824903,118637004.824480,0
1729339200000,0.142170,0.146830,0.142090,0.143850,1793760865,1729353599999,259715393.956460,418873,925097186,133907905.393430,0
1729353600000,0.143840,0.144470,0.139300,0.140030,1769260374,1729367999999,249984947.180050,388450,835582710,118039258.282840,0
1729368000000,0.140040,0.146750,0.139890,0.144020,1127552791,1729382399999,161455520.102020,320309,583584737,83518883.585000,0
