open_time,open,high,low,close,volume,close_time,quote_volume,count,taker_buy_volume,taker_buy_quote_volume,ignore
1705104000000,0.080080,0.080460,0.078580,0.080210,584143692,1705118399999,46610188.053040,108702,292458493,23336025.189270,0
1705118400000,0.080210,0.081080,0.080090,0.080800,273267252,1705132799999,22050965.142400,55075,127050938,10251294.033740,0
1705132800000,0.080800,0.081030,0.079650,0.080230,594622660,1705147199999,47776963.822110,79871,291326936,23415699.119620,0
1705147200000,0.080230,0.081390,0.079910,0.081200,470418498,1705161599999,37887929.004450,71777,226960407,18281119.712440,0
1705161600000,0.081200,0.081300,0.080590,0.081020,393645726,1705175999999,31855728.907060,61081,196091376,15867399.497020,0
1705176000000,0.081010,0.081260,0.080540,0.080930,358747360,1705190399999,29041973.593910,52052,180172994,14585606.727330,0
