open_time,open,high,low,close,volume,close_time,quote_volume,count,taker_buy_volume,taker_buy_quote_volume,ignore
1710547200000,0.163710,0.165470,0.161340,0.162480,1045252937,1710561599999,171143531.689100,388323,495988786,81218566.492390,0
1710561600000,0.162470,0.163500,0.157970,0.163330,977381613,1710575999999,157172942.279750,380566,487547263,78402165.878870,0
1710576000000,0.163320,0.163560,0.156590,0.158170,1138828284,1710590399999,182595332.882310,374694,549350150,88062617.086870,0
1710590400000,0.158150,0.158370,0.150720,0.154030,2352283541,1710604799999,361022709.503880,692700,1169515413,179541369.050660,0
1710604800000,0.154030,0.154950,0.140340,0.143420,4101001704,1710619199999,601105529.566050,1120713,1945384733,285237259.689230,0
1710619200000,0.143430,0.145500,0.138020,0.142610,2279280045,1710633599999,323692605.178970,677120,1120698563,159190627.263930,0
