open_time,open,high,low,close,volume,close_time,quote_volume,count,taker_buy_volume,taker_buy_quote_volume,ignore
1709769600000,0.157970,0.162450,0.152020,0.152580,2285711840,1709783999999,359122821.238610,837150,1140689530,179322792.813990,0
1709784000000,0.152590,0.154060,0.146600,0.151230,2214200832,1709798399999,332957616.813590,729484,1089701898,163965573.362430,0
1709798400000,0.151240,0.156940,0.150840,0.153430,2000289881,1709812799999,307325953.629780,708809,962790205,147979171.376060,0
1709812800000,0.153440,0.160150,0.148400,0.158890,2762774589,1709827199999,426160647.887290,1010259,1369771371,211398151.019980,0
1709827200000,0.158910,0.160920,0.152070,0.156090,1825373616,1709841599999,284378594.135390,671023,890200347,138693249.119470,0
1709841600000,0.156090,0.159880,0.153370,0.157810,1468147958,1709855999999,229833277.430350,580562,739959116,115782651.363800,0
