open_time,open,high,low,close,volume,close_time,quote_volume,count,taker_buy_volume,taker_buy_quote_volume,ignore
1728950400000,0.116640,0.119300,0.116210,0.116300,813511335,1728964799999,95792353.053090,233281,402512157,47401957.862150,0
1728964800000,0.116290,0.117330,0.115420,0.115850,487148618,1728979199999,56648249.707750,154814,231492613,26924163.447710,0
1728979200000,0.115850,0.116680,0.112500,0.112890,909894922,1728993599999,104366584.457480,231605,418551731,48020164.618180,0
1728993600000,0.112890,0.118320,0.110080,0.112860,2290137147,1729007999999,261122348.196340,562268,1084573405,123705760.055930,0
1729008000000,0.112860,0.117370,0.112710,0.114680,1185515206,1729022399999,136482103.526930,334542,600416299,69142141.669270,0
1729022400000,0.114680,0.117830,0.112360,0.117470,776916779,1729036799999,89143733.256960,228894,410675524,47158142.132310,0
