open_time,open,high,low,close,volume,close_time,quote_volume,count,taker_buy_volume,taker_buy_quote_volume,ignore
1724198400000,0.102850,0.104140,0.102230,0.103760,267778534,1724212799999,27655916.641800,102288,122985865,12706972.393610,0
1724212800000,0.103770,0.104720,0.102950,0.104570,272866172,1724227199999,28350904.343070,97828,125600035,13051946.659110,0
1724227200000,0.104580,0.104880,0.103240,0.103630,294833264,1724241599999,30636490.406450,122965,134704616,14000014.599000,0
1724241600000,0.103630,0.104790,0.102030,0.103700,659811988,1724255999999,68316175.989420,215396,322246289,33366002.220990,0
1724256000000,0.103700,0.106800,0.103400,0.106740,498869086,1724270399999,52497683.355920,184081,261095387,27494524.328170,0
1724270400000,0.106740,0.107920,0.105750,0.106120,419075736,1724284799999,44748895.039570,139980,206866417,22091904.092050,0
