open_time,open,high,low,close,volume,close_time,quote_volume,count,taker_buy_volume,taker_buy_quote_volume,ignore
1714435200000,0.143340,0.145930,0.140910,0.143580,910798594,1714449599999,130875313.656550,263305,442298596,63552459.271740,0
1714449600000,0.143590,0.144190,0.141330,0.141990,538337035,1714463999999,76767643.156120,148480,257945473,36786120.994460,0
1714464000000,0.142000,0.142480,0.134820,0.135430,1845657818,1714478399999,255335244.655050,420091,858147665,118782756.643740,0
1714478400000,0.135430,0.135990,0.132200,0.134290,1500211638,1714492799999,201477499.582540,362931,731516566,98259209.753830,0
1714492800000,0.134290,0.134500,0.129010,0.130760,1729075565,1714507199999,228372317.390390,382436,836704666,110586302.126280,0
1714507200000,0.130750,0.134480,0.130730,0.133290,881622731,1714521599999,116955385.143590,229312,435645973,57791826.397330,0
