open_time,open,high,low,close,volume,close_time,quote_volume,count,taker_buy_volume,taker_buy_quote_volume,ignore
1710892800000,0.128870,0.131880,0.125840,0.127620,2021061926,1710907199999,260623692.141210,544056,959680220,123825775.105360,0
1710907200000,0.127620,0.134950,0.122520,0.133460,2507165869,1710921599999,319237182.268260,660066,1256244747,160132631.241200,0
1710921600000,0.133460,0.136080,0.131840,0.134490,1781818627,1710935999999,238591511.233690,463740,903101222,120941952.360190,0
1710936000000,0.134490,0.136240,0.131310,0.132410,1600445675,1710950399999,214766818.522060,440645,815286303,109408945.465720,0
1710950400000,0.132420,0.150460,0.126790,0.146160,4432863031,1710964799999,614885515.135010,1152682,2274930835,316035786.036260,0
1710964800000,0.146160,0.153450,0.144200,0.152230,2945491093,1710979199999,439520140.341040,812971,1473322530,219905750.723630,0
