open_time,open,high,low,close,volume,close_time,quote_volume,count,taker_buy_volume,taker_buy_quote_volume,ignore
1726444800000,0.102750,0.103180,0.099880,0.101430,675704488,1726459199999,68468757.310570,182418,298356715,30246085.928280,0
1726459200000,0.101430,0.102620,0.101070,0.102370,278822805,1726473599999,28365325.459010,82148,145366132,14786770.151620,0
1726473600000,0.102370,0.102960,0.101390,0.101600,316097433,1726487999999,32260223.174180,90935,150715741,15381291.122800,0
1726488000000,0.101600,0.101860,0.098920,0.099860,674335138,1726502399999,67720130.998840,178651,292483516,29387746.316210,0
1726502400000,0.099860,0.100020,0.098500,0.099180,534182182,1726516799999,53044469.794700,149431,238784077,23711708.493730,0
1726516800000,0.099170,0.099960,0.098290,0.099600,318869405,1726531199999,31566383.490140,105944,149642095,14810129.691050,0
