open_time,open,high,low,close,volume,close_time,quote_volume,count,taker_buy_volume,taker_buy_quote_volume,ignore
1705881600000,0.085480,0.085630,0.082550,0.083310,1500086082,1705895999999,125560881.870190,230023,711093429,59516225.257110,0
1705896000000,0.083320,0.084200,0.082200,0.083390,876672836,1705910399999,73086593.555090,126397,436609633,36407348.053120,0
1705910400000,0.083390,0.083700,0.081450,0.083380,1371261174,1705924799999,113397371.687290,201855,698850518,57811317.971340,0
1705924800000,0.083380,0.084710,0.082990,0.084100,1704802924,1705939199999,142973442.246750,241766,859121860,72065634.939090,0
1705939200000,0.084100,0.084900,0.080040,0.081920,1875790034,1705953599999,155321526.576330,306708,879685321,72862111.361760,0
1705953600000,0.081920,0.082600,0.080100,0.080550,812814122,1705967999999,66142719.880460,134854,413559584,33669607.067340,0
