open_time,open,high,low,close,volume,close_time,quote_volume,count,taker_buy_volume,taker_buy_quote_volume,ignore
1729728000000,0.139980,0.143180,0.139070,0.139390,1375226517,1729742399999,193950967.450120,386005,681712009,96178023.333840,0
1729742400000,0.139380,0.141080,0.137950,0.138320,798933178,1729756799999,111437494.944890,230186,389199352,54312520.376160,0
1729756800000,0.138320,0.139150,0.136270,0.138930,929096892,1729771199999,127985818.426300,267064,462541775,63742008.620200,0
1729771200000,0.138920,0.143430,0.138670,0.140560,1851536994,1729785599999,260808689.198650,451345,899073735,126666814.015160,0
1729785600000,0.140550,0.142860,0.139220,0.142380,808073807,1729799999999,113755371.032330,243970,405658166,57105418.696450,0
1729800000000,0.142380,0.143850,0.141120,0.141880,773046258,1729814399999,110071104.700090,238235,378011158,53818905.629340,0
