open_time,open,high,low,close,volume,close_time,quote_volume,count,taker_buy_volume,taker_buy_quote_volume,ignore
1719619200000,0.123010,0.124340,0.122970,0.123990,257353651,1719633599999,31851786.695160,82536,133719353,16548552.020130,0
1719633600000,0.123990,0.124300,0.123040,0.123910,177715320,1719647999999,21970015.167840,64548,91746247,11345262.936090,0
1719648000000,0.123910,0.124360,0.123380,0.124090,171175242,1719662399999,21199564.702290,60457,90056519,11156267.111380,0
1719662400000,0.124100,0.124250,0.123060,0.123660,197440172,1719676799999,24393622.221750,69187,97407494,12034529.070460,0
1719676800000,0.123660,0.123710,0.122140,0.122680,167457445,1719691199999,20573969.722030,65385,72919281,8958063.199840,0
1719691200000,0.122670,0.122850,0.121330,0.121800,217087125,1719705599999,26489048.618280,74509,109099896,13314031.298930,0
