open_time,open,high,low,close,volume,close_time,quote_volume,count,taker_buy_volume,taker_buy_quote_volume,ignore
1707436800000,0.079860,0.080880,0.079850,0.080440,390278596,1707451199999,31390437.659300,52432,203155938,16341874.530760,0
1707451200000,0.080430,0.082000,0.080260,0.081900,578604335,1707465599999,46820069.005520,71740,311870251,25245879.362760,0
1707465600000,0.081900,0.082150,0.081260,0.081880,619799217,1707479999999,50574473.586960,75361,299081439,24407398.457590,0
1707480000000,0.081880,0.082230,0.080690,0.081450,917459398,1707494399999,74765348.620820,109218,448645999,36556802.433800,0
1707494400000,0.081440,0.082010,0.080920,0.081480,585656283,1707508799999,47691810.565400,81237,289143857,23547744.243040,0
1707508800000,0.081470,0.081620,0.081110,0.081570,315491875,1707523199999,25686813.045710,44335,167702848,13654824.270990,0
