open_time,open,high,low,close,volume,close_time,quote_volume,count,taker_buy_volume,taker_buy_quote_volume,ignore
1718755200000,0.122160,0.126700,0.121330,0.125620,897063736,1718769599999,111543874.218080,225409,457255222,56868874.150970,0
1718769600000,0.125620,0.126250,0.124940,0.125390,368306470,1718783999999,46238730.797420,123423,176829401,22202172.868920,0
1718784000000,0.125390,0.125870,0.122980,0.123790,827079079,1718798399999,102902021.839220,165257,395990560,49265495.218780,0
1718798400000,0.123790,0.124620,0.121590,0.122100,607240438,1718812799999,74622500.503230,153938,295938351,36374807.571620,0
1718812800000,0.122090,0.124190,0.121710,0.122620,444303528,1718827199999,54674934.612270,121827,230654136,28385539.684790,0
1718827200000,0.122630,0.123490,0.121670,0.122420,309103949,1718841599999,37864762.429520,92252,153221322,18773192.404520,0
