open_time,open,high,low,close,volume,close_time,quote_volume,count,taker_buy_volume,taker_buy_quote_volume,ignore
1719792000000,0.124450,0.127480,0.124030,0.126620,505067145,1719806399999,63777056.336650,147587,248312834,31353667.267350,0
1719806400000,0.126630,0.126920,0.126000,0.126390,215106027,1719820799999,27192477.306940,70269,104418035,13200552.586350,0
1719820800000,0.126400,0.126480,0.124260,0.124550,355685959,1719835199999,44579579.283740,104587,156225723,19584200.359430,0
1719835200000,0.124550,0.125100,0.123160,0.124690,498601160,1719849599999,61933786.238140,136965,255915251,31789415.108230,0
1719849600000,0.124700,0.126210,0.124420,0.125020,343496873,1719863999999,43000289.397990,108982,177238807,22189750.194900,0
1719864000000,0.125030,0.125400,0.123180,0.123450,277023187,1719878399999,34352961.416500,81936,129123102,16007688.391150,0
