open_time,open,high,low,close,volume,close_time,quote_volume,count,taker_buy_volume,taker_buy_quote_volume,ignore
1724889600000,0.099560,0.100670,0.099430,0.100480,208689201,1724903999999,20887712.460360,106376,97005167,9709818.418870,0
1724904000000,0.100490,0.101360,0.100050,0.100560,240202531,1724918399999,24202691.979830,104546,112258199,11315874.026260,0
1724918400000,0.100550,0.101820,0.100160,0.101110,269920828,1724932799999,27216903.083660,107767,145030877,14627514.268930,0
1724932800000,0.101100,0.102570,0.100890,0.101940,367519226,1724947199999,37362568.136780,130173,183180386,18626976.219620,0
1724947200000,0.101940,0.102310,0.098210,0.098970,510137707,1724961599999,51027414.522390,169345,240191473,24020807.291030,0
1724961600000,0.098960,0.100650,0.098320,0.100310,491760890,1724975999999,49001273.705680,128764,257654229,25680560.775860,0
