open_time,open,high,low,close,volume,close_time,quote_volume,count,taker_buy_volume,taker_buy_quote_volume,ignore
1728345600000,0.108370,0.109820,0.107860,0.109270,466257265,1728359999999,50823312.812470,150820,230395516,25116841.003120,0
1728360000000,0.109260,0.109720,0.106230,0.107300,633003570,1728374399999,68189547.099100,210605,295023504,31777870.973890,0
1728374400000,0.107290,0.107980,0.106940,0.107960,360709983,1728388799999,38769070.637920,123815,176203934,18942843.013390,0
1728388800000,0.107970,0.108430,0.105170,0.106390,827005798,1728403199999,88378062.748380,242645,394806264,42176631.762490,0
1728403200000,0.106390,0.107630,0.105850,0.107100,438648464,1728417599999,46860069.943360,160481,200300371,21398462.840140,0
1728417600000,0.107090,0.108050,0.106470,0.107040,231908593,1728431999999,24880246.164140,100730,111891760,12005175.417330,0
