open_time,open,high,low,close,volume,close_time,quote_volume,count,taker_buy_volume,taker_buy_quote_volume,ignore
1714780800000,0.145970,0.152140,0.145650,0.149330,1605429433,1714795199999,239863585.079140,392181,822345737,122874001.749040,0
1714795200000,0.149350,0.152130,0.148650,0.150050,1053288324,1714809599999,158254928.276600,253759,536423695,80629896.334710,0
1714809600000,0.150050,0.162290,0.150010,0.157970,2863496168,1714823999999,447322258.030920,615823,1431007002,223479012.021430,0
1714824000000,0.157970,0.170250,0.157170,0.163210,5106456076,1714838399999,837094089.225070,1102412,2530561481,414772356.427850,0
1714838400000,0.163210,0.163720,0.157810,0.160700,1910322541,1714852799999,307095501.580720,466420,927562786,149151675.518920,0
1714852800000,0.160690,0.163490,0.158880,0.160050,1094198854,1714867199999,176312296.350490,276835,537562363,86641393.113230,0
