open_time,open,high,low,close,volume,close_time,quote_volume,count,taker_buy_volume,taker_buy_quote_volume,ignore
1727222400000,0.109730,0.111160,0.109370,0.110540,585707627,1727236799999,64555115.930740,156010,302183369,33307225.196040,0
1727236800000,0.110540,0.110700,0.108130,0.108950,407268768,1727251199999,44525830.521680,104739,187016825,20445372.358460,0
1727251200000,0.108940,0.110460,0.108240,0.109770,479882942,1727265599999,52438479.186510,127783,243519384,26617139.564350,0
1727265600000,0.109770,0.109980,0.108400,0.108810,571985643,1727279999999,62523521.486520,153222,262603196,28713590.905300,0
1727280000000,0.108810,0.110620,0.108640,0.109620,633435292,1727294399999,69482350.597900,180596,308239559,33816532.502340,0
1727294400000,0.109610,0.110500,0.107900,0.108430,495260823,1727308799999,54147748.065410,145082,208872763,22833042.971830,0
