open_time,open,high,low,close,volume,close_time,quote_volume,count,taker_buy_volume,taker_buy_quote_volume,ignore
1730419200000,0.161630,0.164320,0.156800,0.158380,1890301985,1730433599999,303674742.846110,596746,907730784,145844014.684250,0
1730433600000,0.158370,0.160490,0.154170,0.156010,1630432678,1730447999999,256477723.805080,476206,781191351,122954585.814190,0
1730448000000,0.156020,0.162600,0.155730,0.160940,1740811408,1730462399999,278216893.035260,478880,876081476,140042100.239660,0
1730462400000,0.160940,0.168940,0.158140,0.159320,3957866394,1730476799999,649265618.789480,1003941,1907575536,312893114.981440,0
1730476800000,0.159320,0.163660,0.158740,0.160330,1844462022,1730491199999,296926748.884150,593809,932252205,150093089.298810,0
1730491200000,0.160340,0.161850,0.156520,0.159130,1173621092,1730505599999,186433472.543760,384112,580241403,92209559.495800,0
