open_time,open,high,low,close,volume,close_time,quote_volume,count,taker_buy_volume,taker_buy_quote_volume,ignore
1726617600000,0.101060,0.101500,0.099760,0.101080,330613088,1726631999999,33281886.281160,132787,151179616,15219215.632020,0
1726632000000,0.101070,0.101600,0.100300,0.101530,234862383,1726646399999,23711997.450500,95452,116691469,11784331.549360,0
1726646400000,0.101520,0.101740,0.099280,0.100190,439154822,1726660799999,44105523.619850,131994,195343030,19616427.055380,0
1726660800000,0.100180,0.101150,0.099540,0.099950,430010233,1726675199999,43137391.369500,158592,210250886,21090429.188600,0
1726675200000,0.099950,0.103410,0.099360,0.101010,1142104212,1726689599999,115976267.448730,334545,547366806,55604720.395190,0
1726689600000,0.101000,0.103850,0.099810,0.103810,382366144,1726703999999,38938456.334320,149718,198419259,20223373.462810,0
