open_time,open,high,low,close,volume,close_time,quote_volume,count,taker_buy_volume,taker_buy_quote_volume,ignore
1718928000000,0.124470,0.125650,0.123130,0.123840,480238815,1718942399999,59637232.151830,169958,216783809,26930865.218280,0
1718942400000,0.123840,0.124630,0.123110,0.123420,293561716,1718956799999,36397678.859850,130403,137453951,17045884.819540,0
1718956800000,0.123430,0.125060,0.121780,0.124430,709419677,1718971199999,87764593.678590,216154,345542011,42757680.822240,0
1718971200000,0.124430,0.124740,0.121290,0.122730,799825717,1718985599999,98325236.825490,250729,377016206,46364654.248810,0
1718985600000,0.122740,0.124670,0.121970,0.124110,605801406,1718999999999,74731664.882700,206287,296941479,36651443.029880,0
1719000000000,0.124120,0.125410,0.123180,0.124110,298639495,1719014399999,37082517.674460,121629,145151024,18027015.305440,0
