open_time,open,high,low,close,volume,close_time,quote_volume,count,taker_buy_volume,taker_buy_quote_volume,ignore
1701302400000,0.080460,0.081670,0.080400,0.081450,945162538,1701316799999,76677255.726590,113316,489192840,39682600.828450,0
1701316800000,0.081440,0.081940,0.081090,0.081650,662905948,1701331199999,54064272.947060,91515,321758818,26245905.807600,0
1701331200000,0.081640,0.082950,0.081320,0.081800,1178974369,1701345599999,96605761.550960,151654,615144010,50412838.397990,0
1701345600000,0.081810,0.083100,0.081410,0.082410,2102892429,1701359999999,172858296.339490,237036,1098982303,90351059.958800,0
1701360000000,0.082400,0.084440,0.082170,0.084090,1589038110,1701374399999,132603318.038900,208762,849362764,70884560.133340,0
1701374400000,0.084090,0.084270,0.082710,0.083470,966669027,1701388799999,80567678.516470,123352,480702561,40067326.435640,0
