open_time,open,high,low,close,volume,close_time,quote_volume,count,taker_buy_volume,taker_buy_quote_volume,ignore
1704499200000,0.082670,0.082680,0.081750,0.082100,456079720,1704513599999,37498606.782800,58601,222223067,18268875.150880,0
1704513600000,0.082100,0.082350,0.078300,0.080170,1801514077,1704527999999,143836158.432220,205296,851475458,67978368.361920,0
1704528000000,0.080160,0.080720,0.079760,0.080630,416427226,1704542399999,33451366.389380,61853,201604427,16193786.614250,0
1704542400000,0.080620,0.081900,0.080120,0.081490,719211685,1704556799999,58311258.971230,107955,372568636,30204125.694150,0
1704556800000,0.081490,0.081800,0.080490,0.080810,442875947,1704571199999,35986902.159970,83395,245334349,19939212.971280,0
1704571200000,0.080810,0.081070,0.079710,0.080580,407929226,1704585599999,32855945.695570,83331,213342656,17184811.631630,0
