open_time,open,high,low,close,volume,close_time,quote_volume,count,taker_buy_volume,taker_buy_quote_volume,ignore
1707350400000,0.080120,0.080490,0.079950,0.080090,318980144,1707364799999,25577863.785660,47597,153247810,12287571.139680,0
1707364800000,0.080100,0.080320,0.079690,0.079890,283844528,1707379199999,22704753.945370,40601,133390492,10671411.452260,0
1707379200000,0.079880,0.080360,0.079640,0.079880,367711189,1707393599999,29427026.949690,49408,171379175,13717374.750470,0
1707393600000,0.079880,0.080850,0.079720,0.080670,549783905,1707407999999,44174754.840430,69513,290633831,23350638.309600,0
1707408000000,0.080680,0.080860,0.079600,0.080220,471556714,1707422399999,37814415.060120,65381,218214319,17500013.373060,0
1707422400000,0.080230,0.080540,0.079520,0.079860,426835407,1707436799999,34187980.005400,53744,213226996,17079679.945780,0
