open_time,open,high,low,close,volume,close_time,quote_volume,count,taker_buy_volume,taker_buy_quote_volume,ignore
1726876800000,0.105480,0.105610,0.104000,0.104820,292910735,1726891199999,30706431.893290,92408,149588204,15683695.505890,0
1726891200000,0.104820,0.105590,0.104220,0.105460,264845473,1726905599999,27801182.993440,73006,129367317,13583311.237030,0
1726905600000,0.105460,0.106500,0.105330,0.106180,307164633,1726919999999,32575517.623080,99250,153759263,16307157.780900,0
1726920000000,0.106180,0.109690,0.105880,0.109250,912039195,1726934399999,98611994.831350,205239,499476491,54018439.959300,0
1726934400000,0.109250,0.109440,0.108360,0.108560,373193168,1726948799999,40623664.773630,115591,178716099,19457561.921860,0
1726948800000,0.108560,0.110480,0.108410,0.109900,335825425,1726963199999,36736732.463780,103745,173796825,19015413.142250,0
