open_time,open,high,low,close,volume,close_time,quote_volume,count,taker_buy_volume,taker_buy_quote_volume,ignore
1708473600000,0.086190,0.086330,0.085110,0.085610,435594205,1708487999999,37295184.906450,82774,209298114,17918351.612830,0
1708488000000,0.085610,0.085690,0.083940,0.084300,606705049,1708502399999,51394577.839650,85681,290846578,24637040.579110,0
1708502400000,0.084300,0.084750,0.082360,0.083200,991471295,1708516799999,82689790.069970,144828,448067979,37380209.055420,0
1708516800000,0.083200,0.084090,0.082390,0.083410,1015175439,1708531199999,84523713.773900,152096,478020074,39801926.195230,0
1708531200000,0.083410,0.083850,0.081960,0.083420,628510347,1708545599999,52165608.064780,104158,314855809,26135226.354840,0
1708545600000,0.083420,0.084780,0.083070,0.084620,440811848,1708559999999,36973005.488090,73819,226532622,18997133.361730,0
