open_time,open,high,low,close,volume,close_time,quote_volume,count,taker_buy_volume,taker_buy_quote_volume,ignore
1705622400000,0.078080,0.078280,0.076330,0.077440,713163551,1705636799999,55121281.769570,105014,348260273,26915409.343200,0
1705636800000,0.077450,0.078320,0.077330,0.078130,261661995,1705651199999,20383805.955800,46509,131326752,10230991.112650,0
1705651200000,0.078140,0.078520,0.077880,0.078210,337250917,1705665599999,26384239.061540,44662,165757997,12967071.234040,0
1705665600000,0.078210,0.078660,0.077070,0.077450,742379522,1705679999999,57854238.236010,92937,374134869,29157351.511840,0
1705680000000,0.077450,0.078510,0.074790,0.078430,1658666011,1705694399999,126868023.461830,231534,809863170,61979427.782980,0
1705694400000,0.078430,0.078860,0.077930,0.078580,393793954,1705708799999,30889184.604550,61880,195365968,15324510.023730,0
