open_time,open,high,low,close,volume,close_time,quote_volume,count,taker_buy_volume,taker_buy_quote_volume,ignore
1727568000000,0.128050,0.130380,0.127060,0.129410,830264326,1727582399999,106997825.518570,265923,419790262,54108286.664290,0
1727582400000,0.129410,0.129690,0.125820,0.125920,775604114,1727596799999,98934132.690350,235414,353123043,45056226.510820,0
1727596800000,0.125910,0.127400,0.125520,0.126950,743495387,1727611199999,94129026.618030,189151,371435513,47035499.875610,0
1727611200000,0.126940,0.127250,0.124880,0.126030,822857324,1727625599999,103653119.759030,245881,403102382,50779583.985440,0
1727625600000,0.126030,0.128280,0.124910,0.128270,600761420,1727639999999,76099786.023080,245590,327002286,41437694.489320,0
1727640000000,0.128270,0.128910,0.124320,0.124350,662566111,1727654399999,83820419.939390,235223,299676411,37924370.307200,0
