open_time,open,high,low,close,volume,close_time,quote_volume,count,taker_buy_volume,taker_buy_quote_volume,ignore
1707955200000,0.085570,0.088310,0.085570,0.087250,1776252010,1707969599999,154661273.446430,198901,885650686,77100031.977120,0
1707969600000,0.087250,0.087370,0.085090,0.085640,850179347,1707983999999,73199201.838580,120376,373242632,32121692.589510,0
1707984000000,0.085630,0.086180,0.085150,0.085840,706126035,1707998399999,60499457.876860,97271,337726088,28937121.312220,0
1707998400000,0.085840,0.087030,0.084630,0.085100,1494106041,1708012799999,128367767.573720,179989,696499700,59868955.871180,0
1708012800000,0.085110,0.085690,0.083940,0.085450,1018753679,1708027199999,86453083.160540,140090,497512256,42224006.352720,0
1708027200000,0.085460,0.085620,0.084550,0.085340,533649557,1708041599999,45434076.254710,84437,270711928,23048918.154620,0
