open_time,open,high,low,close,volume,close_time,quote_volume,count,taker_buy_volume,taker_buy_quote_volume,ignore
1701129600000,0.078830,0.079310,0.077850,0.078120,790521460,1701143999999,62125742.544500,106213,388779142,30555942.742170,0
1701144000000,0.078110,0.078330,0.076670,0.077300,856389754,1701158399999,66195553.524230,114626,420692316,32516216.777350,0
1701158400000,0.077300,0.078160,0.076800,0.078030,606134930,1701172799999,46926678.881350,77743,308241116,23872222.016760,0
1701172800000,0.078040,0.080460,0.077510,0.080000,2724293756,1701187199999,216181692.628970,304325,1417784826,112494017.836300,0
1701187200000,0.080000,0.081000,0.079560,0.080310,1757333839,1701201599999,141159206.785380,199179,915516987,73556980.312280,0
1701201600000,0.080310,0.081250,0.079960,0.080870,1028328160,1701215999999,82860344.323760,122863,526451377,42422704.075310,0
