open_time,open,high,low,close,volume,close_time,quote_volume,count,taker_buy_volume,taker_buy_quote_volume,ignore
1719100800000,0.123680,0.124880,0.123620,0.124660,299638521,1719115199999,37244767.955220,74844,151687308,18852410.167230,0
1719115200000,0.124660,0.124980,0.124300,0.124870,190801990,1719129599999,23768115.610090,53547,93014416,11586445.483610,0
1719129600000,0.124880,0.125500,0.124040,0.124530,319333132,1719143999999,39850352.603610,75283,148897894,18583205.637740,0
1719144000000,0.124540,0.124820,0.122310,0.122660,393208571,1719158399999,48595285.030750,96666,181958133,22492978.449650,0
1719158400000,0.122650,0.123360,0.121760,0.123350,396785835,1719172799999,48648873.993780,105064,207009596,25381435.530030,0
1719172800000,0.123360,0.126350,0.120790,0.122140,1209326557,1719187199999,149518349.056200,266518,594744704,73545100.329610,0
