open_time,open,high,low,close,volume,close_time,quote_volume,count,taker_buy_volume,taker_buy_quote_volume,ignore
1707091200000,0.078270,0.078550,0.077260,0.078190,502841398,1707105599999,39157471.264840,72236,224934691,17521331.171350,0
1707105600000,0.078190,0.078890,0.077920,0.078750,327051881,1707119999999,25619936.349320,52388,172060045,13481884.836200,0
1707120000000,0.078740,0.080310,0.078630,0.079630,626584154,1707134399999,49819179.565910,84984,328446263,26109266.742160,0
1707134400000,0.079630,0.080120,0.078540,0.078700,591375507,1707148799999,47016039.108550,94161,286145688,22750345.539310,0
1707148800000,0.078700,0.079060,0.078380,0.078850,254825723,1707163199999,20057192.756650,53493,130588041,10280357.083540,0
1707163200000,0.078850,0.078880,0.077550,0.078310,452055898,1707177599999,35325346.165250,72863,194745938,15212052.011710,0
