open_time,open,high,low,close,volume,close_time,quote_volume,count,taker_buy_volume,taker_buy_quote_volume,ignore
1702425600000,0.093840,0.094500,0.090130,0.091050,1594935724,1702439999999,147015815.724930,252345,753664045,69494953.001100,0
1702440000000,0.091060,0.092170,0.089730,0.091590,1120182231,1702454399999,102137407.755790,173864,548011152,49983809.532760,0
1702454400000,0.091600,0.093260,0.091530,0.092230,753639423,1702468799999,69752368.368580,111624,385405459,35674974.160370,0
1702468800000,0.092220,0.093700,0.091820,0.093040,1336646287,1702483199999,124179215.496180,169483,613686281,57026325.850730,0
1702483200000,0.093040,0.095240,0.092370,0.094910,922766146,1702497599999,86358676.917350,152019,467837862,43793494.866500,0
1702497600000,0.094900,0.097590,0.094700,0.096470,1258292330,1702511999999,120973308.858860,181764,623400112,59941671.136020,0
