open_time,open,high,low,close,volume,close_time,quote_volume,count,taker_buy_volume,taker_buy_quote_volume,ignore
1718150400000,0.138010,0.138830,0.134530,0.138760,606637350,1718164799999,83063094.863170,203039,317594856,43516061.046620,0
1718164800000,0.138760,0.140270,0.138610,0.139980,331155275,1718179199999,46200938.333270,127325,161985106,22602805.931030,0
1718179200000,0.139970,0.141140,0.139030,0.139220,401437759,1718193599999,56243460.460380,134602,182841530,25628267.959920,0
1718193600000,0.139220,0.149990,0.139100,0.149480,2355552342,1718207999999,343829383.486390,590975,1301249355,189960311.975220,0
1718208000000,0.149490,0.150800,0.143210,0.144120,1629982276,1718222399999,241363983.178130,506529,817119021,121116408.396510,0
1718222400000,0.144120,0.146500,0.143210,0.146240,369562585,1718236799999,53755007.023070,136054,210231197,30571443.860940,0
