open_time,open,high,low,close,volume,close_time,quote_volume,count,taker_buy_volume,taker_buy_quote_volume,ignore
1726790400000,0.104960,0.106100,0.103550,0.106050,470367554,1726804799999,49180782.417350,137653,244230285,25552357.408080,0
1726804800000,0.106050,0.107470,0.105820,0.106620,664387353,1726819199999,70809102.330580,160491,295472897,31494282.998710,0
1726819200000,0.106620,0.107130,0.105550,0.105870,542133969,1726833599999,57737540.558340,128552,252539016,26904898.573080,0
1726833600000,0.105870,0.106550,0.103900,0.105120,752198698,1726847999999,79035952.834760,190611,370028861,38885685.950520,0
1726848000000,0.105130,0.105390,0.103680,0.104610,334923411,1726862399999,34994632.394030,122726,161826786,16908520.852580,0
1726862400000,0.104620,0.105840,0.104540,0.105480,198530732,1726876799999,20922417.210160,76320,89810145,9467315.562380,0
