open_time,open,high,low,close,volume,close_time,quote_volume,count,taker_buy_volume,taker_buy_quote_volume,ignore
1721952000000,0.125170,0.129550,0.124980,0.128630,732025454,1721966399999,93422295.075870,233396,376510177,48024428.676440,0
1721966400000,0.128630,0.129840,0.128290,0.129000,300911736,1721980799999,38863668.964900,127612,146397784,18908786.497630,0
1721980800000,0.129000,0.130350,0.128890,0.129690,333683756,1721995199999,43216910.207130,124168,159463396,20656313.524960,0
1721995200000,0.129700,0.130960,0.128920,0.130140,555711321,1722009599999,72178590.486910,187100,266250242,34584762.351070,0
1722009600000,0.130150,0.134750,0.129900,0.133530,843881561,1722023999999,111461810.492060,220951,461506460,60952917.034150,0
1722024000000,0.133540,0.134930,0.132320,0.134160,352089927,1722038399999,47096944.977840,136713,181040232,24215837.168320,0
