open_time,open,high,low,close,volume,close_time,quote_volume,count,taker_buy_volume,taker_buy_quote_volume,ignore
1719360000000,0.126100,0.128630,0.125690,0.127160,476274362,1719374399999,60532065.106000,137098,238564906,30319097.841990,0
1719374400000,0.127160,0.127270,0.125060,0.125760,383631958,1719388799999,48262868.489770,110701,180355020,22687580.923480,0
1719388800000,0.125750,0.125990,0.124070,0.124380,366295327,1719403199999,45728042.280220,106499,173476731,21659899.417350,0
1719403200000,0.124380,0.125340,0.122930,0.123790,502984624,1719417599999,62398698.694700,136965,254838470,31621118.927650,0
1719417600000,0.123790,0.124160,0.121770,0.124060,547732829,1719431999999,67364601.018160,144968,275576115,33900806.143110,0
1719432000000,0.124050,0.124470,0.122310,0.122740,335372778,1719446399999,41356413.268620,90239,146243878,18036421.596010,0
