open_time,open,high,low,close,volume,close_time,quote_volume,count,taker_buy_volume,taker_buy_quote_volume,ignore
1720915200000,0.112260,0.114570,0.111860,0.112550,681320120,1720929599999,76967827.973080,159268,327590217,37013065.562910,0
1720929600000,0.112550,0.114040,0.112360,0.113500,334097578,1720943999999,37906676.364500,102259,156870067,17799144.008840,0
1720944000000,0.113510,0.114200,0.112610,0.112770,280402495,1720958399999,31804430.099640,91309,134810850,15295156.660260,0
1720958400000,0.112780,0.112780,0.111050,0.112690,371680303,1720972799999,41590805.247500,104498,172873499,19343414.975190,0
1720972800000,0.112700,0.112860,0.112220,0.112580,144698063,1720987199999,16284694.224570,64199,61196582,6887109.606400,0
1720987200000,0.112590,0.116960,0.112480,0.115260,586196541,1721001599999,67377194.614040,160059,297768969,34208407.666510,0
