open_time,open,high,low,close,volume,close_time,quote_volume,count,taker_buy_volume,taker_buy_quote_volume,ignore
1714694400000,0.131870,0.135790,0.131170,0.135030,1086099418,1714708799999,145438127.285340,258718,545990048,73150082.094170,0
1714708800000,0.135030,0.135470,0.131660,0.132300,605521142,1714723199999,80760949.017220,164720,286732146,38248413.314870,0
1714723200000,0.132310,0.133660,0.131040,0.132570,647036080,1714737599999,85649434.871430,152575,317277905,42008875.895290,0
1714737600000,0.132560,0.139690,0.132360,0.138750,1842322982,1714751999999,252812449.684330,415407,924067376,126794726.781390,0
1714752000000,0.138760,0.140840,0.138750,0.140490,719421328,1714766399999,100662450.573660,170532,359154140,50251770.911720,0
1714766400000,0.140490,0.148000,0.140300,0.145970,1316013818,1714780799999,190280386.527410,321503,724912955,104763012.153600,0
