open_time,open,high,low,close,volume,close_time,quote_volume,count,taker_buy_volume,taker_buy_quote_volume,ignore
1701561600000,0.086230,0.087500,0.085340,0.085920,1146449455,1701575999999,98925853.978800,136454,565908043,48843878.851050,0
1701576000000,0.085930,0.086030,0.085020,0.085460,525193298,1701590399999,44900459.469580,74184,251897922,21540818.693360,0
1701590400000,0.085470,0.085550,0.084480,0.084850,611422873,1701604799999,51968501.353770,77965,276998886,23543247.187990,0
1701604800000,0.084850,0.085020,0.083590,0.084040,949913871,1701619199999,80027086.463940,134369,437618394,36872776.665490,0
1701619200000,0.084040,0.085580,0.083750,0.085380,919331184,1701633599999,77674108.409740,117836,488038691,41245101.352430,0
1701633600000,0.085380,0.086380,0.084550,0.085740,1516075954,1701647999999,129700735.574660,184251,752790258,64399410.275010,0
