open_time,open,high,low,close,volume,close_time,quote_volume,count,taker_buy_volume,taker_buy_quote_volume,ignore
1709510400000,0.153660,0.159220,0.144510,0.156760,3783205175,1709524799999,581124969.758130,1098943,1894641074,291189153.252870,0
1709524800000,0.156750,0.167280,0.155060,0.163890,3080588076,1709539199999,497155327.475770,925149,1576492406,254432383.883350,0
1709539200000,0.163900,0.172330,0.159170,0.162760,3253464575,1709553599999,536429992.649570,966585,1565497709,258351711.986210,0
1709553600000,0.162760,0.172220,0.157870,0.171980,3320399538,1709567999999,548196611.730970,971928,1632320485,269766674.362080,0
1709568000000,0.171960,0.185860,0.166940,0.178590,7179650290,1709582399999,1269559617.257100,2133468,3492971726,618058952.161640,0
1709582400000,0.178560,0.184930,0.172600,0.182180,2865769322,1709596799999,513013307.941280,1002301,1404569514,251603876.341990,0
