open_time,open,high,low,close,volume,close_time,quote_volume,count,taker_buy_volume,taker_buy_quote_volume,ignore
1715385600000,0.143800,0.146230,0.143470,0.143880,596482565,1715399999999,86232429.409550,184120,293339223,42413151.753440,0
1715400000000,0.143890,0.145130,0.143780,0.144430,298770300,1715414399999,43131930.097210,106929,150012781,21659031.436420,0
1715414400000,0.144420,0.144640,0.142420,0.143260,465200358,1715428799999,66703302.647210,133949,222353448,31883319.699340,0
1715428800000,0.143260,0.145880,0.143020,0.144470,639490689,1715443199999,92163509.109980,170983,318921160,45970184.021370,0
1715443200000,0.144480,0.145190,0.143870,0.144660,331348705,1715457599999,47906574.613990,117539,167140267,24167203.669440,0
1715457600000,0.144660,0.144680,0.142510,0.143000,309771222,1715471999999,44475144.691530,104129,145172166,20851668.479460,0
