open_time,open,high,low,close,volume,close_time,quote_volume,count,taker_buy_volume,taker_buy_quote_volume,ignore
1713052800000,0.152570,0.154640,0.143660,0.149100,2598777819,1713067199999,387269065.041050,880433,1285871440,191702387.448410,0
1713067200000,0.149090,0.160020,0.148120,0.158640,1933650921,1713081599999,301399457.577330,599864,957979809,149300188.707310,0
1713081600000,0.158640,0.159840,0.151010,0.152230,1720884340,1713095999999,267477925.784930,497294,828266862,128790171.375270,0
1713096000000,0.152230,0.156800,0.149440,0.151090,2234783523,1713110399999,340361646.674830,632646,1105770974,168458632.520770,0
1713110400000,0.151090,0.156960,0.145450,0.152370,3152742301,1713124799999,477022699.951450,853382,1565877964,236978055.564950,0
1713124800000,0.152370,0.165000,0.149030,0.161970,1976648152,1713139199999,311702062.928450,612066,989786321,156034775.192840,0
