open_time,open,high,low,close,volume,close_time,quote_volume,count,taker_buy_volume,taker_buy_quote_volume,ignore
1724630400000,0.109540,0.110270,0.107700,0.109290,448056124,1724644799999,48880618.748410,144078,212434211,23186879.128510,0
1724644800000,0.109290,0.109850,0.108090,0.108660,285751269,1724659199999,31122615.557360,107619,138873853,15126488.083470,0
1724659200000,0.108670,0.109660,0.108100,0.108730,389205466,1724673599999,42422680.324770,112548,178759036,19483139.694900,0
1724673600000,0.108740,0.108950,0.106100,0.106970,708300381,1724687999999,75919994.421060,196013,336089976,36022822.472370,0
1724688000000,0.106970,0.107490,0.104310,0.105430,590225871,1724702399999,62396141.114610,188122,275790494,29157360.925850,0
1724702400000,0.105420,0.105790,0.104380,0.105130,364085094,1724716799999,38309618.692640,103890,183056992,19265098.149350,0
