open_time,open,high,low,close,volume,close_time,quote_volume,count,taker_buy_volume,taker_buy_quote_volume,ignore
1730678400000,0.151290,0.154640,0.148150,0.151620,1705152196,1730692799999,258218677.914700,477148,863039212,130797528.694740,0
1730692800000,0.151610,0.152850,0.149360,0.150770,1014218767,1730707199999,153351938.531520,303692,490850705,74234421.945550,0
1730707200000,0.150760,0.158280,0.149500,0.156970,2625613911,1730721599999,407484392.254170,653845,1315500553,204158383.019570,0
1730721600000,0.156960,0.159860,0.154400,0.158110,3046326842,1730735999999,478880643.718700,774982,1512215793,237764751.461200,0
1730736000000,0.158100,0.160240,0.154360,0.159230,2992089512,1730750399999,470659469.238550,775900,1527975326,240385368.898160,0
1730750400000,0.159240,0.160190,0.151690,0.158170,2839538934,1730764799999,443438131.066690,796867,1372884984,214419871.923990,0
