open_time,open,high,low,close,volume,close_time,quote_volume,count,taker_buy_volume,taker_buy_quote_volume,ignore
1713657600000,0.162520,0.165780,0.159280,0.163180,1310826488,1713671999999,213253799.690320,505175,660781937,107538280.550810,0
1713672000000,0.163180,0.165210,0.161590,0.163010,800136448,1713686399999,130611620.720590,323765,407995677,66627092.627910,0
1713686400000,0.163000,0.163530,0.160580,0.161960,679856364,1713700799999,110097352.039000,304041,335668923,54364068.332140,0
1713700800000,0.161970,0.162480,0.158220,0.160130,945368461,1713715199999,151119779.402760,352350,452173435,72301153.903940,0
1713715200000,0.160130,0.160320,0.155010,0.157060,1366306453,1713729599999,214635566.140240,436394,650685365,102226482.512230,0
1713729600000,0.157050,0.160340,0.156630,0.158150,669068375,1713743999999,106122780.995830,265626,342673454,54354300.916350,0
