open_time,open,high,low,close,volume,close_time,quote_volume,count,taker_buy_volume,taker_buy_quote_volume,ignore
1706486400000,0.078800,0.079340,0.078390,0.079000,261371076,1706500799999,20625159.073380,51315,124697193,9841969.626570,0
1706500800000,0.079000,0.079220,0.078430,0.078470,323572199,1706515199999,25530468.976470,48679,159339449,12572372.032850,0
1706515200000,0.078460,0.082340,0.078140,0.080620,1817512245,1706529599999,146678913.502680,251399,919570275,74165806.754050,0
1706529600000,0.080610,0.083050,0.079900,0.082170,2000755293,1706543999999,162846644.100260,308386,982058132,79928677.075970,0
1706544000000,0.082170,0.082750,0.081430,0.082270,1045456809,1706558399999,85717834.041800,177310,511130986,41916258.136710,0
1706558400000,0.082260,0.082640,0.081160,0.081350,513341593,1706572799999,41993302.391270,82873,246750048,20193382.901450,0
