open_time,open,high,low,close,volume,close_time,quote_volume,count,taker_buy_volume,taker_buy_quote_volume,ignore
1702944000000,0.092140,0.093550,0.091720,0.092360,765586787,1702958399999,70887122.894920,127137,372658000,34508778.809030,0
1702958400000,0.092370,0.093360,0.092310,0.093200,549174609,1702972799999,51008287.119110,84991,279449987,25953216.538450,0
1702972800000,0.093210,0.093480,0.092140,0.092280,564258488,1702987199999,52337493.616790,94397,283327404,26280368.181730,0
1702987200000,0.092280,0.092450,0.090300,0.091360,1055736677,1703001599999,96480591.994610,153957,522141431,47720701.846540,0
1703001600000,0.091350,0.091720,0.089300,0.090380,1015909838,1703015999999,91733876.367690,158215,481240622,43451672.432290,0
1703016000000,0.090380,0.091320,0.089880,0.090250,573589188,1703030399999,51918526.137960,89724,279440871,25296037.980180,0
