open_time,open,high,low,close,volume,close_time,quote_volume,count,taker_buy_volume,taker_buy_quote_volume,ignore
1715040000000,0.156420,0.158670,0.153120,0.154810,1147565392,1715054399999,179020394.558240,291080,542416477,84633217.745510,0
1715054400000,0.154820,0.156900,0.154590,0.155930,717395611,1715068799999,111810024.068780,216198,361271384,56312257.268560,0
1715068800000,0.155930,0.159900,0.155660,0.156360,1510410909,1715083199999,238900959.238300,353496,740153026,117129344.140870,0
1715083200000,0.156360,0.159080,0.154750,0.156320,970599970,1715097599999,152040461.031450,298985,473825797,74245400.802480,0
1715097600000,0.156310,0.157070,0.152420,0.153440,778278932,1715111999999,120075718.093440,214030,371288231,57296411.101460,0
1715112000000,0.153430,0.154240,0.149250,0.149970,937632482,1715126399999,142004028.239420,251530,414402625,62772381.187850,0
