open_time,open,high,low,close,volume,close_time,quote_volume,count,taker_buy_volume,taker_buy_quote_volume,ignore
1718582400000,2429.90,2434.50,2380.30,2382.70,2406.545,1718596799999,5784204.65330,34162,1234.155,2965919.17900,0
1718596800000,2383.20,2417.00,2355.70,2384.70,3320.255,1718611199999,7927470.09380,39235,1714.475,4094701.70630,0
1718611200000,2384.20,2394.70,2331.00,2353.00,3819.607,1718625599999,9015544.81070,45328,2043.191,4823178.59630,0
1718625600000,2352.40,2360.30,2313.30,2314.90,2763.333,1718639999999,6454645.13100,37951,1405.283,3282980.07480,0
1718640000000,2315.20,2345.40,2261.60,2339.60,4107.275,1718654399999,9491848.83600,46450,2046.363,4731844.74560,0
1718654400000,2340.00,2340.50,2291.50,2292.90,1711.192,1718668799999,3952300.37650,26734,894.260,2065280.70250,0
