open_time,open,high,low,close,volume,close_time,quote_volume,count,taker_buy_volume,taker_buy_quote_volume,ignore
1729641600000,1216.20,1220.60,1187.70,1194.90,5243.505,1729655999999,6304668.44210,37354,2419.352,2909328.74640,0
1729656000000,1195.00,1203.30,1181.10,1201.20,4566.862,1729670399999,5440283.92370,33338,2367.703,2820837.97190,0
1729670400000,1201.20,1209.60,1168.60,1172.10,10480.745,1729684799999,12411178.05040,53005,4288.131,5075856.71490,0
1729684800000,1172.20,1179.30,1156.30,1164.80,7143.388,1729699199999,8348018.16980,46109,3390.431,3963420.14820,0
1729699200000,1164.80,1168.00,1125.90,1167.50,11726.181,1729713599999,13490843.61570,63911,5360.383,6174176.79180,0
1729713600000,1167.50,1173.20,1155.30,1160.30,3022.457,1729727999999,3519354.74720,25008,1357.482,1581019.26110,0
