open_time,open,high,low,close,volume,close_time,quote_volume,count,taker_buy_volume,taker_buy_quote_volume,ignore
1728950400000,1399.30,1411.70,1376.70,1380.70,8439.934,1728964799999,11792791.48240,58113,3567.803,4990199.33360,0
1728964800000,1380.50,1420.60,1378.00,1415.50,5899.808,1728979199999,8250173.65280,45515,3094.621,4329034.08270,0
1728979200000,1415.50,1441.60,1380.50,1389.40,12442.934,1728993599999,17615151.16640,80195,5505.882,7798932.25530,0
1728993600000,1389.60,1440.20,1352.70,1384.40,19663.928,1729007999999,27531399.43920,126755,8828.210,12368861.81990,0
1729008000000,1384.40,1404.90,1311.00,1325.80,13469.270,1729022399999,18239716.38100,80993,5950.933,8054544.81210,0
1729022400000,1325.50,1326.80,1290.10,1324.70,10514.288,1729036799999,13765020.70560,61530,4914.336,6439406.70620,0
