open_time,open,high,low,close,volume,close_time,quote_volume,count,taker_buy_volume,taker_buy_quote_volume,ignore
1721692800000,2687.10,2748.00,2682.70,2716.30,3122.784,1721707199999,8501431.33770,42769,1576.246,4290450.82850,0
1721707200000,2716.00,2721.50,2668.80,2686.90,3679.149,1721721599999,9886637.57070,50254,1735.504,4663199.45290,0
1721721600000,2686.80,2770.70,2683.30,2716.90,4629.608,1721735999999,12617483.17350,59662,2285.335,6230008.16600,0
1721736000000,2716.70,2779.10,2657.20,2731.20,9208.936,1721750399999,24929306.57200,95424,4538.140,12294635.57970,0
1721750400000,2731.40,2812.40,2672.50,2801.80,8450.735,1721764799999,23123794.53850,96981,4701.939,12872752.51530,0
1721764800000,2800.90,2854.70,2781.60,2816.70,5252.023,1721779199999,14783146.36170,68056,2683.470,7556043.83400,0
