open_time,open,high,low,close,volume,close_time,quote_volume,count,taker_buy_volume,taker_buy_quote_volume,ignore
1722297600000,2822.10,2856.90,2760.40,2813.60,6756.629,1722311999999,18975103.36070,80593,3351.656,9416842.42810,0
1722312000000,2813.50,2848.30,2786.10,2834.90,3433.970,1722326399999,9690126.26910,48739,1663.815,4694334.40000,0
1722326400000,2834.80,2856.10,2802.60,2835.80,3931.822,1722340799999,11115227.65630,51014,1864.875,5272352.07290,0
1722340800000,2836.00,2855.40,2803.00,2851.00,4742.105,1722355199999,13414557.99830,66126,2444.531,6916037.00610,0
1722355200000,2851.00,2853.50,2744.00,2757.20,5929.926,1722369599999,16525634.17600,69323,2512.127,7003705.70100,0
1722369600000,2757.30,2782.50,2733.00,2774.00,2687.177,1722383999999,7421960.32450,44982,1256.957,3473059.10130,0
