open_time,open,high,low,close,volume,close_time,quote_volume,count,taker_buy_volume,taker_buy_quote_volume,ignore
1717459200000,2579.00,2593.00,2553.10,2587.20,1366.834,1717473599999,3518552.22220,22280,646.140,1663914.74850,0
1717473600000,2587.20,2594.30,2562.70,2579.00,1133.876,1717487999999,2922610.78100,21622,489.854,1262813.94970,0
1717488000000,2579.00,2590.20,2563.90,2575.00,1000.163,1717502399999,2574857.73610,18964,482.763,1242930.64700,0
1717502400000,2575.20,2613.90,2560.40,2604.80,1907.407,1717516799999,4931493.65980,29012,1010.927,2614159.32220,0
1717516800000,2604.90,2631.90,2589.90,2625.20,2624.510,1717531199999,6852166.77350,36833,1280.270,3343653.15920,0
1717531200000,2625.20,2687.60,2617.20,2636.40,3642.941,1717545599999,9637768.18510,40194,2086.588,5522315.26320,0
