open_time,open,high,low,close,volume,close_time,quote_volume,count,taker_buy_volume,taker_buy_quote_volume,ignore
1709596800000,2097.00,2115.00,2064.20,2098.30,2299.920,1709611199999,4811513.64240,40685,1179.688,2468006.14340,0
1709611200000,2098.30,2204.00,2098.10,2142.10,7219.752,1709625599999,15530447.09630,98332,3560.608,7660157.54750,0
1709625600000,2142.20,2197.00,2131.50,2176.50,2725.077,1709639999999,5917100.52730,43904,1251.914,2716586.58440,0
1709640000000,2176.50,2193.60,2078.50,2096.30,8807.495,1709654399999,18770638.94430,100379,4562.584,9719893.28470,0
1709654400000,2096.80,2111.80,1741.00,1912.30,15838.973,1709668799999,31998183.98470,181310,7371.270,14937605.91970,0
1709668800000,1912.50,2008.50,1886.10,1997.00,11571.148,1709683199999,22553736.52180,145566,5792.067,11288264.93720,0
