open_time,open,high,low,close,volume,close_time,quote_volume,count,taker_buy_volume,taker_buy_quote_volume,ignore
1725667200000,1530.30,1538.40,1520.40,1531.80,1692.036,1725681599999,2590395.18300,18018,819.967,1255574.01600,0
1725681600000,1531.80,1556.60,1529.10,1551.10,1939.358,1725695999999,2992185.13820,19641,999.408,1542258.76430,0
1725696000000,1550.70,1557.50,1544.70,1554.50,1527.011,1725710399999,2368985.47100,16621,748.765,1161794.29090,0
1725710400000,1554.60,1563.20,1545.40,1555.20,1966.421,1725724799999,3057767.85770,17976,935.230,1454695.90240,0
1725724800000,1555.10,1558.20,1531.00,1541.20,2253.701,1725739199999,3474972.51500,20008,1024.804,1580280.54320,0
1725739200000,1541.00,1542.20,1524.20,1541.10,1603.358,1725753599999,2459192.42000,15259,840.780,1289884.59160,0
