open_time,open,high,low,close,volume,close_time,quote_volume,count,taker_buy_volume,taker_buy_quote_volume,ignore
1724284800000,2033.90,2037.60,1985.20,2003.40,3604.031,1724299199999,7265426.04690,26859,1668.097,3362952.11590,0
1724299200000,2003.50,2030.30,2000.00,2025.00,1751.288,1724313599999,3536905.80980,18429,944.478,1907002.85310,0
1724313600000,2025.00,2056.20,2018.80,2048.70,1905.139,1724327999999,3874284.31830,18302,958.384,1949272.38770,0
1724328000000,2048.60,2053.30,2008.80,2014.80,3312.955,1724342399999,6737567.40500,31530,1632.643,3320114.20560,0
1724342400000,2014.50,2034.30,2006.10,2016.00,2362.257,1724356799999,4765938.99210,22254,1092.514,2203731.95000,0
1724356800000,2016.20,2030.90,2016.10,2023.30,1162.991,1724371199999,2352719.82770,14390,593.190,1200015.69060,0
