open_time,open,high,low,close,volume,close_time,quote_volume,count,taker_buy_volume,taker_buy_quote_volume,ignore
1703980800000,1602.90,1618.20,1590.70,1612.90,6021.334,1703995199999,9660891.71350,40378,3128.542,5020222.42010,0
1703995200000,1612.90,1618.50,1580.70,1584.30,4768.115,1704009599999,7613313.90950,33265,2190.302,3497550.14150,0
1704009600000,1584.30,1640.30,1578.70,1634.60,7818.244,1704023999999,12595229.83310,52495,3817.390,6147140.19820,0
1704024000000,1634.70,1679.30,1629.60,1662.40,12649.928,1704038399999,20890807.44420,74705,6074.180,10036360.04820,0
1704038400000,1662.60,1764.00,1651.40,1726.20,18713.527,1704052799999,32074620.18150,117653,9639.486,16520600.85520,0
1704052800000,1726.30,1750.00,1681.10,1701.40,10511.806,1704067199999,18093588.53340,82532,4884.495,8412346.87950,0
