open_time,open,high,low,close,volume,close_time,quote_volume,count,taker_buy_volume,taker_buy_quote_volume,ignore
1709424000000,2144.10,2156.00,2130.40,2148.00,2476.191,1709438399999,5312707.75240,35890,1098.816,2357785.47230,0
1709438400000,2148.10,2155.70,2000.00,2055.60,6795.599,1709452799999,14134427.04700,76048,3228.248,6710354.93710,0
1709452800000,2055.60,2076.60,2048.30,2075.40,4213.281,1709467199999,8690069.64110,60877,2057.618,4243833.18970,0
1709467200000,2075.00,2087.80,2062.80,2075.20,3359.374,1709481599999,6981025.51940,44976,1499.390,3117093.80550,0
1709481600000,2074.90,2101.30,2070.60,2099.70,1888.403,1709495999999,3942251.59710,32115,906.982,1894124.21730,0
1709496000000,2099.30,2111.80,2090.80,2096.50,1260.165,1709510399999,2646867.67630,24380,583.580,1225874.76080,0
