open_time,open,high,low,close,volume,close_time,quote_volume,count,taker_buy_volume,taker_buy_quote_volume,ignore
1719532800000,2598.50,2601.60,2562.80,2583.10,3979.649,1719547199999,10264842.69780,56138,2013.211,5192805.90670,0
1719547200000,2583.30,2609.00,2567.60,2581.10,3458.491,1719561599999,8952516.15380,56345,1742.139,4510262.13450,0
1719561600000,2581.10,2635.20,2572.30,2615.30,3622.631,1719575999999,9440773.78610,52342,1870.219,4874831.73470,0
1719576000000,2615.30,2656.30,2574.90,2574.90,6394.400,1719590399999,16710567.88370,85961,2978.024,7782446.56490,0
1719590400000,2575.40,2595.20,2517.70,2527.60,8299.671,1719604799999,21165171.10090,92906,4075.849,10391905.56930,0
1719604800000,2527.70,2534.50,2508.70,2519.80,2926.556,1719619199999,7378165.15180,44580,1535.128,3870217.74820,0
