open_time,open,high,low,close,volume,close_time,quote_volume,count,taker_buy_volume,taker_buy_quote_volume,ignore
1707436800000,1939.50,1967.30,1934.30,1958.40,1876.674,1707451199999,3665464.79790,24011,824.401,1610917.18470,0
1707451200000,1958.40,1977.50,1951.00,1975.20,1318.406,1707465599999,2589166.56360,17190,624.990,1227611.47780,0
1707465600000,1974.80,1990.70,1971.00,1984.70,1991.196,1707479999999,3946006.09410,21024,900.826,1785622.98500,0
1707480000000,1984.90,1989.50,1943.70,1956.80,4199.461,1707494399999,8273348.49990,38960,2120.113,4178368.80420,0
1707494400000,1956.70,1975.90,1942.20,1964.50,2090.636,1707508799999,4101346.46990,24770,1043.252,2046072.42540,0
1707508800000,1964.60,1975.00,1960.30,1969.20,880.440,1707523199999,1732384.39400,15082,354.438,697583.41170,0
