open_time,open,high,low,close,volume,close_time,quote_volume,count,taker_buy_volume,taker_buy_quote_volume,ignore
1716163200000,2773.80,2781.30,2725.90,2773.40,2111.235,1716177599999,5821362.76060,32582,924.434,2549444.17200,0
1716177600000,2773.30,2818.90,2760.30,2790.70,2219.344,1716191999999,6205104.55990,34746,980.894,2740939.71120,0
1716192000000,2790.80,2805.00,2778.60,2795.40,1175.679,1716206399999,3285902.18560,21906,556.809,1556417.44130,0
1716206400000,2795.80,2810.00,2767.20,2783.00,2098.144,1716220799999,5848122.90530,31995,1025.479,2858371.00250,0
1716220800000,2783.10,2963.20,2767.30,2942.70,5559.248,1716235199999,15910072.41290,77249,2780.031,7954631.59350,0
1716235200000,2942.70,3176.30,2920.80,3166.70,7327.239,1716249599999,22504593.58270,101589,3656.228,11217301.14600,0
