open_time,open,high,low,close,volume,close_time,quote_volume,count,taker_buy_volume,taker_buy_quote_volume,ignore
1706400000000,2002.90,2030.00,1992.20,2013.80,2785.399,1706414399999,5609802.19710,27809,1415.210,2852492.79240,0
1706414400000,2013.70,2031.30,2000.50,2002.10,2343.466,1706428799999,4723995.45910,24743,1129.611,2277797.78480,0
1706428800000,2002.10,2013.40,1998.30,2005.80,2120.875,1706443199999,4250341.64780,21496,1080.192,2164692.19340,0
1706443200000,2005.80,2006.40,1982.20,1995.40,2440.500,1706457599999,4869675.65900,26519,1049.360,2094311.93710,0
1706457600000,1995.90,2001.00,1965.60,1971.40,2757.435,1706471999999,5463963.57770,29338,1304.778,2585372.57920,0
1706472000000,1971.30,1975.80,1952.00,1957.70,2338.570,1706486399999,4587991.69350,28781,1189.754,2334810.26930,0
