open_time,open,high,low,close,volume,close_time,quote_volume,count,taker_buy_volume,taker_buy_quote_volume,ignore
1725321600000,1755.50,1774.40,1753.90,1761.20,2405.719,1725335999999,4242943.77570,28810,1120.233,1975831.67840,0
1725336000000,1760.80,1764.20,1748.40,1754.10,1528.047,1725350399999,2683794.30820,18810,731.694,1285111.21330,0
1725350400000,1754.20,1757.90,1740.70,1747.00,2277.120,1725364799999,3982368.23390,22841,1120.436,1959724.94680,0
1725364800000,1746.90,1757.10,1676.60,1677.80,5112.090,1725379199999,8774964.41310,44088,2277.689,3913754.43710,0
1725379200000,1677.90,1692.40,1666.30,1690.50,3967.875,1725393599999,6667136.84280,39152,2176.697,3657791.93260,0
1725393600000,1690.70,1699.20,1670.30,1678.80,2934.510,1725407999999,4945490.54530,26957,1571.685,2648004.13430,0
