open_time,open,high,low,close,volume,close_time,quote_volume,count,taker_buy_volume,taker_buy_quote_volume,ignore
1716422400000,2943.20,2968.70,2931.80,2965.80,1063.006,1716436799999,3135147.03340,23516,512.097,1510645.08840,0
1716436800000,2965.40,2968.60,2935.20,2953.60,1491.533,1716451199999,4402710.15610,24842,822.070,2426720.67310,0
1716451200000,2953.70,2953.70,2911.40,2952.30,3184.838,1716465599999,9332931.02550,42111,1669.112,4891589.11990,0
1716465600000,2952.70,2978.00,2775.00,2846.90,10072.338,1716479999999,29016882.75680,104528,4595.936,13246759.17470,0
1716480000000,2847.00,2850.60,2775.00,2815.20,3320.189,1716494399999,9356369.73750,52548,1574.600,4438874.94640,0
1716494400000,2815.30,2881.60,2630.00,2838.60,8687.624,1716508799999,24342646.83420,92986,4273.654,12002051.90110,0
