open_time,open,high,low,close,volume,close_time,quote_volume,count,taker_buy_volume,taker_buy_quote_volume,ignore
1729900800000,1062.90,1088.40,1056.00,1086.20,7256.588,1729915199999,7782967.77110,41856,3537.768,3794798.79230,0
1729915200000,1086.30,1092.20,1081.80,1086.90,2577.414,1729929599999,2802339.01600,23193,1232.921,1340531.43380,0
1729929600000,1087.00,1104.10,1086.30,1101.10,2807.442,1729943999999,3070559.31080,19323,1346.321,1472886.17970,0
1729944000000,1101.20,1136.70,1090.00,1100.60,14396.854,1729958399999,16001410.66250,71850,6770.891,7524487.97180,0
1729958400000,1100.60,1118.60,1098.30,1115.90,4680.562,1729972799999,5183974.16500,29953,2365.796,2621579.30230,0
1729972800000,1115.90,1123.50,1098.50,1101.80,3822.865,1729987199999,4239742.10690,22054,1645.385,1825326.46820,0
