open_time,open,high,low,close,volume,close_time,quote_volume,count,taker_buy_volume,taker_buy_quote_volume,ignore
1731196800000,1493.80,1499.30,1454.20,1491.50,9261.385,1731211199999,13684276.21800,57218,4361.826,6449312.08450,0
1731211200000,1491.60,1541.90,1490.80,1504.90,14878.684,1731225599999,22597376.09620,79328,7195.584,10929361.39370,0
1731225600000,1504.90,1546.50,1490.90,1541.80,11478.976,1731239999999,17395839.53150,72861,5931.500,8995227.74850,0
1731240000000,1541.40,1555.40,1511.20,1541.40,15501.384,1731254399999,23743364.89660,81894,7039.215,10789837.18360,0
1731254400000,1541.70,1557.90,1481.10,1501.50,14653.070,1731268799999,22382549.39850,76226,6759.538,10343616.42240,0
1731268800000,1501.70,1508.80,1411.10,1469.00,15323.753,1731283199999,22421320.15290,93344,7460.183,10927716.89890,0
