open_time,open,high,low,close,volume,close_time,quote_volume,count,taker_buy_volume,taker_buy_quote_volume,ignore
1713657600000,3118.70,3160.40,3100.00,3124.60,2749.959,1713671999999,8604335.08370,59627,1414.207,4426361.38840,0
1713672000000,3124.20,3148.50,3049.20,3072.50,3155.950,1713686399999,9747734.92700,57833,1552.542,4792276.34370,0
1713686400000,3072.30,3091.40,3044.90,3070.00,2204.635,1713700799999,6766997.15850,48741,1060.440,3255331.22210,0
1713700800000,3070.00,3076.40,3036.30,3048.00,2719.171,1713715199999,8311073.66550,54733,1212.557,3706835.76860,0
1713715200000,3048.00,3053.30,2979.70,2979.70,3380.291,1713729599999,10154046.09090,72251,1710.489,5136955.03790,0
1713729600000,2979.60,3012.90,2972.00,3000.30,2321.302,1713743999999,6947602.97820,51976,1170.852,3503741.67520,0
