open_time,open,high,low,close,volume,close_time,quote_volume,count,taker_buy_volume,taker_buy_quote_volume,ignore
1714262400000,2992.10,3037.50,2979.20,3013.30,2345.102,1714276799999,7054981.31270,41864,1239.197,3726808.82070,0
1714276800000,3013.50,3074.90,3001.30,3063.80,2344.007,1714291199999,7133496.26350,39269,1287.967,3920125.33850,0
1714291200000,3063.70,3077.40,3032.10,3053.40,2100.908,1714305599999,6408057.70360,37665,982.161,2996839.30620,0
1714305600000,3053.40,3097.40,3048.70,3082.10,2804.813,1714319999999,8617625.54780,44655,1330.192,4087991.82460,0
1714320000000,3082.00,3145.30,3081.20,3118.10,2968.439,1714334399999,9247215.83080,45336,1487.267,4631856.71710,0
1714334400000,3118.00,3149.10,3061.00,3066.80,3902.042,1714348799999,12126376.97390,53308,1823.650,5669913.18680,0
