open_time,open,high,low,close,volume,close_time,quote_volume,count,taker_buy_volume,taker_buy_quote_volume,ignore
1722470400000,2799.20,2814.40,2720.80,2747.30,4535.526,1722484799999,12528178.30660,65243,1965.815,5431428.44300,0
1722484800000,2747.30,2759.70,2674.20,2717.00,4915.712,1722499199999,13307486.71980,68624,2486.124,6728682.43940,0
1722499200000,2716.90,2741.30,2682.70,2722.20,3212.466,1722513599999,8709316.18390,44349,1597.306,4330102.33620,0
1722513600000,2722.10,2736.50,2650.00,2713.20,6539.637,1722527999999,17663151.92090,75976,3187.284,8611238.15520,0
1722528000000,2713.20,2754.20,2637.30,2742.40,8844.461,1722542399999,23857661.60990,101106,4448.094,11998460.15040,0
1722542400000,2742.40,2770.70,2707.90,2738.80,4496.000,1722556799999,12314692.08840,62669,2241.850,6140576.73240,0
