open_time,open,high,low,close,volume,close_time,quote_volume,count,taker_buy_volume,taker_buy_quote_volume,ignore
1731888000000,1479.20,1516.50,1476.30,1510.30,4604.320,1731902399999,6906931.92450,41490,2205.519,3307989.86710,0
1731902400000,1510.30,1525.80,1497.00,1520.00,6323.807,1731916799999,9570849.03750,38064,3500.443,5299507.32850,0
1731916800000,1520.10,1520.50,1470.10,1474.20,4002.360,1731931199999,5975316.26920,36057,1614.680,2411692.28000,0
1731931200000,1474.20,1514.90,1462.50,1513.30,6257.931,1731945599999,9292157.65610,54554,3061.744,4550447.02830,0
1731945600000,1513.30,1551.70,1498.00,1523.60,8499.239,1731959999999,12978386.48930,67952,3919.632,5990288.47500,0
1731960000000,1523.60,1564.40,1517.00,1557.90,5146.633,1731974399999,7920831.04540,44434,2704.003,4162926.48050,0
