open_time,open,high,low,close,volume,close_time,quote_volume,count,taker_buy_volume,taker_buy_quote_volume,ignore
1705968000000,1933.30,1962.30,1925.10,1953.10,2356.510,1705982399999,4579445.67910,29094,1121.868,2179179.11050,0
1705982400000,1952.10,1987.50,1950.70,1965.70,3873.211,1705996799999,7637018.54390,39056,2022.377,3988446.69550,0
1705996800000,1965.70,1970.00,1892.30,1902.10,8251.599,1706011199999,15902777.93870,89186,4164.804,8024538.32820,0
1706011200000,1902.10,1925.00,1862.00,1914.90,6280.348,1706025599999,11892472.87470,64008,3405.347,6448596.38070,0
1706025600000,1915.00,1918.20,1884.50,1889.50,3082.286,1706039999999,5857963.11780,39836,1520.701,2890310.55590,0
1706040000000,1888.40,1935.50,1882.70,1931.00,2468.070,1706054399999,4719550.23050,34643,1149.952,2198858.97920,0
