open_time,open,high,low,close,volume,close_time,quote_volume,count,taker_buy_volume,taker_buy_quote_volume,ignore
1721865600000,2706.00,2734.90,2623.50,2633.80,7236.747,1721879999999,19276118.92090,91263,3371.421,8982565.82500,0
1721880000000,2634.10,2677.50,2594.90,2598.50,4292.341,1721894399999,11314993.61110,53975,1828.224,4825024.08240,0
1721894400000,2598.60,2632.60,2588.30,2603.10,3619.329,1721908799999,9446112.98620,42391,1703.228,4444416.20610,0
1721908800000,2603.00,2678.30,2574.00,2646.40,7079.809,1721923199999,18628372.56700,75842,3439.063,9053586.83820,0
1721923200000,2645.90,2686.20,2611.60,2631.70,3625.580,1721937599999,9611617.25950,52653,1794.651,4759148.14780,0
1721937600000,2631.80,2668.80,2596.20,2639.60,3243.310,1721951999999,8541388.69040,47156,1583.752,4173015.44220,0
