open_time,open,high,low,close,volume,close_time,quote_volume,count,taker_buy_volume,taker_buy_quote_volume,ignore
1719878400000,2566.20,2595.00,2552.80,2580.60,2266.144,1719892799999,5824932.07950,28485,1169.282,3005353.60750,0
1719892800000,2580.60,2591.40,2550.00,2561.90,3906.395,1719907199999,10045983.36610,31949,1850.997,4761235.16150,0
1719907200000,2561.90,2580.40,2555.30,2571.70,1556.082,1719921599999,3998952.27360,26081,815.920,2096759.43980,0
1719921600000,2571.60,2572.80,2532.70,2541.70,2774.917,1719935999999,7073876.90720,38924,1344.417,3427579.27910,0
1719936000000,2541.50,2552.90,2530.00,2550.60,1939.822,1719950399999,4930503.51780,27461,920.617,2340291.45300,0
1719950400000,2550.70,2564.60,2544.30,2564.00,1406.128,1719964799999,3592043.74830,21699,685.441,1751014.36690,0
