open_time,open,high,low,close,volume,close_time,quote_volume,count,taker_buy_volume,taker_buy_quote_volume,ignore
1707350400000,1949.10,1965.10,1944.00,1950.20,1269.448,1707364799999,2480141.32770,17834,655.705,1281163.74530,0
1707364800000,1950.10,1956.00,1941.00,1942.30,1222.825,1707379199999,2382455.37820,15136,546.905,1065530.56260,0
1707379200000,1942.20,1954.70,1936.20,1940.20,1564.486,1707393599999,3040809.36610,16634,865.975,1683330.84880,0
1707393600000,1940.10,1955.50,1930.10,1941.70,3270.732,1707407999999,6357354.73830,29069,1629.919,3168489.35080,0
1707408000000,1941.30,1943.80,1925.10,1926.00,2307.544,1707422399999,4460823.38540,28190,1108.845,2143763.36520,0
1707422400000,1926.30,1944.60,1917.50,1939.10,1606.292,1707436799999,3100317.51740,21631,759.487,1466145.62260,0
