open_time,open,high,low,close,volume,close_time,quote_volume,count,taker_buy_volume,taker_buy_quote_volume,ignore
1728000000000,1433.90,1448.40,1423.70,1436.90,2226.249,1728014399999,3198852.86760,26701,1143.331,1643193.48330,0
1728014400000,1436.60,1457.10,1436.00,1451.40,2263.380,1728028799999,3277638.38350,26693,1057.600,1531804.52920,0
1728028800000,1451.60,1460.70,1442.30,1453.40,2083.245,1728043199999,3021263.54330,25122,1026.975,1489717.85620,0
1728043200000,1453.30,1458.10,1425.70,1456.10,5161.472,1728057599999,7466192.00820,48351,2503.233,3621288.83880,0
1728057600000,1455.80,1467.00,1451.30,1457.10,2935.300,1728071999999,4281788.66640,31550,1517.420,2213728.79550,0
1728072000000,1457.40,1461.20,1451.40,1459.00,1349.827,1728086399999,1966740.81990,16663,715.265,1042195.99800,0
