open_time,open,high,low,close,volume,close_time,quote_volume,count,taker_buy_volume,taker_buy_quote_volume,ignore
1710201600000,2609.90,2649.50,2556.40,2591.80,5927.116,1710215999999,15488849.73380,66432,2598.980,6801216.98170,0
1710216000000,2591.90,2634.90,2574.20,2577.60,4552.296,1710230399999,11839475.48150,63256,2417.335,6283773.60490,0
1710230400000,2577.60,2595.80,2531.40,2558.30,5067.994,1710244799999,12976877.29060,65880,2627.428,6728919.45430,0
1710244800000,2558.40,2572.00,2460.90,2484.00,8216.308,1710259199999,20727036.88990,102512,3687.507,9307132.72970,0
1710259200000,2483.90,2962.80,2449.90,2721.00,37791.900,1710273599999,101154516.19150,351324,19267.708,51521886.83650,0
1710273600000,2720.40,2741.50,2565.10,2637.10,13276.993,1710287999999,34949562.04360,131218,6746.123,17744651.56730,0
