open_time,open,high,low,close,volume,close_time,quote_volume,count,taker_buy_volume,taker_buy_quote_volume,ignore
1723852800000,1972.00,1975.90,1955.20,1960.80,1471.213,1723867199999,2894769.17080,21862,693.386,1364627.65880,0
1723867200000,1961.00,1978.50,1958.60,1972.40,1411.995,1723881599999,2778077.78510,18577,839.185,1651178.39220,0
1723881600000,1972.40,1975.20,1952.20,1952.90,2314.378,1723895999999,4541866.80780,21748,1208.280,2370996.22230,0
1723896000000,1952.80,1969.40,1936.00,1938.70,2286.859,1723910399999,4459393.62850,26400,1090.240,2126089.35970,0
1723910400000,1938.70,1957.70,1935.10,1949.60,2314.488,1723924799999,4507759.01300,22984,1207.436,2352218.91310,0
1723924800000,1949.60,1956.50,1933.40,1954.10,1367.169,1723939199999,2662701.16880,15514,628.643,1224229.00990,0
