open_time,open,high,low,close,volume,close_time,quote_volume,count,taker_buy_volume,taker_buy_quote_volume,ignore
1731024000000,1508.80,1530.50,1454.10,1473.70,22099.990,1731038399999,32918713.33670,116321,10184.265,15180331.74230,0
1731038400000,1473.90,1488.90,1464.70,1470.70,8467.128,1731052799999,12507153.99550,66268,4480.738,6618484.01000,0
1731052800000,1470.70,1504.80,1459.40,1495.50,9677.415,1731067199999,14293464.45100,63223,5436.074,8029747.61540,0
1731067200000,1495.60,1527.00,1475.90,1498.80,17154.165,1731081599999,25781886.50150,112381,8127.865,12227547.35270,0
1731081600000,1498.60,1500.00,1465.00,1479.40,11243.063,1731095999999,16658471.73360,87991,5376.689,7970056.66540,0
1731096000000,1479.10,1489.70,1465.00,1483.40,4774.887,1731110399999,7050263.22170,41671,2311.657,3414056.79070,0
