open_time,open,high,low,close,volume,close_time,quote_volume,count,taker_buy_volume,taker_buy_quote_volume,ignore
1730332800000,1247.60,1260.00,1238.50,1259.20,8424.220,1730347199999,10520804.70140,60172,4080.935,5096500.51460,0
1730347200000,1259.30,1295.00,1258.20,1290.80,21298.619,1730361599999,27251267.85010,103695,10241.835,13106054.20930,0
1730361600000,1290.80,1335.00,1272.00,1332.90,27524.554,1730375999999,35787332.64550,148735,13950.051,18157618.47090,0
1730376000000,1333.00,1335.60,1261.70,1286.20,42697.874,1730390399999,55152548.52340,205785,20187.535,26053590.16730,0
1730390400000,1286.10,1289.90,1242.00,1243.80,18392.448,1730404799999,23288603.08720,110838,8422.128,10672288.22710,0
1730404800000,1243.50,1281.80,1242.70,1272.10,10803.355,1730419199999,13652704.72590,67960,5756.297,7276127.81950,0
