open_time,open,high,low,close,volume,close_time,quote_volume,count,taker_buy_volume,taker_buy_quote_volume,ignore
1703548800000,1407.30,1422.60,1403.40,1420.60,2146.996,1703563199999,3034349.86810,17760,1144.908,1617908.87250,0
1703563200000,1420.70,1430.40,1389.30,1417.60,15543.819,1703577599999,21941151.74210,62281,7901.268,11153205.26730,0
1703577600000,1417.70,1445.80,1412.20,1441.70,6050.220,1703591999999,8629074.63120,39022,2890.328,4123537.39530,0
1703592000000,1441.50,1459.60,1425.80,1428.20,6932.194,1703606399999,10008102.74320,43633,3224.860,4658096.98800,0
1703606400000,1428.60,1442.30,1358.00,1390.00,9443.968,1703620799999,13241569.52990,65219,4636.011,6504951.98990,0
1703620800000,1389.90,1420.00,1389.00,1416.80,3356.246,1703635199999,4711801.98070,24795,1611.155,2261169.61950,0
