open_time,open,high,low,close,volume,close_time,quote_volume,count,taker_buy_volume,taker_buy_quote_volume,ignore
1719619200000,2519.90,2570.40,2518.80,2520.50,3802.126,1719633599999,9669832.05200,47651,1923.297,4893319.81510,0
1719633600000,2521.10,2536.60,2475.20,2493.90,4887.833,1719647999999,12243055.44040,52854,2381.594,5967384.48130,0
1719648000000,2493.60,2496.20,2470.50,2480.70,2416.955,1719662399999,6001840.91760,33472,1246.306,3095315.33750,0
1719662400000,2480.80,2490.80,2448.90,2454.20,2593.271,1719676799999,6393316.92850,34396,1229.037,3030957.30830,0
1719676800000,2454.30,2465.80,2440.60,2461.00,1821.432,1719691199999,4465531.21990,27818,926.637,2272157.91080,0
1719691200000,2461.00,2464.40,2415.60,2439.10,3143.199,1719705599999,7662812.63210,32428,1292.482,3151971.63460,0
