open_time,open,high,low,close,volume,close_time,quote_volume,count,taker_buy_volume,taker_buy_quote_volume,ignore
1713312000000,3256.90,3298.20,3211.60,3258.90,4999.659,1713326399999,16267892.31720,83257,2585.879,8414380.86140,0
1713326400000,3259.00,3301.20,3217.00,3243.70,3906.728,1713340799999,12747421.30890,70479,1900.494,6203329.87130,0
1713340800000,3243.10,3279.50,3199.70,3218.80,3800.703,1713355199999,12337271.48550,68155,1856.198,6028162.40690,0
1713355200000,3218.80,3228.20,3102.30,3130.50,6901.778,1713369599999,21800613.20490,126630,3397.432,10731345.60010,0
1713369600000,3130.60,3243.90,3085.20,3203.10,6386.360,1713383999999,20299240.29790,112736,3173.884,10081817.50650,0
1713384000000,3203.60,3219.20,3136.90,3142.30,3237.544,1713398399999,10271702.41340,69699,1544.912,4902199.77610,0
