open_time,open,high,low,close,volume,close_time,quote_volume,count,taker_buy_volume,taker_buy_quote_volume,ignore
1714608000000,2725.50,2729.20,2650.60,2685.80,2890.082,1714622399999,7755037.94840,56961,1381.161,3708295.19330,0
1714622400000,2685.70,2710.10,2674.10,2685.50,1992.082,1714636799999,5366073.50810,40717,980.509,2641367.93380,0
1714636800000,2685.50,2739.00,2682.70,2727.20,2298.857,1714651199999,6240341.92290,44398,1185.872,3219124.78510,0
1714651200000,2727.40,2766.60,2708.50,2746.80,3202.631,1714665599999,8771840.86400,53990,1457.852,3992461.79330,0
1714665600000,2746.80,2789.50,2735.50,2760.70,1981.896,1714679999999,5472837.87830,42568,947.551,2616839.06950,0
1714680000000,2760.20,2782.60,2732.00,2762.60,1317.723,1714694399999,3638600.83570,34853,617.541,1705216.58760,0
