open_time,open,high,low,close,volume,close_time,quote_volume,count,taker_buy_volume,taker_buy_quote_volume,ignore
1730419200000,1272.10,1305.70,1265.40,1278.00,21761.064,1730433599999,27914186.06100,133254,10981.661,14090199.70060,0
1730433600000,1278.10,1309.70,1257.30,1266.00,22384.324,1730447999999,28777252.76300,125994,10828.696,13928042.40150,0
1730448000000,1266.00,1286.50,1250.40,1270.20,12772.684,1730462399999,16224251.55230,83404,6332.663,8044061.65870,0
1730462400000,1270.20,1319.90,1261.20,1271.00,22821.793,1730476799999,29475555.72440,152039,11072.234,14298397.08220,0
1730476800000,1270.80,1290.90,1257.00,1260.30,9205.447,1730491199999,11716165.13040,70710,4613.019,5873646.45020,0
1730491200000,1260.20,1269.00,1250.20,1266.70,5122.780,1730505599999,6451253.20930,40482,2518.310,3171909.48930,0
