open_time,open,high,low,close,volume,close_time,quote_volume,count,taker_buy_volume,taker_buy_quote_volume,ignore
1728604800000,1354.60,1371.30,1351.30,1361.70,1930.496,1728619199999,2627167.39830,22895,1030.428,1402338.76220,0
1728619200000,1361.70,1373.20,1355.40,1364.10,2965.838,1728633599999,4049788.02590,25473,1436.648,1961783.25670,0
1728633600000,1364.10,1378.90,1361.50,1362.20,3135.696,1728647999999,4295467.29960,25506,1498.594,2053589.02920,0
1728648000000,1362.40,1375.90,1358.20,1371.80,4718.548,1728662399999,6450008.67570,37640,2355.658,3220263.75510,0
1728662400000,1371.70,1383.50,1363.00,1374.90,3689.828,1728676799999,5058081.99580,30999,1803.731,2474155.24120,0
1728676800000,1374.90,1380.20,1363.10,1366.60,2157.183,1728691199999,2960776.29080,20623,987.243,1355844.57570,0
