open_time,open,high,low,close,volume,close_time,quote_volume,count,taker_buy_volume,taker_buy_quote_volume,ignore
1706572800000,1973.50,1993.40,1965.50,1968.20,2300.990,1706587199999,4547835.71390,24692,998.569,1973665.34790,0
1706587200000,1968.30,1982.00,1960.00,1976.40,2683.949,1706601599999,5288645.33810,24066,1359.981,2679499.83360,0
1706601600000,1976.40,2002.20,1973.70,1992.10,2476.195,1706615999999,4927828.28010,26098,1250.572,2488687.01560,0
1706616000000,1992.10,2008.00,1955.40,1977.00,4964.021,1706630399999,9802903.26790,48272,2328.754,4600688.96920,0
1706630400000,1977.10,2032.00,1975.70,2031.20,3875.299,1706644799999,7775011.10350,38583,1988.760,3989820.45660,0
1706644800000,2031.10,2047.50,2015.50,2024.00,3776.370,1706659199999,7680296.10060,38320,1700.941,3459278.78200,0
