open_time,open,high,low,close,volume,close_time,quote_volume,count,taker_buy_volume,taker_buy_quote_volume,ignore
1709164800000,2177.40,2224.90,2172.00,2205.50,2832.743,1709179199999,6244084.71900,45091,1338.192,2948697.00440,0
1709179200000,2206.10,2215.90,2197.20,2213.00,3213.475,1709193599999,7098997.92590,46455,1536.363,3394445.71940,0
1709193600000,2213.10,2273.20,2211.30,2221.80,4960.330,1709207999999,11106805.96350,64911,2411.685,5399163.63380,0
1709208000000,2221.40,2226.20,2175.70,2180.80,3569.520,1709222399999,7857583.59500,49947,1709.986,3764337.72800,0
1709222400000,2181.40,2184.00,2128.80,2154.80,4368.190,1709236799999,9403492.46870,65661,2264.203,4875325.42580,0
1709236800000,2154.90,2160.90,2059.80,2095.00,5152.897,1709251199999,10880892.06960,64934,2548.339,5379296.75050,0
