open_time,open,high,low,close,volume,close_time,quote_volume,count,taker_buy_volume,taker_buy_quote_volume,ignore
1717804800000,2504.20,2514.90,2491.50,2500.40,1376.654,1717819199999,3444549.24620,20524,603.151,1509056.67490,0
1717819200000,2500.30,2502.50,2487.20,2501.20,935.959,1717833599999,2335403.48020,16339,516.275,1288201.19590,0
1717833600000,2501.20,2502.00,2466.20,2468.80,1372.141,1717847999999,3410461.91010,22545,685.237,1702986.04020,0
1717848000000,2468.70,2480.40,2424.70,2446.20,2989.686,1717862399999,7331078.40070,36438,1431.786,3510734.06120,0
1717862400000,2446.20,2454.40,2411.10,2430.70,2202.337,1717876799999,5367631.60590,27219,1092.034,2661766.06330,0
1717876800000,2430.80,2435.60,2414.10,2424.00,898.502,1717891199999,2180995.58910,17548,448.073,1087750.65210,0
