open_time,open,high,low,close,volume,close_time,quote_volume,count,taker_buy_volume,taker_buy_quote_volume,ignore
1706486400000,1957.60,1969.00,1940.30,1945.30,2505.042,1706500799999,4892322.34190,28264,1134.895,2216524.36020,0
1706500800000,1945.20,1959.10,1940.00,1948.10,1806.911,1706515199999,3524026.17370,22190,975.129,1901889.61840,0
1706515200000,1948.00,1964.00,1940.10,1946.90,1962.785,1706529599999,3829223.74140,25628,969.044,1891219.53460,0
1706529600000,1946.90,1949.10,1930.70,1943.80,2591.890,1706543999999,5026853.85720,30278,1180.633,2290277.47660,0
1706544000000,1943.90,1977.40,1941.60,1971.70,4190.055,1706558399999,8222559.13100,47494,1992.933,3912096.44840,0
1706558400000,1971.80,1990.80,1966.40,1973.50,3038.779,1706572799999,6012754.38320,32989,1440.656,2850648.45690,0
