open_time,open,high,low,close,volume,close_time,quote_volume,count,taker_buy_volume,taker_buy_quote_volume,ignore
1722556800000,2738.90,2741.20,2672.10,2683.30,3756.968,1722571199999,10164680.43910,54130,1645.043,4448335.25370,0
1722571200000,2683.30,2697.90,2627.20,2656.30,3873.526,1722585599999,10311746.66930,57077,1948.553,5188272.35310,0
1722585600000,2656.20,2657.80,2628.90,2629.00,2606.522,1722599999999,6886155.14170,42032,1329.530,3513335.32590,0
1722600000000,2629.00,2641.80,2481.10,2557.00,13910.632,1722614399999,35557133.41730,122908,6238.652,15956318.83770,0
1722614400000,2556.80,2558.10,2459.60,2462.20,5733.089,1722628799999,14399170.39460,67758,2444.627,6145141.97330,0
1722628800000,2462.20,2492.00,2422.80,2429.00,6644.600,1722643199999,16271598.63170,67231,3085.379,7557594.98680,0
