open_time,open,high,low,close,volume,close_time,quote_volume,count,taker_buy_volume,taker_buy_quote_volume,ignore
1723939200000,1953.80,1968.20,1942.90,1945.70,2114.843,1723953599999,4132956.77910,22354,1010.991,1975503.03300,0
1723953600000,1945.80,1950.70,1933.00,1941.00,1481.335,1723967999999,2874203.36450,16975,773.978,1501821.70540,0
1723968000000,1941.00,1982.00,1933.80,1971.50,3108.900,1723982399999,6100053.84660,27222,1613.823,3166320.97710,0
1723982400000,1971.80,1984.70,1958.40,1983.10,2457.631,1723996799999,4846618.35930,22746,1266.118,2498311.71110,0
1723996800000,1983.30,1987.60,1963.80,1968.50,1498.543,1724011199999,2958332.93210,18534,700.768,1382829.26830,0
1724011200000,1968.60,1970.70,1931.20,1932.40,1902.746,1724025599999,3715234.96360,21282,893.157,1743555.99860,0
