open_time,open,high,low,close,volume,close_time,quote_volume,count,taker_buy_volume,taker_buy_quote_volume,ignore
1717027200000,2690.40,2705.00,2677.10,2703.60,1066.251,1717041599999,2872088.73780,27265,510.364,1374502.12740,0
1717041600000,2703.60,2709.60,2657.30,2665.80,1960.079,1717055999999,5255120.51680,34737,993.798,2663476.39090,0
1717056000000,2665.40,2695.00,2651.00,2678.40,1955.050,1717070399999,5223494.01390,34382,993.252,2654253.78490,0
1717070400000,2678.50,2695.80,2658.40,2691.40,3125.661,1717084799999,8367484.93510,41870,1589.563,4255062.25720,0
1717084800000,2691.90,2713.10,2683.70,2689.80,1361.522,1717099199999,3675052.38700,31437,638.244,1722944.48940,0
1717099200000,2690.40,2709.00,2673.10,2706.20,1983.103,1717113599999,5339418.16640,31740,1006.129,2710028.11460,0
