open_time,open,high,low,close,volume,close_time,quote_volume,count,taker_buy_volume,taker_buy_quote_volume,ignore
1716508800000,2838.70,2867.40,2818.30,2846.30,1547.041,1716523199999,4404328.46910,31627,736.065,2096149.56250,0
1716523200000,2845.80,2856.30,2738.60,2759.20,2861.855,1716537599999,7994795.44510,44831,1374.440,3840211.79290,0
1716537600000,2759.20,2761.10,2730.80,2750.50,1713.275,1716551999999,4710393.55350,32254,851.270,2340561.12530,0
1716552000000,2750.80,2765.20,2728.50,2751.20,2779.997,1716566399999,7648310.12980,37001,1323.976,3644206.35290,0
1716566400000,2751.00,2769.30,2710.50,2746.80,2741.356,1716580799999,7507146.48760,39832,1308.513,3584320.19520,0
1716580800000,2746.80,2757.40,2736.40,2752.30,1216.980,1716595199999,3341437.38950,22517,575.586,1580286.58410,0
