open_time,open,high,low,close,volume,close_time,quote_volume,count,taker_buy_volume,taker_buy_quote_volume,ignore
1724630400000,2129.40,2148.10,2108.20,2138.70,2349.888,1724644799999,5011959.52510,25285,1054.313,2248132.76250,0
1724644800000,2138.40,2142.80,2110.70,2112.80,2232.388,1724659199999,4751941.31930,21989,980.537,2087672.75210,0
1724659200000,2112.60,2135.70,2101.90,2118.60,1745.984,1724673599999,3706039.85250,20759,788.383,1673946.11480,0
1724673600000,2118.60,2124.10,2083.10,2115.10,3481.601,1724687999999,7327980.71320,34431,1721.473,3623427.92000,0
1724688000000,2115.30,2137.30,2083.60,2094.00,3633.327,1724702399999,7663738.64730,38500,1814.869,3829199.77430,0
1724702400000,2093.90,2101.40,2070.00,2079.30,1845.420,1724716799999,3848471.55690,22002,867.964,1810160.92440,0
