open_time,open,high,low,close,volume,close_time,quote_volume,count,taker_buy_volume,taker_buy_quote_volume,ignore
1702339200000,1393.70,1395.90,1375.50,1382.60,4710.674,1702353599999,6527389.75740,35172,2055.151,2847648.62340,0
1702353600000,1382.60,1393.70,1378.80,1392.10,3471.812,1702367999999,4811795.35560,25890,1623.506,2250611.60360,0
1702368000000,1392.20,1395.80,1366.40,1366.40,3717.300,1702382399999,5140931.66380,27893,1468.558,2032884.04170,0
1702382400000,1366.40,1375.70,1334.40,1345.90,6926.477,1702396799999,9404953.72720,53297,3243.549,4403484.63230,0
1702396800000,1345.80,1364.90,1339.80,1357.90,5005.116,1702411199999,6766775.54470,41485,2585.418,3496110.15290,0
1702411200000,1357.90,1367.70,1348.20,1361.40,4048.560,1702425599999,5495967.17670,27573,1988.672,2699565.05580,0
