open_time,open,high,low,close,volume,close_time,quote_volume,count,taker_buy_volume,taker_buy_quote_volume,ignore
1707264000000,1952.00,1966.60,1931.50,1933.30,1152.705,1707278399999,2247995.63570,17209,461.721,900491.35440,0
1707278400000,1933.20,1941.10,1923.00,1927.40,1289.429,1707292799999,2490121.77880,20214,653.773,1262643.33550,0
1707292800000,1927.40,1941.80,1923.20,1927.10,1191.432,1707307199999,2300977.39400,17415,598.356,1155537.91830,0
1707307200000,1927.10,1934.70,1924.20,1927.60,990.100,1707321599999,1909620.84100,14931,519.873,1002662.82870,0
1707321600000,1927.80,1962.50,1925.10,1945.10,2297.740,1707335999999,4473252.87800,27165,1044.731,2033463.87150,0
1707336000000,1944.90,1966.60,1943.90,1949.10,1591.776,1707350399999,3111692.11790,19891,801.747,1567371.31530,0
