open_time,open,high,low,close,volume,close_time,quote_volume,count,taker_buy_volume,taker_buy_quote_volume,ignore
1725840000000,1540.10,1546.40,1526.80,1537.00,2420.224,1725854399999,3718962.81840,23526,1203.138,1848809.77650,0
1725854400000,1537.00,1557.60,1526.20,1555.00,2461.423,1725868799999,3792627.58810,20762,1327.302,2045656.11550,0
1725868800000,1554.50,1676.30,1554.40,1623.20,23056.993,1725883199999,37614825.72410,115264,12559.334,20471986.37920,0
1725883200000,1623.10,1624.80,1587.10,1617.60,5856.695,1725897599999,9415846.81460,49367,2970.311,4774524.82390,0
1725897600000,1617.60,1648.00,1610.50,1614.80,8580.955,1725911999999,13968033.19520,63370,4071.151,6629523.53630,0
1725912000000,1614.70,1626.50,1603.10,1610.40,4897.301,1725926399999,7899549.84160,35170,2351.712,3793832.29250,0
