open_time,open,high,low,close,volume,close_time,quote_volume,count,taker_buy_volume,taker_buy_quote_volume,ignore
1711584000000,3297.40,3357.50,3290.40,3348.70,4754.509,1711598399999,15844305.33950,79212,2292.187,7639579.81130,0
1711598400000,3348.60,3399.60,3336.30,3379.40,3994.425,1711612799999,13443851.48970,73000,2008.795,6761692.02210,0
1711612800000,3379.00,3408.00,3342.40,3405.30,3638.250,1711627199999,12274383.17160,66520,1739.762,5870203.61120,0
1711627200000,3406.00,3561.00,3388.00,3543.10,14481.254,1711641599999,50515298.38770,198524,7216.055,25170954.32640,0
1711641600000,3543.30,3616.00,3540.20,3579.10,8717.174,1711655999999,31206593.82470,117499,4415.872,15813666.40850,0
1711656000000,3578.80,3687.30,3568.00,3640.00,6803.441,1711670399999,24695307.04970,90188,3456.682,12551255.84230,0
