open_time,open,high,low,close,volume,close_time,quote_volume,count,taker_buy_volume,taker_buy_quote_volume,ignore
1723766400000,1958.90,1985.30,1953.10,1970.90,2480.315,1723780799999,4887056.16140,32972,1189.509,2343674.55660,0
1723780800000,1971.00,1994.70,1965.70,1976.30,2217.002,1723795199999,4392993.00290,27237,1232.040,2441278.72050,0
1723795200000,1976.30,1981.50,1956.50,1961.50,2000.929,1723809599999,3944482.24220,33739,1112.508,2193446.06980,0
1723809600000,1961.50,1989.50,1933.00,1945.40,6593.727,1723823999999,12922501.95290,66754,3328.610,6524546.58450,0
1723824000000,1945.40,1990.60,1945.10,1983.30,3194.229,1723838399999,6302454.19710,38965,1491.399,2943402.86230,0
1723838400000,1983.40,1995.50,1972.00,1972.00,1996.110,1723852799999,3961489.42120,22139,977.480,1940531.23170,0
