open_time,open,high,low,close,volume,close_time,quote_volume,count,taker_buy_volume,taker_buy_quote_volume,ignore
1719360000000,2360.90,2372.80,2333.10,2350.00,2071.411,1719374399999,4872150.93630,30809,1030.306,2423487.80640,0
1719374400000,2349.90,2354.40,2325.90,2338.10,2507.702,1719388799999,5872038.24130,29759,1183.886,2772538.22020,0
1719388800000,2338.40,2370.00,2325.60,2361.70,2256.696,1719403199999,5295996.68880,30328,1166.876,2738242.47480,0
1719403200000,2361.70,2420.40,2343.60,2366.50,4543.157,1719417599999,10796272.88270,49234,2366.221,5627528.54400,0
1719417600000,2366.60,2419.50,2326.10,2418.30,4861.690,1719431999999,11455719.38230,48714,2598.706,6126186.25400,0
1719432000000,2418.30,2502.50,2398.30,2450.60,10481.504,1719446399999,25697399.96540,99728,5243.364,12857461.92550,0
