open_time,open,high,low,close,volume,close_time,quote_volume,count,taker_buy_volume,taker_buy_quote_volume,ignore
1720051200000,2314.50,2328.10,2227.50,2299.50,4863.850,1720065599999,11096706.29640,62901,2386.082,5445381.01430,0
1720065600000,2299.50,2313.40,2260.70,2275.10,2779.203,1720079999999,6369345.16600,33576,1425.136,3264316.82320,0
1720080000000,2274.80,2292.60,2246.70,2267.30,2944.664,1720094399999,6679621.46930,37549,1375.176,3118955.49560,0
1720094400000,2267.40,2268.40,2199.70,2254.90,4264.941,1720108799999,9549028.59000,51894,1998.313,4473460.70250,0
1720108800000,2254.80,2278.50,2243.70,2269.90,2075.096,1720123199999,4690860.74910,30090,1080.166,2442170.88540,0
1720123200000,2269.80,2300.10,2206.40,2229.10,3027.885,1720137599999,6853595.77620,43472,1520.896,3445958.73230,0
