open_time,open,high,low,close,volume,close_time,quote_volume,count,taker_buy_volume,taker_buy_quote_volume,ignore
1711065600000,3381.70,3420.10,3263.50,3274.30,9139.899,1711079999999,30592922.99050,142832,4067.812,13621299.49020,0
1711080000000,3274.30,3327.00,3237.40,3265.90,5312.420,1711094399999,17400557.75000,84069,2629.712,8614495.30650,0
1711094400000,3265.90,3270.70,3154.50,3164.00,5419.620,1711108799999,17374894.22360,78409,2626.893,8421593.76280,0
1711108800000,3164.40,3206.20,3077.10,3147.20,8561.581,1711123199999,26939629.65050,126754,4624.844,14560095.36280,0
1711123200000,3147.60,3177.20,3120.30,3140.00,3835.063,1711137599999,12068401.40230,72296,1947.941,6130673.08810,0
1711137600000,3140.10,3141.90,3068.40,3133.80,3145.151,1711151999999,9768726.00210,56769,1605.063,4986675.76720,0
