open_time,open,high,low,close,volume,close_time,quote_volume,count,taker_buy_volume,taker_buy_quote_volume,ignore
1714694400000,2762.60,2798.70,2758.60,2771.10,1801.584,1714708799999,5005756.66470,40852,905.761,2517781.68860,0
1714708800000,2771.00,2778.20,2735.90,2740.30,1251.114,1714723199999,3452377.50870,30302,597.039,1648143.40430,0
1714723200000,2740.20,2755.40,2693.30,2710.70,2486.983,1714737599999,6768525.39710,41591,1119.920,3048642.20560,0
1714737600000,2710.70,2796.40,2704.10,2783.20,3708.913,1714751999999,10251401.18600,57661,1950.316,5390241.93210,0
1714752000000,2783.70,2998.00,2778.00,2908.80,20938.282,1714766399999,60549583.56920,177428,11060.886,31953337.47180,0
1714766400000,2908.70,2974.90,2900.20,2956.40,4352.961,1714780799999,12797389.75770,64550,2259.012,6637742.02040,0
