open_time,open,high,low,close,volume,close_time,quote_volume,count,taker_buy_volume,taker_buy_quote_volume,ignore
1708387200000,2159.20,2167.70,2116.60,2119.30,2964.305,1708401599999,6343091.37610,36406,1421.743,3042769.06450,0
1708401600000,2119.30,2149.10,2115.90,2126.80,1999.021,1708415999999,4271315.50180,25246,1075.202,2297132.06890,0
1708416000000,2127.20,2140.20,2106.00,2136.80,3121.156,1708430399999,6634173.39120,37605,1565.930,3328479.36420,0
1708430400000,2137.10,2165.20,2046.70,2099.30,6625.268,1708444799999,14017107.20250,73280,3042.728,6436631.38080,0
1708444800000,2100.10,2119.00,2065.20,2117.80,3022.718,1708459199999,6321006.23200,40465,1422.738,2974398.79090,0
1708459200000,2118.30,2146.20,2114.20,2132.70,1627.091,1708473599999,3463139.74350,23109,797.233,1697370.13770,0
