open_time,open,high,low,close,volume,close_time,quote_volume,count,taker_buy_volume,taker_buy_quote_volume,ignore
1721520000000,2813.00,2845.50,2809.10,2818.10,2701.988,1721534399999,7646737.66090,33002,1400.038,3963610.59010,0
1721534400000,2818.10,2822.70,2783.80,2801.30,2209.215,1721548799999,6195432.43200,31846,975.485,2735035.96590,0
1721548800000,2801.40,2845.50,2801.40,2842.60,1798.752,1721563199999,5089231.71830,27424,922.048,2609135.94140,0
1721563200000,2842.90,2850.50,2786.00,2814.60,3464.558,1721577599999,9761540.53070,39951,1769.853,4991182.04850,0
1721577600000,2814.60,2829.30,2706.10,2826.00,6118.447,1721591999999,17005662.43740,82779,2852.795,7937572.00060,0
1721592000000,2826.00,2930.20,2803.10,2896.20,5642.857,1721606399999,16204414.79090,68345,2921.566,8386570.38870,0
