open_time,open,high,low,close,volume,close_time,quote_volume,count,taker_buy_volume,taker_buy_quote_volume,ignore
1719187200000,2255.40,2268.40,2231.00,2243.10,4702.799,1719201599999,10588782.85180,58614,2139.283,4816369.63150,0
1719201600000,2243.30,2269.10,2211.70,2229.10,4830.130,1719215999999,10797838.72300,54852,2478.081,5536803.35640,0
1719216000000,2229.20,2249.80,2128.30,2192.30,5088.832,1719230399999,11184281.99090,78640,2231.779,4907681.58280,0
1719230400000,2191.70,2206.70,2126.50,2139.40,6283.109,1719244799999,13582926.13750,78377,2847.521,6158067.10060,0
1719244800000,2139.30,2171.50,2132.50,2149.50,4413.584,1719259199999,9502428.01460,60495,2105.243,4532378.26440,0
1719259200000,2148.90,2200.00,2069.20,2192.00,7130.916,1719273599999,15313125.82720,60466,3477.130,7489446.20090,0
