open_time,open,high,low,close,volume,close_time,quote_volume,count,taker_buy_volume,taker_buy_quote_volume,ignore
1712016000000,3747.10,3913.20,3680.50,3799.10,13752.330,1712030399999,52319020.69170,219399,6882.426,26193064.28920,0
1712030400000,3799.10,3918.60,3775.90,3818.20,11291.827,1712044799999,43484652.69610,175504,5874.350,22616132.17150,0
1712044800000,3818.60,3889.50,3711.10,3816.10,10823.364,1712059199999,41143998.06000,196401,5218.612,19835958.85470,0
1712059200000,3816.00,3850.00,3566.10,3578.70,12295.376,1712073599999,45677118.24550,186002,6091.587,22642394.44940,0
1712073600000,3579.00,3762.00,3564.10,3734.50,8083.462,1712087999999,29451797.71340,126645,3968.805,14451804.37530,0
1712088000000,3734.00,3817.00,3691.20,3754.80,4881.195,1712102399999,18300748.02970,88731,2430.188,9115793.51700,0
