open_time,open,high,low,close,volume,close_time,quote_volume,count,taker_buy_volume,taker_buy_quote_volume,ignore
1723334400000,1973.60,1991.60,1962.70,1980.20,2033.007,1723348799999,4016377.46630,27741,972.076,1920434.37350,0
1723348800000,1980.20,2002.10,1976.50,1997.70,1808.111,1723363199999,3597602.94900,20850,915.113,1820878.83850,0
1723363200000,1997.70,2029.20,1971.80,1980.40,2765.232,1723377599999,5534826.01620,30463,1417.036,2836692.72430,0
1723377600000,1980.20,1984.90,1934.00,1950.10,2663.837,1723391999999,5222553.92770,34946,1228.664,2409755.70730,0
1723392000000,1950.00,1972.90,1923.90,1925.60,2388.317,1723406399999,4655595.92510,28112,1055.150,2058396.08900,0
1723406400000,1925.30,1929.10,1875.60,1883.70,3884.532,1723420799999,7389117.22570,42115,1884.554,3582372.20770,0
