open_time,open,high,low,close,volume,close_time,quote_volume,count,taker_buy_volume,taker_buy_quote_volume,ignore
1728777600000,1355.50,1361.90,1344.30,1351.50,3433.960,1728791999999,4643361.12240,28114,1569.985,2124000.70800,0
1728792000000,1351.50,1363.20,1350.50,1357.30,1825.470,1728806399999,2476734.64310,18768,844.656,1146240.58700,0
1728806400000,1357.00,1357.10,1335.00,1335.90,3518.779,1728820799999,4730000.32670,27984,1610.417,2165190.59890,0
1728820800000,1335.70,1349.20,1318.00,1326.60,4678.039,1728835199999,6236163.71880,35386,2121.119,2828700.35240,0
1728835200000,1326.70,1336.90,1306.30,1318.20,4902.089,1728849599999,6468210.05950,37123,2229.413,2941583.94460,0
1728849600000,1318.20,1334.40,1314.70,1329.70,2760.847,1728863999999,3657493.03700,24875,1244.672,1648621.89400,0
