open_time,open,high,low,close,volume,close_time,quote_volume,count,taker_buy_volume,taker_buy_quote_volume,ignore
1727395200000,1607.00,1635.50,1599.20,1617.40,6686.185,1727409599999,10799418.00050,46092,3344.041,5401453.87120,0
1727409600000,1617.60,1679.60,1616.30,1676.80,8525.263,1727423999999,14078753.59420,62692,4491.721,7415013.76680,0
1727424000000,1676.90,1688.00,1640.00,1656.50,9534.046,1727438399999,15861142.12000,64490,4573.790,7613431.08280,0
1727438400000,1656.50,1679.90,1625.10,1665.10,10074.164,1727452799999,16659049.26780,69734,5048.305,8350735.29020,0
1727452800000,1664.80,1709.40,1655.00,1703.70,10556.033,1727467199999,17862025.23230,73554,5622.380,9520139.93780,0
1727467200000,1703.40,1722.90,1688.20,1705.40,4557.773,1727481599999,7769931.89530,38624,2197.656,3748508.52410,0
