open_time,open,high,low,close,volume,close_time,quote_volume,count,taker_buy_volume,taker_buy_quote_volume,ignore
1717286400000,2680.80,2703.10,2680.80,2682.40,907.377,1717300799999,2442874.84660,19082,442.765,1192220.36180,0
1717300800000,2682.80,2690.70,2660.50,2663.00,1162.707,1717315199999,3109884.97930,20597,500.890,1339689.25470,0
1717315200000,2663.20,2677.40,2640.50,2676.30,1611.317,1717329599999,4286059.26560,25956,770.775,2050748.47140,0
1717329600000,2676.70,2683.20,2642.50,2658.30,1988.718,1717343999999,5284581.43780,29560,1077.608,2862926.58710,0
1717344000000,2658.30,2666.60,2613.80,2632.20,1757.392,1717358399999,4632263.67370,31222,808.809,2132611.30270,0
1717358400000,2632.30,2651.00,2619.90,2641.40,791.174,1717372799999,2086385.00450,20046,377.453,995369.30140,0
