open_time,open,high,low,close,volume,close_time,quote_volume,count,taker_buy_volume,taker_buy_quote_volume,ignore
1713484800000,2996.00,3003.60,2826.10,2924.80,8152.781,1713499199999,23717640.68810,152454,4283.867,12467092.58090,0
1713499200000,2925.30,3039.90,2907.10,3015.60,6810.117,1713513599999,20253754.57580,114950,3382.693,10060822.69740,0
1713513600000,3015.90,3045.90,2992.20,3008.10,3674.454,1713527999999,11089572.44250,79189,1807.650,5456406.29500,0
1713528000000,3007.70,3014.40,2932.90,2975.00,5886.049,1713542399999,17517932.95450,106747,2848.906,8477950.03240,0
1713542400000,2974.70,2993.40,2929.60,2988.70,3179.210,1713556799999,9422680.95130,68862,1528.299,4529041.74410,0
1713556800000,2988.70,2989.00,2908.30,2951.60,3250.375,1713571199999,9597421.55280,64239,1514.222,4471529.22670,0
