open_time,open,high,low,close,volume,close_time,quote_volume,count,taker_buy_volume,taker_buy_quote_volume,ignore
1711152000000,3133.90,3151.70,3048.70,3085.10,3371.575,1711166399999,10489127.76930,60134,1627.956,5064938.96220,0
1711166400000,3085.10,3132.00,3074.10,3111.50,2297.194,1711180799999,7127525.58890,49458,1185.021,3676117.38690,0
1711180800000,3111.50,3129.10,3083.40,3119.70,2469.606,1711195199999,7674010.91490,45335,1321.649,4107439.74870,0
1711195200000,3119.70,3131.50,3080.30,3108.20,2549.980,1711209599999,7922046.58910,55128,1263.732,3925173.23890,0
1711209600000,3108.10,3123.50,3088.00,3092.40,1787.796,1711223999999,5547634.34610,41852,924.535,2868614.55810,0
1711224000000,3092.50,3104.50,3041.60,3051.10,1871.718,1711238399999,5766048.08390,38545,886.354,2731651.97070,0
