open_time,open,high,low,close,volume,close_time,quote_volume,count,taker_buy_volume,taker_buy_quote_volume,ignore
1726531200000,1522.90,1524.40,1504.80,1518.10,1332.479,1726545599999,2018983.49810,14548,617.399,935232.75920,0
1726545600000,1518.10,1538.80,1516.90,1525.50,1975.590,1726559999999,3015161.43230,17055,1030.991,1574005.18660,0
1726560000000,1525.70,1534.60,1517.00,1521.90,1933.457,1726574399999,2949578.31810,15907,990.248,1511066.45840,0
1726574400000,1521.90,1567.20,1520.30,1551.00,5262.965,1726588799999,8138687.13060,34260,2411.144,3727024.10750,0
1726588800000,1551.00,1556.90,1493.10,1505.70,4705.142,1726603199999,7168749.11050,37409,2320.916,3537266.82170,0
1726603200000,1505.80,1510.30,1473.10,1495.70,5089.707,1726617599999,7610755.14980,32850,2610.744,3907355.37280,0
