open_time,open,high,low,close,volume,close_time,quote_volume,count,taker_buy_volume,taker_buy_quote_volume,ignore
1718755200000,2227.60,2422.80,2210.00,2413.70,9425.096,1718769599999,22000763.89590,113292,5241.981,12247759.38510,0
1718769600000,2414.20,2497.20,2409.60,2462.40,11484.005,1718783999999,28229901.85180,107405,5888.058,14473330.09030,0
1718784000000,2462.80,2470.80,2365.90,2373.80,9885.821,1718798399999,23744045.85950,92958,5415.635,12995267.64250,0
1718798400000,2373.80,2423.30,2370.30,2405.50,7662.437,1718812799999,18365098.51380,76681,4000.325,9580738.40790,0
1718812800000,2405.30,2504.60,2401.50,2449.30,9287.371,1718827199999,22843413.08170,87483,4981.458,12251189.68500,0
1718827200000,2449.40,2517.00,2439.00,2485.00,5465.909,1718841599999,13521832.13450,63111,3304.721,8170975.93940,0
