open_time,open,high,low,close,volume,close_time,quote_volume,count,taker_buy_volume,taker_buy_quote_volume,ignore
1706054400000,1930.50,1949.80,1923.50,1929.80,2660.337,1706068799999,5142487.67750,33272,1310.475,2532903.18290,0
1706068800000,1929.80,1964.10,1927.70,1954.50,2459.523,1706083199999,4795400.71580,30853,1075.878,2097412.75770,0
1706083200000,1954.60,2038.00,1954.30,2036.20,8099.155,1706097599999,16288073.46160,72988,4039.560,8122514.76440,0
1706097600000,2036.20,2060.60,2022.00,2048.70,8683.454,1706111999999,17735344.36240,77548,4146.488,8472042.20350,0
1706112000000,2048.80,2089.40,2046.50,2065.10,6605.831,1706126399999,13665036.29520,65127,3361.023,6951991.24030,0
1706126400000,2065.00,2128.00,2057.00,2126.90,6488.381,1706140799999,13580414.33630,88604,3364.139,7044187.12480,0
