open_time,open,high,low,close,volume,close_time,quote_volume,count,taker_buy_volume,taker_buy_quote_volume,ignore
1701129600000,1477.10,1487,1469.40,1471.40,3452.729,1701143999999,5100036.22870,33045,1638.229,2419598.97200,0
1701144000000,1471.30,1473.50,1450.10,1465.50,5683.298,1701158399999,8281786.83100,42312,3076.371,4482397.94490,0
1701158400000,1465.30,1479.60,1459.70,1477.10,4815.914,1701172799999,7081956.60280,33069,2189.628,3220094.43980,0
1701172800000,1477.10,1485.80,1468,1485,4620.515,1701187199999,6817474.53200,30896,2145.181,3165966.57750,0
1701187200000,1485.10,1492.90,1476.70,1488.90,5313.964,1701201599999,7891620.00820,41440,2406.991,3575259.46640,0
1701201600000,1488.90,1489.30,1479.20,1487.50,2796.245,1701215999999,4151349.75070,23589,1274.033,1891428.99970,0
