open_time,open,high,low,close,volume,close_time,quote_volume,count,taker_buy_volume,taker_buy_quote_volume,ignore
1729382400000,1215.00,1219.00,1200.50,1203.90,2951.888,1729396799999,3562655.02150,27313,1231.795,1487070.35350,0
1729396800000,1203.90,1212.00,1197.10,1208.40,3321.173,1729411199999,3998540.21770,25768,1444.155,1739769.81120,0
1729411200000,1208.40,1212.10,1201.20,1212.10,2093.701,1729425599999,2525985.70430,16620,994.668,1200294.66440,0
1729425600000,1212.10,1233.20,1199.20,1230.00,8987.447,1729439999999,10958561.95720,53828,4538.597,5536769.21040,0
1729440000000,1229.90,1232.20,1218.90,1223.60,2655.923,1729454399999,3256662.37110,22366,1325.100,1624907.59350,0
1729454400000,1223.60,1242.70,1223.50,1231.50,4937.085,1729468799999,6090180.38740,34475,2421.212,2986920.76790,0
