open_time,open,high,low,close,volume,close_time,quote_volume,count,taker_buy_volume,taker_buy_quote_volume,ignore
1727481600000,1705.40,1720.40,1682.70,1693.60,5713.678,1727495999999,9719594.24010,41822,2738.339,4661320.67630,0
1727496000000,1693.50,1717.60,1690.50,1709.00,6712.845,1727510399999,11443073.28410,50332,3452.912,5887951.31620,0
1727510400000,1708.80,1708.90,1665.00,1699.90,6915.717,1727524799999,11699610.47940,53546,3182.292,5386119.76490,0
1727524800000,1700.00,1713.90,1663.20,1703.10,7623.440,1727539199999,12879127.84570,55080,3827.617,6470344.04450,0
1727539200000,1703.20,1705.10,1676.20,1691.20,3652.165,1727553599999,6172946.76130,32494,1733.692,2930128.23100,0
1727553600000,1691.30,1700.40,1673.60,1686.90,2857.099,1727567999999,4825128.59480,28042,1329.193,2244881.43930,0
