open_time,open,high,low,close,volume,close_time,quote_volume,count,taker_buy_volume,taker_buy_quote_volume,ignore
1701388800000,1528.20,1552.30,1524.70,1545.80,4456.086,1701403199999,6866693.69180,31452,2168.483,3342160.78440,0
1701403200000,1545.70,1567,1544.50,1553.90,5676.145,1701417599999,8841590.05690,40445,3054.518,4757799.24820,0
1701417600000,1554,1555.60,1537.30,1548.90,4320.636,1701431999999,6682859.99100,32588,2112.127,3266713.57190,0
1701432000000,1549,1549.10,1535.60,1541.90,3253.563,1701446399999,5015280.32260,24696,1652.513,2547681.51510,0
1701446400000,1542,1551,1537.10,1546.50,2892.882,1701460799999,4467119.38790,21740,1548.999,2391996.34400,0
1701460800000,1546.50,1549.80,1540.10,1549.50,1686.800,1701475199999,2605943.56940,12601,853.064,1318072.09660,0
