open_time,open,high,low,close,volume,close_time,quote_volume,count,taker_buy_volume,taker_buy_quote_volume,ignore
1701561600000,1543.80,1549.90,1539.30,1544.40,2940.333,1701575999999,4543227.57360,21454,1354.286,2092623.75060,0
1701576000000,1544.50,1547.40,1530.40,1534,2626.176,1701590399999,4042832.32850,19366,1296.855,1996498.65710,0
1701590400000,1534,1534.10,1522.10,1529.90,3882.849,1701604799999,5924898.51550,26805,2128.462,3247503.25810,0
1701604800000,1530,1530.40,1505.30,1511.50,7857.053,1701619199999,11896811.28560,47626,3590.902,5436824.35590,0
1701619200000,1511.40,1521,1507.80,1516.10,2363.474,1701633599999,3579424.19190,21869,1237.802,1874643.62930,0
1701633600000,1516.10,1527.30,1512,1515.70,3484.562,1701647999999,5292632.45550,28902,1729.810,2627843.48130,0
