open_time,open,high,low,close,volume,close_time,quote_volume,count,taker_buy_volume,taker_buy_quote_volume,ignore
1725408000000,1679.00,1693.50,1603.20,1645.90,7742.617,1725422399999,12701478.09080,58447,3585.116,5879129.29800,0
1725422400000,1645.90,1665.60,1630.70,1661.90,3042.855,1725436799999,5010406.29590,29678,1573.729,2592124.23810,0
1725436800000,1661.80,1663.80,1644.20,1647.50,2424.470,1725451199999,4010838.16800,24658,1211.580,2004600.08080,0
1725451200000,1647.30,1691.70,1642.30,1690.90,4174.099,1725465599999,6964356.26230,36041,2093.226,3493320.05700,0
1725465600000,1690.70,1705.90,1667.70,1673.20,3739.028,1725479999999,6299917.84970,29176,1868.173,3146492.45680,0
1725480000000,1673.20,1686.40,1667.10,1671.50,2000.168,1725494399999,3351768.87420,18027,1025.750,1719124.71990,0
