open_time,open,high,low,close,volume,close_time,quote_volume,count,taker_buy_volume,taker_buy_quote_volume,ignore
1723593600000,2137.80,2154.00,2118.70,2142.50,3624.933,1723607999999,7744678.32370,45548,1755.282,3750892.34190,0
1723608000000,2142.30,2159.70,2130.10,2149.40,3571.648,1723622399999,7657576.97400,38652,1781.818,3820846.25390,0
1723622400000,2149.10,2151.50,2096.90,2110.30,4844.908,1723636799999,10292149.49380,49931,2370.359,5036416.68920,0
1723636800000,2110.30,2121.30,2039.00,2058.30,9415.263,1723651199999,19551223.15090,97856,4571.388,9497618.22330,0
1723651200000,2058.40,2061.60,2020.00,2048.50,5547.552,1723665599999,11291043.78970,50938,2214.760,4510823.67590,0
1723665600000,2048.40,2070.10,2037.30,2056.20,2116.918,1723679999999,4348072.46040,29632,1063.687,2184846.90710,0
