open_time,open,high,low,close,volume,close_time,quote_volume,count,taker_buy_volume,taker_buy_quote_volume,ignore
1721088000000,2924.50,2942.50,2864.00,2907.10,7352.439,1721102399999,21333307.16100,113177,3380.163,9814672.45160,0
1721102400000,2907.30,2954.40,2857.70,2904.10,13027.326,1721116799999,37865766.64860,138959,6232.207,18114233.96160,0
1721116800000,2904.00,2991.40,2866.20,2988.20,11678.822,1721131199999,34347256.76990,146607,5808.733,17091086.51730,0
1721131200000,2988.20,3017.70,2870.20,2932.90,10104.646,1721145599999,29721103.55590,137703,4843.675,14250384.43080,0
1721145600000,2932.60,3030.00,2896.80,3025.20,8261.190,1721159999999,24386055.66600,115755,4326.428,12777909.22580,0
1721160000000,3025.30,3044.30,2987.80,3037.20,4396.740,1721174399999,13265547.62090,70373,2244.140,6772592.41030,0
