open_time,open,high,low,close,volume,close_time,quote_volume,count,taker_buy_volume,taker_buy_quote_volume,ignore
1717977600000,2490.40,2494.00,2451.20,2454.30,1126.605,1717991999999,2783882.17520,20577,536.927,1327317.84620,0
1717992000000,2454.30,2468.90,2406.00,2407.90,2393.467,1718006399999,5823807.41010,30296,1110.602,2701489.33880,0
1718006400000,2407.50,2447.50,2399.60,2426.90,2252.078,1718020799999,5457726.31640,29638,1173.738,2845535.56850,0
1718020800000,2426.80,2428.30,2398.20,2414.90,2892.513,1718035199999,6979610.35940,36582,1443.372,3482788.69730,0
1718035200000,2414.90,2415.40,2383.30,2387.40,1753.145,1718049599999,4200878.98090,32373,902.053,2161506.04850,0
1718049600000,2387.60,2405.40,2375.30,2402.70,1039.695,1718063999999,2488599.69290,22716,508.265,1216797.42500,0
