open_time,open,high,low,close,volume,close_time,quote_volume,count,taker_buy_volume,taker_buy_quote_volume,ignore
1727654400000,1656.20,1656.90,1586.40,1607.80,9588.716,1727668799999,15519339.85410,67054,4258.588,6894915.12500,0
1727668800000,1607.90,1633.70,1601.20,1626.50,6139.685,1727683199999,9949129.12840,42661,3177.263,5148313.92920,0
1727683200000,1626.40,1627.00,1590.80,1616.70,5584.573,1727697599999,8989355.67380,42401,2614.544,4209289.95310,0
1727697600000,1616.80,1626.00,1586.80,1588.70,4227.588,1727711999999,6801197.48820,37074,2082.877,3352394.36080,0
1727712000000,1588.60,1591.60,1567.50,1577.10,5959.517,1727726399999,9416335.60000,44077,2682.446,4239914.09200,0
1727726400000,1577.00,1589.80,1551.20,1568.80,4344.889,1727740799999,6828360.86080,37677,2053.039,3228100.01450,0
