open_time,open,high,low,close,volume,close_time,quote_volume,count,taker_buy_volume,taker_buy_quote_volume,ignore
1705708800000,1966.00,1994.40,1960.10,1978.60,3237.113,1705723199999,6401935.97080,34570,1558.317,3082423.76070,0
1705723200000,1978.60,1991.90,1956.50,1963.10,3815.943,1705737599999,7527632.11040,37880,1743.185,3438702.66040,0
1705737600000,1963.40,1964.80,1932.20,1945.60,2431.000,1705751999999,4734712.54990,32560,1139.317,2219168.52490,0
1705752000000,1945.60,1966.60,1932.30,1955.70,2711.735,1705766399999,5278792.44050,25035,1656.822,3224881.56180,0
1705766400000,1955.40,1979.40,1952.10,1978.20,1933.655,1705780799999,3804917.68050,23268,895.249,1761886.16200,0
1705780800000,1978.30,1981.30,1966.70,1971.20,1183.215,1705795199999,2335588.52120,19256,457.001,902093.12760,0
