open_time,open,high,low,close,volume,close_time,quote_volume,count,taker_buy_volume,taker_buy_quote_volume,ignore
1711929600000,3930.80,3979.30,3870.40,3876.90,5298.640,1711943999999,20737520.72400,77449,2578.766,10094773.45670,0
1711944000000,3876.80,3878.60,3727.50,3805.00,8773.644,1711958399999,33415072.62430,135290,4187.846,15944588.29500,0
1711958400000,3805.00,3821.40,3765.60,3766.00,3153.492,1711972799999,11952835.21440,66576,1545.189,5856933.01830,0
1711972800000,3766.10,3780.20,3655.10,3681.50,6149.672,1711987199999,22903157.18550,115065,3008.048,11202866.07410,0
1711987200000,3680.90,3785.00,3610.10,3774.70,5925.617,1712001599999,21707467.82120,98356,2998.212,10990225.10410,0
1712001600000,3774.70,3796.60,3687.50,3747.20,4377.782,1712015999999,16352060.92820,75894,2244.329,8387643.36970,0
