open_time,open,high,low,close,volume,close_time,quote_volume,count,taker_buy_volume,taker_buy_quote_volume,ignore
1728432000000,1409.40,1422.80,1404.00,1411.90,2462.474,1728446399999,3480532.51370,28475,1146.373,1620557.31530,0
1728446400000,1411.80,1419.90,1405.70,1409.40,1827.691,1728460799999,2583838.31740,21881,956.775,1352720.23020,0
1728460800000,1409.60,1412.30,1390.20,1396.60,3220.227,1728475199999,4505841.19890,29266,1535.487,2148796.87420,0
1728475200000,1396.70,1396.70,1364.20,1387.80,9463.379,1728489599999,13047249.19600,69332,4584.865,6323192.29050,0
1728489600000,1387.80,1390.20,1354.90,1361.70,6340.313,1728503999999,8688563.90060,47796,2811.573,3853329.32600,0
1728504000000,1361.60,1362.90,1334.90,1350.70,5320.332,1728518399999,7177326.09930,41739,2464.269,3326793.03010,0
