open_time,open,high,low,close,volume,close_time,quote_volume,count,taker_buy_volume,taker_buy_quote_volume,ignore
1722816000000,2167.00,2179.90,1668.00,1912.60,27651.100,1722830399999,53783626.15980,267895,12234.654,23901401.88940,0
1722830400000,1912.50,1960.30,1720.60,1926.50,25059.544,1722844799999,46589422.52900,233869,12796.759,23808929.89740,0
1722844800000,1927.30,1935.60,1803.10,1859.20,11974.777,1722859199999,22418112.35590,134537,6014.760,11255673.47040,0
1722859200000,1858.90,1986.60,1783.30,1967.70,16384.561,1722873599999,30859680.89530,169269,8396.125,15825806.50950,0
1722873600000,1967.90,1987.90,1906.90,1926.30,7241.457,1722887999999,14138864.20570,89013,3635.274,7098367.43000,0
1722888000000,1926.20,1956.80,1898.00,1900.20,5340.094,1722902399999,10308036.95600,62134,2471.566,4772112.31870,0
