open_time,open,high,low,close,volume,close_time,quote_volume,count,taker_buy_volume,taker_buy_quote_volume,ignore
1711843200000,3753.40,3834.90,3705.50,3832.30,4863.918,1711857599999,18362305.88210,85076,2487.445,9397591.39880,0
1711857600000,3832.20,3977.20,3813.60,3943.80,8123.330,1711871999999,31734180.39710,130812,4176.221,16308509.39190,0
1711872000000,3943.50,3969.40,3890.30,3891.30,5802.837,1711886399999,22809426.14960,91603,2689.817,10573771.91960,0
1711886400000,3891.90,3953.40,3885.70,3949.00,3801.238,1711900799999,14904648.91230,72070,1964.335,7701835.80240,0
1711900800000,3949.70,4059.90,3906.10,4027.40,7365.984,1711915199999,29371446.98150,103404,3943.798,15727964.32760,0
1711915200000,4027.50,4033.00,3915.90,3930.30,4842.758,1711929599999,19181507.85480,84795,2372.949,9401168.51260,0
