open_time,open,high,low,close,volume,close_time,quote_volume,count,taker_buy_volume,taker_buy_quote_volume,ignore
1729814400000,1136.60,1137.60,1123.60,1126.00,3903.286,1729828799999,4407030.82340,29042,1912.972,2160085.78240,0
1729828800000,1125.70,1126.00,1107.20,1111.60,6817.299,1729843199999,7602691.57170,41281,3190.809,3558952.73770,0
1729843200000,1111.70,1125.80,1100.10,1124.80,5970.269,1729857599999,6648853.23360,39645,2966.471,3305792.73890,0
1729857600000,1124.90,1129.80,1107.60,1114.90,6020.826,1729871999999,6743325.45710,42048,2943.291,3296993.15100,0
1729872000000,1115.00,1120.60,1066.40,1088.60,13311.990,1729886399999,14550401.38380,69351,5705.129,6241495.92360,0
1729886400000,1088.50,1101.20,1002.00,1062.80,17298.520,1729900799999,18216923.80140,83364,7742.273,8172906.52810,0
