open_time,open,high,low,close,volume,close_time,quote_volume,count,taker_buy_volume,taker_buy_quote_volume,ignore
1717372800000,2641.50,2662.30,2620.00,2623.30,1768.452,1717387199999,4670138.38970,33043,816.765,2157103.44550,0
1717387200000,2623.60,2635.90,2606.30,2617.50,2335.387,1717401599999,6125222.30950,31894,1133.865,2974672.66660,0
1717401600000,2617.50,2629.90,2608.20,2619.40,1564.845,1717415999999,4097140.21170,22676,812.441,2127117.70970,0
1717416000000,2619.10,2634.40,2587.00,2609.80,2529.018,1717430399999,6601051.94410,34489,1228.898,3208310.89690,0
1717430400000,2610.30,2610.40,2571.20,2586.90,1881.447,1717444799999,4860428.44030,25678,771.236,1992175.00960,0
1717444800000,2587.20,2601.00,2577.40,2579.10,1116.269,1717459199999,2891181.00830,17864,507.886,1315638.99710,0
