open_time,open,high,low,close,volume,close_time,quote_volume,count,taker_buy_volume,taker_buy_quote_volume,ignore
1710979200000,3047.10,3081.30,2996.00,3013.60,3973.382,1710993599999,12089347.38720,68524,2041.482,6211887.47450,0
1710993600000,3013.60,3039.50,2963.70,3023.50,4047.681,1711007999999,12172860.31160,74879,2022.947,6084371.29230,0
1711008000000,3023.10,3076.00,3021.60,3049.20,3961.554,1711022399999,12081300.17120,67208,1958.390,5972130.05700,0
1711022400000,3049.30,3178.10,3049.10,3143.30,7924.646,1711036799999,24782209.81530,118595,3941.864,12328708.08920,0
1711036800000,3143.40,3261.30,3068.60,3255.70,11104.177,1711051199999,35056403.91600,154106,5830.202,18422309.68820,0
1711051200000,3255.70,3472.00,3226.90,3382.10,16942.985,1711065599999,57120328.07980,244996,8808.612,29692924.37290,0
