open_time,open,high,low,close,volume,close_time,quote_volume,count,taker_buy_volume,taker_buy_quote_volume,ignore
1714176000000,2866.70,2888.60,2805.20,2885.80,4030.939,1714190399999,11485495.88890,71437,2127.473,6063152.17280,0
1714190400000,2885.20,2903.10,2862.10,2894.80,2050.329,1714204799999,5915519.81900,36457,1021.893,2948359.65690,0
1714204800000,2894.70,2919.20,2873.40,2898.30,2439.832,1714219199999,7067410.10160,39202,1072.610,3108223.37490,0
1714219200000,2898.20,2973.60,2886.50,2918.10,4039.902,1714233599999,11829960.75850,54355,2101.362,6157762.43800,0
1714233600000,2918.10,3015.00,2915.40,2984.50,4656.560,1714247999999,13838576.64580,67878,2283.643,6784234.34430,0
1714248000000,2984.50,3003.80,2952.90,2992.10,1314.927,1714262399999,3915546.56870,27733,668.182,1989536.69420,0
