open_time,open,high,low,close,volume,close_time,quote_volume,count,taker_buy_volume,taker_buy_quote_volume,ignore
1701734400000,1486.30,1495.90,1461.50,1474.30,3949.121,1701748799999,5838893.62500,35601,1851.875,2738599.54620,0
1701748800000,1474.30,1483.20,1456.90,1467.80,4110.627,1701763199999,6048247.79910,35499,1962.543,2887480.22740,0
1701763200000,1467.80,1472.40,1447,1455.60,5668.664,1701777599999,8279447.85910,44111,2480.782,3624611.16630,0
1701777600000,1455.70,1466.20,1448,1462,6782.059,1701791999999,9880533.48610,46314,3479.248,5070556.27870,0
1701792000000,1462.10,1489.30,1453.40,1475.50,7082.794,1701806399999,10418692.27450,54655,3515.944,5173660.09800,0
1701806400000,1475.60,1489.20,1470.20,1488.20,2869.319,1701820799999,4248124.65050,24816,1496.491,2215878.90300,0
