open_time,open,high,low,close,volume,close_time,quote_volume,count,taker_buy_volume,taker_buy_quote_volume,ignore
1707782400000,2078.40,2092.70,2059.20,2063.40,2300.154,1707796799999,4788710.68740,27823,1056.594,2200813.95550,0
1707796800000,2063.30,2093.30,2063.10,2088.40,2149.903,1707811199999,4484862.48700,22168,1045.588,2180891.97560,0
1707811200000,2088.30,2127.90,2082.90,2122.70,3616.860,1707825599999,7635190.15770,40522,1890.802,3990097.64960,0
1707825600000,2122.80,2134.40,2055.90,2063.50,6407.454,1707839999999,13387500.91610,76297,2980.687,6228106.71880,0
1707840000000,2063.60,2079.70,2042.80,2054.10,2957.608,1707854399999,6098991.14960,36459,1464.063,3019751.77000,0
1707854400000,2054.20,2071.40,2045.70,2057.80,1577.529,1707868799999,3245981.91100,20163,796.113,1637757.29910,0
