open_time,open,high,low,close,volume,close_time,quote_volume,count,taker_buy_volume,taker_buy_quote_volume,ignore
1718409600000,2275.40,2293.10,2269.30,2290.70,1686.332,1718423999999,3846510.12430,24753,819.901,1870253.04010,0
1718424000000,2290.80,2310.40,2277.90,2293.40,1560.097,1718438399999,3583759.96240,22018,786.469,1807114.71950,0
1718438400000,2293.70,2305.40,2282.20,2296.40,1242.828,1718452799999,2851264.48130,18133,550.993,1264346.10140,0
1718452800000,2296.20,2322.00,2295.40,2313.30,1559.657,1718467199999,3600253.62970,20997,768.798,1774652.44110,0
1718467200000,2313.30,2318.10,2298.90,2308.80,928.870,1718481599999,2142036.90030,17040,412.471,951160.70190,0
1718481600000,2308.80,2319.10,2293.60,2311.10,768.640,1718495999999,1773004.90040,15266,388.198,895345.90350,0
