open_time,open,high,low,close,volume,close_time,quote_volume,count,taker_buy_volume,taker_buy_quote_volume,ignore
1720224000000,2228.70,2261.70,2205.30,2250.10,3305.207,1720238399999,7385875.40260,48236,1586.153,3544552.81370,0
1720238400000,2250.00,2275.20,2222.50,2264.00,2852.238,1720252799999,6422525.48790,35540,1370.864,3087929.43740,0
1720252800000,2263.60,2286.00,2249.70,2279.20,2477.024,1720267199999,5618465.06690,29400,1298.267,2944549.67940,0
1720267200000,2279.20,2312.00,2262.10,2304.40,3133.423,1720281599999,7174576.10240,39178,1640.380,3756493.30340,0
1720281600000,2304.50,2354.10,2299.20,2332.60,3809.614,1720295999999,8881705.20870,42054,1888.898,4404070.17270,0
1720296000000,2332.30,2354.70,2325.80,2348.50,1799.949,1720310399999,4210252.14870,24899,832.960,1948609.12400,0
