open_time,open,high,low,close,volume,close_time,quote_volume,count,taker_buy_volume,taker_buy_quote_volume,ignore
1702166400000,1431,1443.60,1422.20,1428.40,4665.817,1702180799999,6681485.50950,31375,2234.232,3199960.97640,0
1702180800000,1428.40,1435.40,1412,1420.10,3475.385,1702195199999,4951013.82890,26240,1609.402,2293837.04200,0
1702195200000,1420,1423,1387.90,1403.80,7485.376,1702209599999,10539024.06050,50864,3358.504,4732077.34520,0
1702209600000,1403.90,1417.40,1402.90,1413.50,2595.622,1702223999999,3662466.36610,23720,1285.331,1813393.48950,0
1702224000000,1413.50,1420.70,1408.10,1420.40,2584.749,1702238399999,3657788.00250,23963,1171.586,1658245.03270,0
1702238400000,1420.30,1427.60,1410.60,1419.90,2267.709,1702252799999,3220185.58720,20221,1017.829,1445294.64080,0
