open_time,open,high,low,close,volume,close_time,quote_volume,count,taker_buy_volume,taker_buy_quote_volume,ignore
1722729600000,2312.90,2313.60,2269.20,2296.10,2798.386,1722743999999,6406945.67560,39027,1393.481,3190358.30770,0
1722744000000,2296.00,2308.50,2273.80,2277.40,1653.989,1722758399999,3791521.00060,29749,930.933,2134602.49330,0
1722758400000,2277.20,2295.90,2270.80,2280.00,1331.680,1722772799999,3041758.95480,27193,686.500,1568050.19330,0
1722772800000,2279.90,2294.30,2206.20,2210.10,4854.919,1722787199999,10920594.38220,57596,2194.371,4942955.91850,0
1722787200000,2210.20,2233.50,2100.60,2188.80,9068.971,1722801599999,19663813.53530,108268,4236.548,9192781.91590,0
1722801600000,2188.50,2213.10,2164.50,2167.30,3326.354,1722815999999,7281812.69930,45765,1753.139,3838695.41700,0
