open_time,open,high,low,close,volume,close_time,quote_volume,count,taker_buy_volume,taker_buy_quote_volume,ignore
1714953600000,2908.70,2933.80,2881.60,2885.20,1810.713,1714967999999,5266486.68670,33039,947.146,2755805.14600,0
1714968000000,2885.20,2949.20,2878.10,2929.70,2009.416,1714982399999,5869107.68460,37250,1183.188,3456328.64230,0
1714982400000,2929.70,2966.30,2841.30,2899.10,4619.199,1714996799999,13468356.41350,62684,2182.419,6371811.61290,0
1714996800000,2899.20,2903.60,2793.30,2838.00,4881.423,1715011199999,13864936.15760,75424,2306.632,6554916.04280,0
1715011200000,2838.10,2844.20,2783.30,2798.10,2994.958,1715025599999,8414600.21830,49868,1495.631,4201819.02500,0
1715025600000,2798.80,2811.10,2775.60,2779.60,1330.186,1715039999999,3720046.97910,23734,703.649,1968093.13690,0
