open_time,open,high,low,close,volume,close_time,quote_volume,count,taker_buy_volume,taker_buy_quote_volume,ignore
1701648000000,1515.60,1534.80,1506.30,1511,5811.334,1701662399999,8831808.23430,40020,2879.625,4376089.05240,0
1701662400000,1511,1525.50,1510.50,1514.50,5123.827,1701676799999,7771547.51710,39070,2624.220,3980577.79050,0
1701676800000,1514.50,1518.10,1464,1494.50,10932.273,1701691199999,16326187.46910,68297,5257.319,7851650.55240,0
1701691200000,1494.50,1497.60,1455.40,1465,9267.479,1701705599999,13667326.36850,75211,4533.852,6689560.28030,0
1701705600000,1465,1478.10,1460.60,1476.60,3464.465,1701719999999,5086374.22200,33787,1804.596,2649995.83440,0
1701720000000,1476.60,1491.40,1474.30,1486.30,3318.475,1701734399999,4920454.07890,28923,1648.614,2444794.46900,0
