open_time,open,high,low,close,volume,close_time,quote_volume,count,taker_buy_volume,taker_buy_quote_volume,ignore
1707177600000,1952.00,1956.00,1920.70,1928.00,2370.002,1707191999999,4595875.61090,26213,1041.604,2021308.04690,0
1707192000000,1928.10,1930.00,1911.00,1928.70,2341.026,1707206399999,4500729.73520,25287,1162.024,2234379.12600,0
1707206400000,1928.80,1947.10,1925.00,1933.60,2335.041,1707220799999,4520797.42970,30203,1153.004,2232356.96840,0
1707220800000,1933.10,1944.60,1915.30,1939.40,2336.409,1707235199999,4511107.13080,27676,1022.843,1975029.60560,0
1707235200000,1939.30,1949.90,1931.70,1949.70,1608.113,1707249599999,3123174.50360,22759,757.044,1470496.01310,0
1707249600000,1949.70,1964.80,1946.00,1951.90,1713.399,1707263999999,3351152.25600,22998,827.481,1618324.33680,0
