open_time,open,high,low,close,volume,close_time,quote_volume,count,taker_buy_volume,taker_buy_quote_volume,ignore
1714867200000,2868.30,2887.60,2845.00,2864.60,2361.765,1714881599999,6759633.57190,40883,1259.273,3603480.02960,0
1714881600000,2864.70,2911.00,2861.00,2887.60,3092.081,1714895999999,8916817.60780,37426,1615.044,4655789.79880,0
1714896000000,2887.70,2929.20,2886.90,2919.10,1803.266,1714910399999,5247850.50060,31390,884.494,2574029.00690,0
1714910400000,2919.30,2943.40,2894.10,2929.90,1870.503,1714924799999,5455941.04260,33395,837.123,2441676.34490,0
1714924800000,2930.00,2961.90,2914.10,2928.80,2023.666,1714939199999,5941289.28810,35170,1140.714,3350588.84350,0
1714939200000,2929.20,2931.20,2898.20,2908.80,1333.197,1714953599999,3884065.59970,24014,541.442,1577506.74770,0
