open_time,open,high,low,close,volume,close_time,quote_volume,count,taker_buy_volume,taker_buy_quote_volume,ignore
1719446400000,2450.60,2556.80,2442.60,2536.90,6623.433,1719460799999,16531041.20280,76115,3567.489,8908528.44200,0
1719460800000,2536.90,2568.00,2504.60,2528.70,10544.651,1719475199999,26732680.80660,103623,5136.885,13019604.42590,0
1719475200000,2528.60,2562.50,2495.80,2541.00,8634.921,1719489599999,21793538.96950,93388,4294.731,10845925.36080,0
1719489600000,2541.00,2673.30,2531.20,2613.50,19055.763,1719503999999,50051157.44210,200341,9446.558,24796341.79410,0
1719504000000,2613.60,2633.60,2584.00,2605.60,6112.565,1719518399999,15926317.34460,72476,3019.142,7867888.68800,0
1719518400000,2605.70,2621.50,2593.00,2598.50,3337.458,1719532799999,8703809.86040,44226,1688.565,4403747.69740,0
