open_time,open,high,low,close,volume,close_time,quote_volume,count,taker_buy_volume,taker_buy_quote_volume,ignore
1726272000000,1632.90,1684.00,1625.70,1639.00,6106.436,1726286399999,10036930.76260,30752,3544.529,5826972.54460,0
1726286400000,1638.80,1651.40,1606.60,1620.10,6964.730,1726300799999,11317128.74280,33772,3210.934,5216906.26120,0
1726300800000,1620.00,1622.90,1583.40,1599.30,3910.489,1726315199999,6274965.78380,26472,1647.669,2645481.46240,0
1726315200000,1599.20,1611.70,1594.50,1599.60,2498.547,1726329599999,4005725.51030,18752,1274.421,2043144.51100,0
1726329600000,1599.60,1603.20,1575.00,1585.90,2817.452,1726343999999,4479816.55830,24100,1324.153,2105657.67600,0
1726344000000,1585.80,1603.60,1583.90,1603.60,1713.324,1726358399999,2733665.00910,16281,856.439,1366627.12680,0
