open_time,open,high,low,close,volume,close_time,quote_volume,count,taker_buy_volume,taker_buy_quote_volume,ignore
1707955200000,2091.60,2122.80,2089.40,2114.20,1458.834,1707969599999,3077100.08910,24473,719.285,1516890.77290,0
1707969600000,2114.20,2114.80,2061.00,2068.60,2238.206,1707983999999,4651693.12530,30759,1063.123,2208631.51570,0
1707984000000,2068.20,2086.70,2060.00,2064.60,1645.362,1707998399999,3409450.23640,23811,869.181,1801554.78660,0
1707998400000,2064.10,2092.80,2047.00,2050.60,4071.060,1708012799999,8409904.85360,49715,2037.836,4208927.34090,0
1708012800000,2050.80,2100.50,2033.50,2093.20,4694.054,1708027199999,9688890.67420,51303,2363.622,4878483.61620,0
1708027200000,2093.40,2099.20,2062.80,2098.30,2581.013,1708041599999,5377092.79440,33174,1215.191,2531327.69050,0
