open_time,open,high,low,close,volume,close_time,quote_volume,count,taker_buy_volume,taker_buy_quote_volume,ignore
1727136000000,1632.90,1641.90,1603.00,1611.40,4976.351,1727150399999,8053943.06990,38746,2392.239,3872101.08390,0
1727150400000,1611.40,1617.40,1598.00,1610.60,3689.404,1727164799999,5931069.76430,27707,1793.303,2883617.68110,0
1727164800000,1610.40,1619.70,1596.60,1605.90,3815.456,1727179199999,6131114.76030,28679,1843.975,2963635.67410,0
1727179200000,1605.70,1615.80,1553.10,1569.20,7472.581,1727193599999,11816676.68160,54535,3381.931,5351221.87140,0
1727193600000,1569.80,1594.30,1567.00,1592.30,3780.744,1727207999999,5979937.75100,33980,1820.551,2879769.46060,0
1727208000000,1591.80,1607.90,1584.00,1593.40,3488.222,1727222399999,5559119.20560,28664,1909.724,3044499.97210,0
