open_time,open,high,low,close,volume,close_time,quote_volume,count,taker_buy_volume,taker_buy_quote_volume,ignore
1718841600000,2484.80,2495.40,2450.50,2455.60,3067.036,1718855999999,7579684.03220,49480,1431.645,3538572.24780,0
1718856000000,2455.60,2483.20,2426.20,2442.80,4389.388,1718870399999,10760892.79380,65274,2046.737,5020028.74090,0
1718870400000,2442.90,2485.20,2416.50,2455.80,4696.160,1718884799999,11504049.64010,68355,2289.467,5610953.08300,0
1718884800000,2455.80,2463.30,2346.10,2393.70,7277.444,1718899199999,17419588.68160,95746,3395.638,8125258.43600,0
1718899200000,2393.70,2434.90,2367.00,2422.10,3687.345,1718913599999,8849578.78670,50962,1872.146,4495321.80000,0
1718913600000,2422.20,2499.70,2412.70,2478.90,4126.675,1718927999999,10138718.39770,46015,2163.639,5317582.14010,0
