open_time,open,high,low,close,volume,close_time,quote_volume,count,taker_buy_volume,taker_buy_quote_volume,ignore
1717200000000,2709.00,2720.50,2693.10,2714.00,1772.578,1717214399999,4795234.33980,27444,912.440,2468315.88060,0
1717214400000,2714.10,2730.50,2712.10,2719.00,864.974,1717228799999,2353671.76070,20792,407.736,1109295.07310,0
1717228800000,2718.80,2731.30,2679.10,2688.00,2030.797,1717243199999,5484064.14900,25437,848.984,2291787.65660,0
1717243200000,2688.00,2691.10,2674.60,2676.50,1839.815,1717257599999,4933777.38050,28857,974.796,2614182.21950,0
1717257600000,2676.60,2699.00,2668.80,2674.70,1337.044,1717271999999,3586459.81170,24409,543.821,1458846.69480,0
1717272000000,2674.60,2695.00,2672.10,2681.30,796.300,1717286399999,2136162.83250,17980,409.826,1099542.93780,0
