open_time,open,high,low,close,volume,close_time,quote_volume,count,taker_buy_volume,taker_buy_quote_volume,ignore
1702598400000,1363.80,1364.90,1346.80,1354.90,4363.629,1702612799999,5909145.72000,26864,1958.742,2652198.18020,0
1702612800000,1354.90,1356.20,1343.10,1346.70,2354.301,1702627199999,3176164.18700,19573,1142.567,1541137.48230,0
1702627200000,1346.60,1347.60,1332.80,1334.90,5466.584,1702641599999,7324196.12900,34143,2750.550,3684941.52290,0
1702641600000,1334.90,1336.20,1310.50,1322,5839.480,1702655999999,7747756.26840,45286,2897.491,3844511.63780,0
1702656000000,1322,1328.60,1318.60,1326.10,2653.785,1702670399999,3514283.26540,22775,1264.893,1674998.40810,0
1702670400000,1326.20,1331.40,1301,1314,4788.774,1702684799999,6314013.77910,31227,2196.371,2896242.17980,0
