open_time,open,high,low,close,volume,close_time,quote_volume,count,taker_buy_volume,taker_buy_quote_volume,ignore
1725926400000,1610.40,1612.00,1585.50,1585.60,3209.722,1725940799999,5128260.60750,24187,1477.968,2361283.38230,0
1725940800000,1585.80,1603.40,1583.60,1599.30,3673.694,1725955199999,5848649.27980,25825,1977.336,3148523.28020,0
1725955200000,1599.40,1612.10,1570.20,1588.60,5591.607,1725969599999,8871781.25160,35297,2590.003,4110277.71360,0
1725969600000,1588.60,1598.30,1571.00,1571.60,8222.524,1725983999999,13043319.01570,40244,2693.968,4263605.61070,0
1725984000000,1571.70,1610.60,1571.10,1600.50,5175.584,1725998399999,8238437.39780,31963,2646.613,4213263.78570,0
1725998400000,1600.50,1616.70,1595.00,1608.00,2476.806,1726012799999,3974918.23370,19079,1281.088,2056177.59110,0
