open_time,open,high,low,close,volume,close_time,quote_volume,count,taker_buy_volume,taker_buy_quote_volume,ignore
1710547200000,2830.30,2873.90,2817.90,2845.10,4165.342,1710561599999,11841922.32770,70393,2119.220,6025161.85990,0
1710561600000,2845.20,2914.40,2832.70,2908.30,4767.347,1710575999999,13698730.95020,77319,2373.152,6818851.15570,0
1710576000000,2908.20,2967.20,2870.50,2873.30,6405.595,1710590399999,18725487.74970,99472,3403.952,9951774.20650,0
1710590400000,2873.30,2892.80,2759.90,2808.90,5679.733,1710604799999,15968622.68030,108372,2908.200,8176593.05580,0
1710604800000,2809.00,2818.10,2642.90,2676.20,8299.171,1710619199999,22517078.79380,144612,4163.931,11298623.07730,0
1710619200000,2676.20,2937.40,2653.70,2853.20,13110.511,1710633599999,37082934.74470,198913,6494.125,18368883.72400,0
