open_time,open,high,low,close,volume,close_time,quote_volume,count,taker_buy_volume,taker_buy_quote_volume,ignore
1701993600000,1452.20,1458.40,1442.30,1452.30,4009.420,1702007999999,5818945.83260,29739,1858.983,2698264.63900,0
1702008000000,1452.20,1461.90,1433,1436.80,8035.850,1702022399999,11637326.16240,44948,3824.359,5539721.90170,0
1702022400000,1436.60,1457.20,1431.40,1450.10,4539.833,1702036799999,6556976.67800,35563,2479.212,3580736.45080,0
1702036800000,1450,1450.40,1429,1434.50,5080.806,1702051199999,7323592.74070,38622,2486.822,3584449.67950,0
1702051200000,1434.60,1442.20,1430.20,1438.40,4078.568,1702065599999,5856197.45960,28222,1983.375,2847872.63920,0
1702065600000,1438.30,1451.60,1437.20,1444.20,2814.295,1702079999999,4066013.89380,21750,1444.485,2087027.80360,0
