open_time,open,high,low,close,volume,close_time,quote_volume,count,taker_buy_volume,taker_buy_quote_volume,ignore
1720569600000,2296.60,2297.00,2256.30,2269.80,1860.205,1720583999999,4229631.84920,25157,848.036,1928351.81080,0
1720584000000,2269.60,2307.70,2269.60,2284.70,3253.254,1720598399999,7452632.25920,36634,1591.374,3645583.27380,0
1720598400000,2284.70,2304.30,2256.20,2291.10,2738.114,1720612799999,6254265.29910,29785,1377.231,3146649.23140,0
1720612800000,2291.10,2319.60,2267.90,2297.70,4533.465,1720627199999,10384026.12580,56591,1978.426,4532564.34660,0
1720627200000,2297.60,2323.50,2286.60,2304.60,2149.210,1720641599999,4951652.74250,25895,1013.957,2336693.08680,0
1720641600000,2304.70,2315.10,2289.10,2293.20,1411.545,1720655999999,3247079.77110,20789,681.385,1567520.78350,0
