open_time,open,high,low,close,volume,close_time,quote_volume,count,taker_buy_volume,taker_buy_quote_volume,ignore
1702944000000,1291.50,1312.30,1288.90,1299.60,4411.708,1702958399999,5735705.30910,29072,2281.360,2966171.80540,0
1702958400000,1299.60,1306.90,1294.40,1299.00,2935.197,1702972799999,3816161.95980,20337,1484.997,1930891.04370,0
1702972800000,1298.90,1299.90,1260.30,1280.70,12696.479,1702987199999,16201014.15240,71492,6553.631,8359815.14730,0
1702987200000,1280.80,1284.30,1268.50,1279.40,7311.014,1703001599999,9336367.36190,44569,3468.961,4429948.10270,0
1703001600000,1279.30,1290.30,1262.40,1288.20,6161.989,1703015999999,7859024.38630,42655,3058.045,3900343.08350,0
1703016000000,1288.00,1292.30,1277.60,1292.10,3312.753,1703030399999,4261951.97310,26251,1497.854,1927210.92850,0
