open_time,open,high,low,close,volume,close_time,quote_volume,count,taker_buy_volume,taker_buy_quote_volume,ignore
1725753600000,1541.10,1562.70,1535.80,1555.90,1779.696,1725767999999,2760763.42790,15163,944.867,1465507.52540,0
1725768000000,1555.90,1573.30,1553.50,1567.00,1855.526,1725782399999,2901438.34290,17153,925.618,1447049.86150,0
1725782400000,1567.00,1567.80,1550.00,1552.80,1888.953,1725796799999,2943436.28850,19488,873.324,1360880.55990,0
1725796800000,1552.90,1559.60,1516.20,1518.10,4480.610,1725811199999,6878743.87000,29127,2027.340,3113413.31480,0
1725811200000,1518.20,1526.00,1500.00,1520.00,2978.019,1725825599999,4516774.30640,20389,1377.142,2089252.78790,0
1725825600000,1520.00,1554.90,1516.80,1540.20,2818.332,1725839999999,4330612.66840,24879,1356.125,2083831.75160,0
