open_time,open,high,low,close,volume,close_time,quote_volume,count,taker_buy_volume,taker_buy_quote_volume,ignore
1703721600000,1532.00,1620.80,1531.10,1619.30,17784.977,1703735999999,28237236.37080,105119,9555.893,15161456.93800,0
1703736000000,1619.50,1633.50,1582.20,1609.20,13502.182,1703750399999,21712911.07400,83698,6491.064,10434811.79200,0
1703750400000,1609.40,1615.50,1582.60,1614.60,7594.836,1703764799999,12147071.00000,49813,3840.696,6144101.31920,0
1703764800000,1614.50,1658.60,1584.70,1590.20,28318.984,1703779199999,45912671.80920,161129,14342.974,23268734.80830,0
1703779200000,1590.00,1610.30,1561.80,1574.40,9869.481,1703793599999,15625668.97910,73104,4631.799,7334435.15730,0
1703793600000,1574.50,1578.90,1538.80,1560.90,8682.934,1703807999999,13534347.71180,60208,4152.472,6473683.84980,0
