open_time,open,high,low,close,volume,close_time,quote_volume,count,taker_buy_volume,taker_buy_quote_volume,ignore
1711497600000,3217.80,3259.90,3208.90,3227.70,1781.465,1711511999999,5766695.86330,47458,975.090,3156542.76800,0
1711512000000,3227.70,3273.20,3205.10,3271.00,2927.819,1711526399999,9476526.87440,51213,1462.315,4731927.06690,0
1711526400000,3271.10,3293.70,3175.60,3219.60,4341.747,1711540799999,13997456.59080,87528,2056.977,6632825.66300,0
1711540800000,3219.50,3280.00,3123.70,3158.30,6679.736,1711555199999,21355606.83320,137080,3075.316,9836179.78140,0
1711555200000,3158.30,3276.00,3143.70,3261.90,4332.061,1711569599999,13941870.39750,81030,2131.017,6856845.58280,0
1711569600000,3262.00,3331.50,3211.40,3297.50,3952.799,1711583999999,12980215.22170,65851,2092.876,6874050.23830,0
