open_time,open,high,low,close,volume,close_time,quote_volume,count,taker_buy_volume,taker_buy_quote_volume,ignore
1723248000000,2007.00,2027.90,1979.30,1991.30,2364.302,1723262399999,4728779.07250,31016,1154.993,2310990.94050,0
1723262400000,1991.30,2008.70,1981.90,2004.40,1280.296,1723276799999,2554035.89240,17395,647.715,1292380.57090,0
1723276800000,2004.40,2013.10,1991.40,2000.60,1610.555,1723291199999,3221948.80950,19752,815.155,1631105.38610,0
1723291200000,2000.50,2001.40,1967.60,1969.40,1854.665,1723305599999,3681741.55400,22628,867.345,1722751.02350,0
1723305600000,1969.30,1977.80,1946.80,1949.60,3100.648,1723319999999,6082814.97260,31624,1581.923,3104893.64310,0
1723320000000,1949.90,1974.60,1949.30,1974.10,1983.007,1723334399999,3890339.42400,22027,1002.454,1966957.24120,0
