open_time,open,high,low,close,volume,close_time,quote_volume,count,taker_buy_volume,taker_buy_quote_volume,ignore
1719792000000,2537.20,2622.50,2533.70,2616.50,4879.424,1719806399999,12615030.97130,57043,2436.865,6299220.36010,0
1719806400000,2616.50,2637.80,2603.80,2634.10,2619.425,1719820799999,6866303.90760,38611,1332.963,3494654.30740,0
1719820800000,2633.70,2637.10,2583.50,2593.30,2982.917,1719835199999,7778322.52250,39700,1407.954,3671386.86350,0
1719835200000,2593.30,2627.80,2578.70,2625.40,3419.064,1719849599999,8904618.64630,44219,1737.844,4526734.73340,0
1719849600000,2625.40,2650.60,2597.60,2598.00,3450.963,1719863999999,9053494.81940,43590,1787.299,4689417.14990,0
1719864000000,2597.90,2603.60,2555.50,2566.20,2839.103,1719878399999,7327204.56820,34308,1238.037,3196727.87200,0
