open_time,open,high,low,close,volume,close_time,quote_volume,count,taker_buy_volume,taker_buy_quote_volume,ignore
1710288000000,2636.60,2909.00,2630.70,2794.30,23502.832,1710302399999,65875552.86610,254891,11778.072,32972158.81920,0
1710302400000,2794.30,2803.90,2726.10,2778.20,9601.295,1710316799999,26506030.30560,116462,4929.863,13608580.11400,0
1710316800000,2778.30,2827.10,2760.10,2814.10,5551.369,1710331199999,15525671.80540,82005,2589.433,7243833.43820,0
1710331200000,2814.10,2857.50,2752.10,2759.20,11699.941,1710345599999,32761609.74590,150626,5596.588,15677465.29180,0
1710345600000,2759.20,2874.50,2748.90,2862.80,6932.631,1710359999999,19526500.64280,101088,3596.492,10127039.90130,0
1710360000000,2862.90,2947.60,2856.50,2897.90,7100.357,1710374399999,20647643.00360,106304,3482.206,10129685.78790,0
