open_time,open,high,low,close,volume,close_time,quote_volume,count,taker_buy_volume,taker_buy_quote_volume,ignore
1711411200000,3303.30,3355.10,3293.10,3310.80,2393.396,1711425599999,7950569.64410,48464,1199.577,3983996.95630,0
1711425600000,3310.80,3341.90,3292.00,3308.80,1931.155,1711439999999,6393555.03710,39051,915.801,3033506.91320,0
1711440000000,3309.20,3350.30,3294.90,3322.70,2016.137,1711454399999,6707663.29060,46652,989.865,3293206.43620,0
1711454400000,3322.00,3341.30,3216.80,3238.00,4614.175,1711468799999,15141992.91600,90532,2173.355,7129251.70980,0
1711468800000,3238.00,3260.90,3195.30,3219.60,2694.195,1711483199999,8690480.84210,67371,1362.648,4395256.60730,0
1711483200000,3220.00,3254.50,3206.50,3217.40,1431.936,1711497599999,4630005.88110,37719,730.707,2362907.13130,0
