open_time,open,high,low,close,volume,close_time,quote_volume,count,taker_buy_volume,taker_buy_quote_volume,ignore
1704585600000,1699.30,1748.30,1694.90,1741.70,4080.235,1704599999999,7058970.07320,44348,1826.213,3159332.69640,0
1704600000000,1741.80,1760.00,1734.50,1752.80,3117.976,1704614399999,5452778.97250,39344,1431.792,2503625.43920,0
1704614400000,1752.80,1802.60,1739.20,1795.50,8161.423,1704628799999,14488133.72880,71279,4199.610,7451482.28450,0
1704628800000,1795.30,1860.20,1785.10,1825.00,13406.065,1704643199999,24552442.17620,110470,6687.395,12245200.53040,0
1704643200000,1825.00,1841.30,1796.20,1802.70,7450.400,1704657599999,13521176.99980,66125,3822.173,6936872.63760,0
1704657600000,1802.50,1815.70,1721.70,1753.20,9569.462,1704671999999,16916276.65910,87506,4699.827,8312991.78420,0
