open_time,open,high,low,close,volume,close_time,quote_volume,count,taker_buy_volume,taker_buy_quote_volume,ignore
1729123200000,1278.70,1296.80,1278.30,1289.70,5593.142,1729137599999,7201009.73470,37641,2706.399,3484784.09770,0
1729137600000,1289.70,1290.20,1264.70,1273.90,5395.496,1729151999999,6877499.90820,38114,2351.659,2998950.86100,0
1729152000000,1274.10,1280.50,1250.00,1252.70,7476.637,1729166399999,9452977.11390,45145,3241.473,4100649.16470,0
1729166400000,1252.80,1266.30,1227.30,1229.50,12608.691,1729180799999,15722144.63460,70992,5968.297,7448401.67880,0
1729180800000,1229.30,1235.90,1187.20,1205.80,13626.080,1729195199999,16488026.60310,76345,6362.675,7703529.78210,0
1729195200000,1206.00,1215.80,1198.10,1201.50,3584.162,1729209599999,4324462.94090,26484,1970.702,2378471.53810,0
