open_time,open,high,low,close,volume,close_time,quote_volume,count,taker_buy_volume,taker_buy_quote_volume,ignore
1715731200000,2678.00,2700.70,2665.60,2700.50,822.739,1715745599999,2209805.40400,22390,428.042,1149969.49510,0
1715745600000,2700.40,2752.80,2694.20,2717.20,2094.229,1715759999999,5698186.03810,28191,1107.006,3012653.09920,0
1715760000000,2717.10,2728.80,2691.00,2722.20,1993.133,1715774399999,5404144.78310,36721,1034.094,2804104.59420,0
1715774400000,2722.20,2792.40,2716.20,2775.70,3886.495,1715788799999,10695294.71900,58549,1898.457,5224698.91300,0
1715788800000,2775.60,2790.90,2754.20,2789.20,1918.173,1715803199999,5313373.67320,32335,1098.372,3042841.79690,0
1715803200000,2789.20,2817.30,2785.60,2806.50,1362.370,1715817599999,3815394.35300,26573,732.274,2050980.49460,0
