open_time,open,high,low,close,volume,close_time,quote_volume,count,taker_buy_volume,taker_buy_quote_volume,ignore
1726012800000,1608.10,1608.70,1570.50,1584.90,3998.103,1726027199999,6353352.08180,29178,1732.602,2753962.44640,0
1726027200000,1584.40,1608.10,1555.50,1600.40,6382.283,1726041599999,10087282.88070,38923,3415.733,5406997.94080,0
1726041600000,1600.30,1602.90,1544.70,1563.70,6534.607,1726055999999,10288623.82270,37887,2682.534,4225108.05620,0
1726056000000,1563.50,1584.00,1515.80,1548.90,7350.589,1726070399999,11382930.92160,54688,3340.950,5177596.00550,0
1726070400000,1548.80,1588.10,1546.20,1575.30,3602.918,1726084799999,5671675.54370,32637,1777.571,2798452.26610,0
1726084800000,1575.30,1598.00,1574.80,1594.50,3017.307,1726099199999,4794442.26370,24072,1705.749,2710685.12940,0
