open_time,open,high,low,close,volume,close_time,quote_volume,count,taker_buy_volume,taker_buy_quote_volume,ignore
1702252800000,1420,1423,1246.80,1348.10,20117.305,1702267199999,27055744.29810,124306,9515.707,12818648.71400,0
1702267200000,1348.10,1359.80,1332.20,1344.10,10270.978,1702281599999,13803570.88680,77151,4942.877,6642136.44680,0
1702281600000,1344.20,1362.90,1342,1357.80,4457.663,1702295999999,6033507.28980,41673,2270.180,3073058.67580,0
1702296000000,1357.70,1363.60,1337.90,1348.60,7291.072,1702310399999,9845577.26830,51501,3536.822,4776447.10790,0
1702310400000,1348.40,1366.30,1319.70,1362.90,11793.589,1702324799999,15863359.05130,79986,6069.046,8166685.23830,0
1702324800000,1363,1393.90,1360.50,1393.70,9077.963,1702339199999,12510656.97790,54451,4889.599,6736655.73390,0
