open_time,open,high,low,close,volume,close_time,quote_volume,count,taker_buy_volume,taker_buy_quote_volume,ignore
1707868800000,2057.90,2068.10,2033.80,2065.10,2128.640,1707883199999,4358818.59450,24287,1186.356,2429879.76110,0
1707883200000,2065.10,2072.80,2056.20,2069.10,916.075,1707897599999,1891512.50110,13830,436.742,901727.74770,0
1707897600000,2069.10,2137.50,2057.80,2117.70,4237.720,1707911999999,8937832.94940,45628,2228.997,4702489.32190,0
1707912000000,2117.80,2129.60,2092.50,2116.60,3030.728,1707926399999,6400902.16360,36231,1548.058,3270471.70990,0
1707926400000,2116.70,2118.60,2077.10,2092.70,2428.207,1707940799999,5081080.34540,29185,1033.328,2161358.88500,0
1707940800000,2092.80,2104.40,2084.40,2091.10,1004.330,1707955199999,2100934.04730,17257,509.412,1065726.25420,0
