open_time,open,high,low,close,volume,close_time,quote_volume,count,taker_buy_volume,taker_buy_quote_volume,ignore
1727308800000,1549.30,1563.90,1521.30,1557.30,6583.993,1727323199999,10155829.97800,43362,2841.083,4386069.90020,0
1727323200000,1557.30,1587.60,1547.30,1584.40,4483.040,1727337599999,7035704.41240,33979,2336.539,3668170.48760,0
1727337600000,1584.80,1587.90,1560.10,1571.80,4374.639,1727351999999,6879952.52700,34560,1999.466,3145385.69560,0
1727352000000,1571.80,1602.20,1561.40,1598.10,8278.947,1727366399999,13083183.66530,58318,3848.463,6081416.96890,0
1727366400000,1598.10,1612.70,1581.70,1595.40,7323.711,1727380799999,11707918.81490,47415,3722.549,5950004.59460,0
1727380800000,1595.20,1615.40,1583.80,1607.10,6332.607,1727395199999,10133903.00570,39567,2749.808,4402097.10950,0
