open_time,open,high,low,close,volume,close_time,quote_volume,count,taker_buy_volume,taker_buy_quote_volume,ignore
1701216000000,1487.40,1498.70,1480,1498.30,3478.087,1701230399999,5176541.37790,25731,1703.319,2535838.30130,0
1701230400000,1498.30,1547.70,1497,1535.70,12715.623,1701244799999,19393566.78370,63504,6396.028,9752069.33610,0
1701244800000,1535.60,1537.60,1516.40,1520.30,7485.806,1701259199999,11423667.78850,45805,3525.378,5381553.09040,0
1701259200000,1520.30,1547.70,1520,1531.70,9681.766,1701273599999,14862688.14050,58029,4825.456,7408324.63110,0
1701273600000,1531.70,1556.90,1527.30,1546.80,7294.349,1701287999999,11244748.29100,47027,3972.084,6125749.83330,0
1701288000000,1546.70,1549,1519.50,1523.40,4613.233,1701302399999,7067276.19680,31951,2171.067,3325045.88880,0
