open_time,open,high,low,close,volume,close_time,quote_volume,count,taker_buy_volume,taker_buy_quote_volume,ignore
1715904000000,2691.80,2698.60,2671.10,2674.40,1405.231,1715918399999,3767227.02230,27508,693.715,1859706.84970,0
1715918400000,2674.70,2733.20,2659.60,2732.30,1988.649,1715932799999,5345566.15540,32274,915.196,2461590.31800,0
1715932800000,2732.30,2748.00,2697.50,2710.50,2168.232,1715947199999,5887484.83800,35450,1037.194,2815820.08150,0
1715947200000,2710.50,2786.80,2701.00,2776.70,4011.441,1715961599999,11063952.74790,49824,2208.532,6088679.99170,0
1715961600000,2776.70,2785.90,2747.70,2764.80,2405.262,1715975999999,6658264.13470,32459,1210.176,3350558.98480,0
1715976000000,2764.40,2797.00,2762.00,2784.30,851.448,1715990399999,2369810.89230,18845,418.533,1164723.60390,0
