open_time,open,high,low,close,volume,close_time,quote_volume,count,taker_buy_volume,taker_buy_quote_volume,ignore
1704412800000,1777.60,1830.90,1764.20,1790.70,12982.509,1704427199999,23404929.87850,107643,6202.717,11184104.42880,0
1704427200000,1790.90,1822.80,1779.40,1816.10,6841.762,1704441599999,12315847.68900,57334,3206.639,5771456.65990,0
1704441600000,1816.10,1816.10,1750.00,1759.50,8541.134,1704455999999,15214934.01110,72747,4205.213,7494672.81900,0
1704456000000,1759.60,1767.10,1695.90,1708.80,10532.013,1704470399999,18231035.42900,86811,5242.387,9073714.48670,0
1704470400000,1708.90,1720.50,1671.00,1694.80,7426.585,1704484799999,12627991.03100,71123,3658.871,6223070.05030,0
1704484800000,1694.70,1754.50,1690.60,1742.30,4765.464,1704499199999,8184181.32410,46884,2426.688,4165902.43130,0
