open_time,open,high,low,close,volume,close_time,quote_volume,count,taker_buy_volume,taker_buy_quote_volume,ignore
1726876800000,1519.10,1524.60,1489.00,1492.70,3424.395,1726891199999,5153198.90260,29219,1608.148,2420705.52970,0
1726891200000,1492.70,1512.30,1479.00,1510.80,3168.844,1726905599999,4732618.73220,24517,1669.239,2494049.83080,0
1726905600000,1511.00,1521.90,1498.40,1519.00,2423.037,1726919999999,3657956.57460,18424,1235.665,1865921.71580,0
1726920000000,1519.20,1553.90,1517.60,1540.30,6698.022,1726934399999,10303410.67270,40511,3568.612,5488854.62780,0
1726934400000,1540.40,1564.90,1540.40,1558.80,3841.040,1726948799999,5975648.66360,29503,2208.675,3435585.09680,0
1726948800000,1558.90,1592.10,1548.00,1581.90,3256.718,1726963199999,5101883.05880,23614,1686.200,2644102.30110,0
