open_time,open,high,low,close,volume,close_time,quote_volume,count,taker_buy_volume,taker_buy_quote_volume,ignore
1707004800000,2007.20,2016.30,1996.10,2008.60,1789.103,1707019199999,3586243.32170,22003,1008.325,2020972.46550,0
1707019200000,2008.50,2019.90,1998.00,1999.70,2180.641,1707033599999,4382728.75970,24132,1084.278,2179622.93160,0
1707033600000,1999.60,2022.70,1998.00,2015.60,1967.862,1707047999999,3960189.37130,21318,1151.422,2316921.05750,0
1707048000000,2015.40,2026.80,2003.60,2008.80,1844.265,1707062399999,3715879.51130,22247,821.326,1654746.43090,0
1707062400000,2008.80,2023.90,1987.50,2003.40,1808.592,1707076799999,3624444.75140,22740,915.832,1835118.63120,0
1707076800000,2003.30,2021.00,1975.00,1994.40,2170.182,1707091199999,4336807.09490,26267,1004.579,2006652.26420,0
