open_time,open,high,low,close,volume,close_time,quote_volume,count,taker_buy_volume,taker_buy_quote_volume,ignore
1715212800000,2695.80,2723.60,2694.70,2722.80,1458.554,1715227199999,3954372.02120,29826,680.474,1844742.32440,0
1715227200000,2723.10,2729.00,2676.30,2682.80,2072.989,1715241599999,5608406.00910,34418,983.195,2659124.94450,0
1715241600000,2682.80,2701.70,2665.60,2693.30,1957.943,1715255999999,5250228.13860,38888,955.735,2562788.09830,0
1715256000000,2693.30,2725.70,2666.40,2715.30,1554.550,1715270399999,4188110.92300,32221,772.926,2083146.44520,0
1715270400000,2715.10,2754.30,2689.30,2753.90,1500.571,1715284799999,4085653.82640,30313,739.323,2013631.49500,0
1715284800000,2754.00,2761.90,2728.80,2747.30,1520.415,1715299199999,4173448.78030,29554,684.820,1880216.37760,0
