open_time,open,high,low,close,volume,close_time,quote_volume,count,taker_buy_volume,taker_buy_quote_volume,ignore
1728691200000,1366.50,1374.00,1350.10,1358.00,3258.098,1728705599999,4437580.70230,30308,1564.674,2131505.09320,0
1728705600000,1358.10,1373.00,1357.80,1372.30,3444.585,1728719999999,4706580.77510,23459,1456.011,1989217.72040,0
1728720000000,1372.30,1380.60,1359.70,1368.30,3542.355,1728734399999,4846859.48110,27321,1962.845,2685955.72760,0
1728734400000,1368.40,1383.00,1364.10,1368.20,3905.538,1728748799999,5366050.93110,30775,1723.650,2368664.13710,0
1728748800000,1368.20,1376.90,1353.10,1360.10,4225.498,1728763199999,5762068.27850,30276,1883.500,2569536.69060,0
1728763200000,1359.90,1365.70,1353.00,1355.60,1816.834,1728777599999,2470831.90190,17466,826.591,1124406.84210,0
