open_time,open,high,low,close,volume,close_time,quote_volume,count,taker_buy_volume,taker_buy_quote_volume,ignore
1704499200000,1742.30,1781.00,1723.20,1773.80,6403.761,1704513599999,11239892.31340,59350,3015.700,5294921.04600,0
1704513600000,1773.80,1780.00,1700.40,1712.40,7978.360,1704527999999,13839531.04670,77311,3974.379,6893838.34730,0
1704528000000,1712.40,1757.30,1703.40,1718.30,5503.653,1704542399999,9546792.39520,53221,2643.533,4584331.43960,0
1704542400000,1718.30,1755.90,1711.20,1742.70,5679.880,1704556799999,9842085.21220,52400,2761.316,4782343.69330,0
1704556800000,1742.70,1767.10,1730.50,1745.50,3614.906,1704571199999,6327140.82710,44990,1743.087,3051102.41200,0
1704571200000,1745.50,1753.70,1691.80,1699.10,4189.340,1704585599999,7211106.41830,46009,2207.472,3797499.16470,0
