open_time,open,high,low,close,volume,close_time,quote_volume,count,taker_buy_volume,taker_buy_quote_volume,ignore
1726185600000,1620.30,1624.00,1603.20,1606.80,1430.619,1726199999999,2310477.37640,15117,667.961,1078796.88150,0
1726200000000,1606.90,1608.40,1594.50,1601.30,1939.773,1726214399999,3105561.61930,19209,929.516,1488170.41120,0
1726214400000,1601.30,1621.10,1595.50,1598.00,2826.120,1726228799999,4543549.52520,21947,1369.434,2202089.63380,0
1726228800000,1597.70,1635.40,1587.30,1630.60,4277.400,1726243199999,6882566.04210,32405,2113.397,3402500.17640,0
1726243200000,1630.60,1633.80,1622.00,1629.10,3346.530,1726257599999,5453907.55680,25703,1801.368,2936404.46090,0
1726257600000,1629.30,1635.30,1628.00,1632.90,4899.164,1726271999999,8004024.75140,21510,3258.774,5325358.40360,0
