open_time,open,high,low,close,volume,close_time,quote_volume,count,taker_buy_volume,taker_buy_quote_volume,ignore
1716595200000,2752.20,2824.80,2740.00,2810.70,2004.530,1716609599999,5573638.47510,31888,1134.121,3153627.55820,0
1716609600000,2810.60,2857.90,2780.00,2793.60,3837.931,1716623999999,10861164.49650,44079,1782.681,5044157.73890,0
1716624000000,2793.20,2827.50,2765.30,2797.30,2075.997,1716638399999,5806856.45560,32417,1077.347,3014888.79970,0
1716638400000,2797.30,2799.00,2754.70,2787.70,2097.253,1716652799999,5827502.64570,33662,1047.035,2909216.78160,0
1716652800000,2787.80,2803.00,2778.40,2793.30,1146.425,1716667199999,3201665.05110,23180,530.210,1480930.02950,0
1716667200000,2793.40,2801.90,2776.60,2798.70,848.359,1716681599999,2366530.86940,18590,467.202,1303485.06720,0
