open_time,open,high,low,close,volume,close_time,quote_volume,count,taker_buy_volume,taker_buy_quote_volume,ignore
1728518400000,1350.60,1365.00,1341.30,1358.20,3379.601,1728532799999,4578095.46700,32406,1670.183,2262729.39790,0
1728532800000,1358.20,1376.70,1358.20,1363.80,3487.192,1728547199999,4771255.00380,27883,1771.334,2423392.11190,0
1728547200000,1363.80,1370.50,1346.10,1364.10,3415.250,1728561599999,4646906.81360,32553,1633.694,2222462.99920,0
1728561600000,1364.10,1365.30,1342.10,1362.90,4864.655,1728575999999,6584912.08730,42215,2360.468,3195909.47670,0
1728576000000,1363.00,1369.80,1320.40,1346.70,6564.194,1728590399999,8807423.09190,51239,2984.281,4006583.85110,0
1728590400000,1346.60,1359.60,1343.70,1354.70,1834.770,1728604799999,2478496.87740,19037,866.514,1170327.95920,0
