open_time,open,high,low,close,volume,close_time,quote_volume,count,taker_buy_volume,taker_buy_quote_volume,ignore
1710374400000,2897.60,2957.10,2858.30,2863.10,8509.820,1710388799999,24705654.54460,126350,4064.648,11800588.73520,0
1710388800000,2863.00,2879.60,2796.60,2800.10,7175.996,1710403199999,20356729.42110,123385,3581.689,10161462.71470,0
1710403200000,2799.60,2853.60,2793.50,2836.40,5329.741,1710417599999,15075643.95990,86011,2730.597,7723585.63670,0
1710417600000,2836.30,2910.70,2788.00,2790.50,13989.477,1710431999999,39818844.29450,191029,6689.380,19050839.95630,0
1710432000000,2790.50,2898.40,2763.50,2815.30,12419.749,1710446399999,35122657.78010,184479,6051.581,17115227.26130,0
1710446400000,2815.60,2984.30,2810.00,2903.50,10209.788,1710460799999,29752287.85800,137829,5148.068,15000486.26130,0
