open_time,open,high,low,close,volume,close_time,quote_volume,count,taker_buy_volume,taker_buy_quote_volume,ignore
1730678400000,1176.80,1187.00,1160.00,1172.30,5357.567,1730692799999,6290256.83400,34887,2745.485,3224805.27590,0
1730692800000,1172.40,1176.10,1156.20,1161.90,5285.120,1730707199999,6162460.53650,28000,2777.903,3239904.68580,0
1730707200000,1161.80,1178.90,1160.70,1177.20,4252.770,1730721599999,4974618.54360,31340,2162.497,2529596.73710,0
1730721600000,1177.20,1190.10,1163.00,1165.90,6897.078,1730735999999,8119168.04970,49046,3072.149,3617377.99440,0
1730736000000,1165.90,1169.60,1150.30,1153.00,6091.561,1730750399999,7053906.62070,37528,2861.064,3314037.34120,0
1730750400000,1153.00,1159.60,1131.60,1145.80,6852.369,1730764799999,7854972.72590,40234,3438.878,3942852.33490,0
