open_time,open,high,low,close,volume,close_time,quote_volume,count,taker_buy_volume,taker_buy_quote_volume,ignore
1713830400000,2897.30,2918.60,2846.30,2850.80,3019.387,1713844799999,8704864.56040,67316,1528.713,4407015.30200,0
1713844800000,2850.90,2865.70,2799.50,2817.70,4657.283,1713859199999,13206477.62090,87072,2312.683,6559491.83500,0
1713859200000,2817.80,2834.90,2805.60,2819.20,3089.943,1713873599999,8717599.82920,55227,1568.303,4426272.42060,0
1713873600000,2819.20,2890.80,2811.90,2870.20,5381.709,1713887999999,15342984.67400,83071,2765.648,7885433.74180,0
1713888000000,2870.40,2925.70,2862.40,2922.40,3760.279,1713902399999,10902591.79970,67608,1756.817,5093284.31050,0
1713902400000,2922.20,2929.20,2891.50,2924.70,2799.563,1713916799999,8153108.91140,52656,1301.183,3790782.60920,0
