open_time,open,high,low,close,volume,close_time,quote_volume,count,taker_buy_volume,taker_buy_quote_volume,ignore
1730246400000,1157.30,1162.40,1142.80,1160.10,4439.870,1730260799999,5117053.54330,34462,1985.500,2289081.67320,0
1730260800000,1160.20,1217.40,1158.70,1192.70,18934.351,1730275199999,22580845.87640,90192,8906.423,10616633.75790,0
1730275200000,1192.70,1249.50,1191.20,1194.80,22970.009,1730289599999,28018453.80920,129572,10709.895,13060608.42850,0
1730289600000,1195.00,1255.50,1190.80,1245.00,22911.652,1730303999999,28103535.42990,137723,11055.076,13558947.04100,0
1730304000000,1244.90,1269.90,1232.00,1256.10,19569.560,1730318399999,24576364.23980,109204,9532.216,11971131.06030,0
1730318400000,1255.80,1271.80,1237.80,1247.50,12852.503,1730332799999,16133984.85520,75248,6038.299,7580214.93210,0
