open_time,open,high,low,close,volume,close_time,quote_volume,count,taker_buy_volume,taker_buy_quote_volume,ignore
1705881600000,1991.40,1999.30,1971.50,1993.50,3488.538,1705895999999,6926743.17620,37508,1771.817,3518757.78380,0
1705896000000,1993.50,2007.30,1978.40,1992.50,2628.381,1705910399999,5239544.52470,31728,1266.316,2524478.03720,0
1705910400000,1992.10,1998.90,1947.80,1957.80,3713.300,1705924799999,7320271.54700,50613,1806.164,3561655.45540,0
1705924800000,1957.80,1985.50,1936.50,1967.70,3901.035,1705939199999,7649473.90770,57072,2075.508,4069148.58610,0
1705939200000,1967.70,1980.00,1922.00,1934.50,3421.062,1705953599999,6689759.82270,47504,1689.806,3304431.50640,0
1705953600000,1934.60,1961.90,1925.70,1933.60,3063.544,1705967999999,5950224.24650,36695,1532.521,2976637.58920,0
