open_time,open,high,low,close,volume,close_time,quote_volume,count,taker_buy_volume,taker_buy_quote_volume,ignore
1725494400000,1671.50,1686.80,1650.50,1653.10,4095.339,1725508799999,6848589.24240,28915,1781.098,2980528.36260,0
1725508800000,1653.30,1665.40,1641.50,1659.00,2127.152,1725523199999,3520602.50800,21079,1033.438,1710703.07860,0
1725523200000,1659.00,1663.30,1646.60,1648.10,1576.310,1725537599999,2605974.99680,18874,694.154,1147486.80680,0
1725537600000,1648.10,1658.30,1620.00,1630.80,3969.015,1725551999999,6505961.14090,34855,1843.587,3023366.88090,0
1725552000000,1630.60,1636.50,1610.70,1616.20,2376.024,1725566399999,3860924.36720,27572,1235.447,2008035.26720,0
1725566400000,1616.00,1633.40,1615.20,1626.10,2055.883,1725580799999,3341732.55860,22502,1086.020,1764983.29010,0
