open_time,open,high,low,close,volume,close_time,quote_volume,count,taker_buy_volume,taker_buy_quote_volume,ignore
1708041600000,2098.40,2130.00,2096.70,2121.30,2773.381,1708055999999,5859543.61770,33256,1235.539,2610383.13050,0
1708056000000,2121.80,2130.70,2087.00,2087.40,2113.235,1708070399999,4458573.49140,24374,937.454,1977667.16540,0
1708070400000,2088.10,2105.30,2068.20,2093.70,2458.565,1708084799999,5126333.37340,28372,1176.356,2453466.25290,0
1708084800000,2093.50,2104.80,2020.10,2065.00,4481.025,1708099199999,9253755.68110,47312,2392.536,4939673.28750,0
1708099200000,2064.90,2077.80,2048.40,2057.70,2108.897,1708113599999,4353686.48490,28586,968.124,1998834.69720,0
1708113600000,2057.70,2099.00,2055.20,2082.20,1934.374,1708127999999,4024192.34650,22528,959.489,1996070.38710,0
