open_time,open,high,low,close,volume,close_time,quote_volume,count,taker_buy_volume,taker_buy_quote_volume,ignore
1719705600000,2439.00,2458.20,2427.20,2454.00,3386.688,1719719999999,8276519.87750,40594,1700.167,4154493.69220,0
1719720000000,2453.90,2470.90,2431.30,2450.40,2871.747,1719734399999,7043513.07900,35281,1412.186,3463124.68610,0
1719734400000,2450.30,2485.70,2448.60,2462.00,2526.156,1719748799999,6234088.33340,33367,1320.241,3258681.54140,0
1719748800000,2462.10,2486.40,2444.20,2483.80,2672.658,1719763199999,6587111.20980,36588,1341.543,3306001.76710,0
1719763200000,2483.50,2549.40,2468.20,2519.80,3880.900,1719777599999,9742768.67870,42179,2045.249,5134904.62880,0
1719777600000,2519.90,2541.70,2500.00,2537.40,2658.700,1719791999999,6693297.94720,35006,1372.440,3455726.36370,0
