open_time,open,high,low,close,volume,close_time,quote_volume,count,taker_buy_volume,taker_buy_quote_volume,ignore
1706918400000,1982.80,2009.90,1978.20,1998.30,1677.044,1706932799999,3351128.21250,24751,846.725,1691412.64530,0
1706932800000,1998.40,2001.40,1991.00,1996.60,943.574,1706947199999,1884095.34270,14467,483.555,965553.28700,0
1706947200000,1997.00,2006.00,1986.80,2000.20,1176.523,1706961599999,2351689.94820,15595,571.303,1142073.57030,0
1706961600000,2000.20,2019.70,2000.20,2007.50,2470.400,1706975999999,4967519.25300,25523,1169.118,2351041.36150,0
1706976000000,2007.30,2021.00,2007.10,2019.40,1404.794,1706990399999,2830403.75890,18309,704.477,1419469.23140,0
1706990400000,2019.40,2026.30,2002.50,2007.20,1159.386,1707004799999,2337648.98680,16743,541.628,1092313.18850,0
