open_time,open,high,low,close,volume,close_time,quote_volume,count,taker_buy_volume,taker_buy_quote_volume,ignore
1721952000000,2639.70,2711.30,2632.10,2705.70,3065.607,1721966399999,8206636.70400,47578,1494.668,4001291.35560,0
1721966400000,2705.70,2778.60,2699.30,2752.40,4095.737,1721980799999,11254581.95710,57915,2175.259,5976925.34310,0
1721980800000,2752.30,2779.00,2748.50,2776.30,2436.013,1721995199999,6733435.27360,40907,1194.135,3300932.43320,0
1721995200000,2776.20,2781.60,2678.80,2751.90,7094.477,1722009599999,19303670.29630,81625,3483.483,9481344.32370,0
1722009600000,2751.90,2755.80,2698.50,2705.60,2218.069,1722023999999,6034069.69470,38804,1000.810,2722322.55110,0
1722024000000,2705.60,2706.40,2647.60,2648.20,2596.177,1722038399999,6954966.28720,31895,1185.900,3176975.41950,0
