open_time,open,high,low,close,volume,close_time,quote_volume,count,taker_buy_volume,taker_buy_quote_volume,ignore
1711324800000,3156.00,3210.80,3124.00,3202.50,3477.282,1711339199999,11030478.46270,58338,1769.495,5616391.92270,0
1711339200000,3202.60,3282.40,3198.10,3232.70,6693.322,1711353599999,21748940.05830,92284,3331.234,10822162.51340,0
1711353600000,3232.40,3273.00,3180.80,3187.60,3167.003,1711367999999,10238823.38580,54933,1536.489,4970573.58050,0
1711368000000,3187.30,3344.00,3176.60,3331.60,5423.153,1711382399999,17699703.11120,100206,2744.387,8948925.11500,0
1711382400000,3331.60,3380.00,3325.10,3349.60,2841.632,1711396799999,9521705.10310,65293,1391.890,4664994.11490,0
1711396800000,3349.60,3355.70,3288.50,3303.80,1829.882,1711411199999,6068762.64320,44899,962.051,3190783.25790,0
