open_time,open,high,low,close,volume,close_time,quote_volume,count,taker_buy_volume,taker_buy_quote_volume,ignore
1705276800000,2033.20,2044.70,2007.80,2022.90,3332.326,1705291199999,6757434.13590,40782,1597.754,3240613.10640,0
1705291200000,2022.60,2079.30,2016.20,2076.20,4719.138,1705305599999,9652641.78600,42932,2507.625,5132691.39530,0
1705305600000,2076.50,2085.40,2037.10,2049.80,5298.472,1705319999999,10924168.70100,47663,2460.140,5072286.11060,0
1705320000000,2049.90,2058.30,2002.50,2008.80,5192.768,1705334399999,10537536.54530,53739,2351.449,4771403.08000,0
1705334400000,2008.80,2035.80,1988.00,2011.00,6164.291,1705348799999,12409150.44440,54305,2797.505,5633345.13040,0
1705348800000,2011.00,2034.10,2001.70,2018.10,2268.414,1705363199999,4577069.74570,30895,1098.603,2216585.93940,0
