open_time,open,high,low,close,volume,close_time,quote_volume,count,taker_buy_volume,taker_buy_quote_volume,ignore
1702857600000,1318.20,1321.50,1282.20,1292.40,5858.166,1702871999999,7621385.76350,37636,2783.561,3622926.31210,0
1702872000000,1292.50,1304.10,1285.90,1290.10,3635.732,1702886399999,4713782.05690,22271,1890.853,2451689.62560,0
1702886400000,1290.20,1298.20,1253,1283.30,10517.880,1702900799999,13402502.65490,60422,5135.904,6546347.33120,0
1702900800000,1283.30,1295.40,1279.40,1283.40,5239.465,1702915199999,6746267.24360,34507,2514.743,3237541.36120,0
1702915200000,1283.40,1289.20,1278.00,1284.00,3625.327,1702929599999,4655099.90910,25811,1766.249,2268055.61520,0
1702929600000,1284.00,1293.10,1282.00,1291.50,3203.267,1702943999999,4129258.26100,24675,1608.376,2073040.74160,0
