open_time,open,high,low,close,volume,close_time,quote_volume,count,taker_buy_volume,taker_buy_quote_volume,ignore
1716336000000,3065.20,3067.70,3026.20,3040.90,1607.300,1716350399999,4893719.15040,29127,753.907,2295084.71110,0
1716350400000,3040.90,3044.00,2995.30,3010.90,2428.605,1716364799999,7317144.27020,35506,1252.333,3773139.60700,0
1716364800000,3011.20,3021.40,2968.10,2969.40,2625.745,1716379199999,7889434.09450,37613,1188.607,3572448.36660,0
1716379200000,2969.50,2984.60,2921.60,2963.90,5110.178,1716393599999,15076835.95740,56368,2641.344,7792383.48940,0
1716393600000,2963.30,2997.80,2930.00,2947.70,2100.936,1716407999999,6225777.42660,38605,986.982,2924957.71530,0
1716408000000,2948.10,2972.10,2927.00,2943.10,1289.009,1716422399999,3801079.47840,27606,650.200,1917332.89590,0
