open_time,open,high,low,close,volume,close_time,quote_volume,count,taker_buy_volume,taker_buy_quote_volume,ignore
1720742400000,2380.40,2411.40,2356.50,2384.30,4625.139,1720756799999,11040055.00530,65908,2312.854,5522101.83940,0
1720756800000,2384.30,2407.20,2367.20,2391.80,3449.848,1720771199999,8240745.14390,43952,1757.338,4199440.34730,0
1720771200000,2391.60,2419.60,2380.60,2412.00,4807.743,1720785599999,11546786.28720,55987,2447.705,5879464.05760,0
1720785600000,2411.90,2426.20,2373.60,2386.20,5752.363,1720799999999,13789838.37970,61444,2753.049,6600141.55900,0
1720800000000,2386.20,2539.00,2385.80,2475.10,26204.046,1720814399999,65236889.37960,207708,13784.412,34299317.42140,0
1720814400000,2474.80,2549.60,2467.60,2516.60,6672.435,1720828799999,16771725.99920,82594,3227.670,8111348.73080,0
