open_time,open,high,low,close,volume,close_time,quote_volume,count,taker_buy_volume,taker_buy_quote_volume,ignore
1727568000000,1687.00,1693.90,1670.60,1683.20,3478.473,1727582399999,5849390.27620,34912,1527.508,2568974.78770,0
1727582400000,1683.50,1684.10,1639.30,1642.00,4664.333,1727596799999,7739797.02950,39317,1874.326,3110328.30750,0
1727596800000,1642.00,1666.50,1641.20,1665.80,3449.085,1727611199999,5703359.96340,28669,1734.592,2869192.54090,0
1727611200000,1665.80,1669.70,1639.30,1658.80,3416.126,1727625599999,5653819.42550,31667,1599.816,2647776.48730,0
1727625600000,1658.80,1676.30,1646.40,1673.30,3089.935,1727639999999,5144191.12400,28224,1459.710,2431148.68260,0
1727640000000,1673.30,1675.80,1643.30,1656.20,6361.545,1727654399999,10570066.85460,39726,2933.839,4874370.78110,0
