open_time,open,high,low,close,volume,close_time,quote_volume,count,taker_buy_volume,taker_buy_quote_volume,ignore
1718150400000,2262.20,2279.60,2239.60,2276.90,1271.753,1718164799999,2874507.90020,26048,649.701,1468323.82720,0
1718164800000,2276.90,2322.40,2274.20,2306.10,3518.041,1718179199999,8088921.34490,36374,1902.012,4371921.71040,0
1718179200000,2305.90,2315.70,2287.80,2291.70,1659.510,1718193599999,3823162.90540,25567,801.743,1847031.78840,0
1718193600000,2292.00,2357.60,2288.90,2339.20,3158.583,1718207999999,7380502.12490,46343,1624.953,3797357.10980,0
1718208000000,2339.70,2349.10,2263.00,2272.70,3402.747,1718222399999,7879384.96720,52845,1678.492,3886897.56000,0
1718222400000,2272.30,2309.60,2266.50,2307.80,1041.240,1718236799999,2392236.21430,21732,503.498,1157029.74350,0
