open_time,open,high,low,close,volume,close_time,quote_volume,count,taker_buy_volume,taker_buy_quote_volume,ignore
1710460800000,2903.60,2954.70,2690.30,2757.00,11532.078,1710475199999,32587908.73320,173924,5463.021,15439456.00010,0
1710475200000,2757.00,2817.90,2702.30,2789.10,5002.270,1710489599999,13747792.59450,95006,2374.649,6523822.35510,0
1710489600000,2789.20,2809.30,2589.40,2778.10,14124.078,1710503999999,38340893.79110,179193,6499.267,17654091.55490,0
1710504000000,2778.30,2874.70,2764.00,2796.30,8753.458,1710518399999,24628060.00190,127909,4199.156,11815788.19920,0
1710518400000,2796.30,2842.50,2721.70,2770.20,7085.103,1710532799999,19678018.44180,106888,3391.500,9416073.71320,0
1710532800000,2770.30,2831.10,2668.20,2830.80,8319.670,1710547199999,22769682.18830,115603,4057.700,11091235.81020,0
