open_time,open,high,low,close,volume,close_time,quote_volume,count,taker_buy_volume,taker_buy_quote_volume,ignore
1710892800000,2779.20,2908.30,2761.70,2832.10,7454.245,1710907199999,21243777.42140,129731,3662.097,10429510.61510,0
1710907200000,2832.90,2899.20,2727.00,2883.20,8183.036,1710921599999,23117225.50900,128391,4017.802,11357049.34050,0
1710921600000,2882.50,2940.00,2859.60,2911.30,4746.654,1710935999999,13724545.49370,79049,2270.777,6566201.49860,0
1710936000000,2911.40,3015.80,2868.00,2869.80,10049.942,1710950399999,29613514.64620,135730,4980.697,14681731.73640,0
1710950400000,2869.50,3050.00,2763.10,3016.90,12183.061,1710964799999,35588532.90140,190457,6212.578,18142347.43150,0
1710964800000,3017.40,3089.20,3008.60,3047.30,5472.158,1710979199999,16714642.99880,83287,2562.863,7828058.42250,0
