open_time,open,high,low,close,volume,close_time,quote_volume,count,taker_buy_volume,taker_buy_quote_volume,ignore
1719100800000,2353.80,2429.90,2351.90,2406.40,5338.476,1719115199999,12800812.31290,64524,2735.021,6558886.67650,0
1719115200000,2406.40,2419.30,2366.40,2368.70,2496.211,1719129599999,5955394.14550,31117,1140.858,2722527.04800,0
1719129600000,2368.60,2450.80,2363.50,2449.80,6155.922,1719143999999,14841262.92230,60082,2979.155,7181318.51440,0
1719144000000,2449.80,2451.00,2348.70,2355.20,5264.865,1719158399999,12646045.50120,63177,2345.266,5635880.97760,0
1719158400000,2355.20,2366.90,2314.80,2334.80,3561.051,1719172799999,8311402.61750,47665,1797.461,4195095.30850,0
1719172800000,2334.90,2336.50,2235.30,2255.50,5779.342,1719187199999,13184275.85410,62615,2356.651,5382870.39230,0
