open_time,open,high,low,close,volume,close_time,quote_volume,count,taker_buy_volume,taker_buy_quote_volume,ignore
1732060800000,1494.80,1498.50,1477.40,1493.00,5018.004,1732075199999,7457900.80610,44721,2159.648,3209993.28080,0
1732075200000,1493.10,1506.40,1484.10,1503.70,3167.504,1732089599999,4742433.85980,26521,1462.421,2189941.27690,0
1732089600000,1503.70,1518.40,1496.30,1513.40,4915.080,1732103999999,7414793.36450,37279,2446.988,3692840.20920,0
1732104000000,1513.40,1554.80,1504.80,1554.50,12366.618,1732118399999,18863478.00360,81749,6239.194,9517188.42520,0
1732118400000,1554.50,1567.00,1500.70,1519.10,15573.500,1732132799999,23958574.18000,103261,7510.468,11561186.06400,0
1732132800000,1519.30,1537.80,1487.00,1490.50,9434.110,1732147199999,14279041.02390,56066,4994.610,7562645.37060,0
