open_time,open,high,low,close,volume,close_time,quote_volume,count,taker_buy_volume,taker_buy_quote_volume,ignore
1716854400000,2764.80,2770.10,2704.80,2717.60,3168.619,1716868799999,8683924.67550,52742,1499.675,4112700.55840,0
1716868800000,2717.60,2740.80,2688.70,2730.60,1983.595,1716883199999,5382587.06350,37956,943.220,2559896.50980,0
1716883200000,2730.40,2766.80,2725.40,2741.70,1112.820,1716897599999,3055692.31160,28191,530.592,1456976.88320,0
1716897600000,2741.70,2752.40,2710.50,2732.90,2135.920,1716911999999,5829693.17910,39658,1046.779,2857371.29430,0
1716912000000,2733.20,2744.90,2705.50,2730.50,1664.133,1716926399999,4532519.90170,34655,786.819,2142811.77540,0
1716926400000,2730.90,2737.00,2713.50,2718.80,878.428,1716940799999,2393580.47180,21277,472.351,1287004.42080,0
