open_time,open,high,low,close,volume,close_time,quote_volume,count,taker_buy_volume,taker_buy_quote_volume,ignore
1708992000000,2105.10,2180.00,2093.50,2150.10,3822.888,1709006399999,8165966.28870,50226,1888.154,4033044.80820,0
1709006400000,2149.90,2175.50,2113.40,2115.60,3925.746,1709020799999,8414646.68480,37698,1727.312,3700927.04830,0
1709020800000,2115.50,2159.70,2109.30,2153.20,2371.020,1709035199999,5081025.79290,31825,1208.542,2589141.04720,0
1709035200000,2153.20,2199.80,2117.90,2121.90,6207.452,1709049599999,13393666.18020,61722,3364.364,7260020.29120,0
1709049600000,2121.90,2168.70,2107.60,2162.90,2841.547,1709063999999,6089074.37840,38573,1427.489,3059087.28490,0
1709064000000,2163.10,2175.90,2145.00,2161.00,1513.831,1709078399999,3270267.02950,24650,717.686,1550973.07160,0
