open_time,open,high,low,close,volume,close_time,quote_volume,count,taker_buy_volume,taker_buy_quote_volume,ignore
1704844800000,1846.80,1921.40,1841.40,1911.60,8413.742,1704859199999,15843514.37360,83572,4072.194,7673227.36170,0
1704859200000,1911.30,1954.00,1897.00,1937.90,10748.579,1704873599999,20781611.90610,97637,5686.986,10998721.75280,0
1704873600000,1938.30,1975.10,1929.80,1940.20,10843.301,1704887999999,21159674.79770,107675,5033.645,9825378.76810,0
1704888000000,1939.60,2030.00,1908.00,1991.70,22986.314,1704902399999,45277516.79900,211057,12262.744,24176920.19850,0
1704902400000,1991.30,2037.60,1961.90,2008.80,14999.665,1704916799999,29949403.51890,148493,7175.476,14330536.81320,0
1704916800000,2008.80,2048.00,1983.80,2039.00,16348.652,1704931199999,32938880.86660,186423,8089.556,16309603.51670,0
