open_time,open,high,low,close,volume,close_time,quote_volume,count,taker_buy_volume,taker_buy_quote_volume,ignore
1712448000000,3708.00,3745.80,3687.40,3710.90,2073.810,1712462399999,7718038.37090,51529,1030.124,3833192.51000,0
1712462400000,3711.00,3720.00,3676.00,3692.90,1762.970,1712476799999,6518288.55380,38294,877.777,3246000.72260,0
1712476800000,3692.90,3706.90,3667.60,3676.20,1531.340,1712491199999,5638531.15820,35620,753.315,2774065.40910,0
1712491200000,3676.20,3685.70,3643.50,3664.60,3229.010,1712505599999,11840531.21800,63431,1589.565,5829394.48310,0
1712505600000,3665.20,3682.60,3587.40,3597.20,3354.060,1712519999999,12157222.63460,73694,1601.740,5804928.12430,0
1712520000000,3597.30,3653.20,3589.90,3634.00,1788.114,1712534399999,6470814.65040,48255,857.126,3102013.68300,0
