open_time,open,high,low,close,volume,close_time,quote_volume,count,taker_buy_volume,taker_buy_quote_volume,ignore
1705363200000,2018.50,2060.40,2016.20,2054.80,4072.008,1705377599999,8295587.30400,38750,1994.465,4063826.32790,0
1705377600000,2054.70,2056.90,2020.80,2025.30,2796.278,1705391999999,5687409.51840,29798,1262.365,2565911.98510,0
1705392000000,2025.20,2030.30,1989.00,1997.60,3370.926,1705406399999,6779992.80620,34679,1453.478,2923849.76610,0
1705406400000,1997.60,2011.60,1969.70,1987.50,4818.705,1705420799999,9585760.02180,50840,2391.900,4758684.81900,0
1705420800000,1987.40,2013.20,1977.80,1995.60,2760.498,1705435199999,5509751.00210,33019,1434.485,2863052.98910,0
1705435200000,1996.20,2029.40,1996.20,2011.30,1774.648,1705449599999,3579664.22190,26275,838.897,1692213.17720,0
