open_time,open,high,low,close,volume,close_time,quote_volume,count,taker_buy_volume,taker_buy_quote_volume,ignore
1704153600000,1654.20,1679.00,1646.10,1651.10,5993.701,1704167999999,9944486.48130,56744,2837.078,4707365.47420,0
1704168000000,1651.20,1665.40,1635.00,1643.80,6601.663,1704182399999,10881214.46130,60080,3005.868,4956953.38460,0
1704182400000,1643.70,1672.20,1640.40,1654.90,5230.351,1704196799999,8660245.38950,48855,2666.318,4415399.48930,0
1704196800000,1654.90,1687.10,1616.50,1620.00,9823.337,1704211199999,16257129.02210,81535,4755.296,7875371.87410,0
1704211200000,1620.10,1881.00,1620.10,1864.90,43261.560,1704225599999,76158994.87440,279002,23477.283,41342178.56770,0
1704225600000,1865.20,1933.50,1827.80,1831.90,43522.932,1704239999999,81858245.24040,328161,21103.587,39712527.88470,0
