open_time,open,high,low,close,volume,close_time,quote_volume,count,taker_buy_volume,taker_buy_quote_volume,ignore
1725062400000,1766.20,1766.80,1756.60,1760.40,1478.247,1725076799999,2605747.35630,17631,683.642,1204972.07800,0
1725076800000,1760.40,1770.50,1758.40,1769.70,1226.569,1725091199999,2163517.19990,14890,690.138,1217429.82350,0
1725091200000,1769.70,1772.80,1760.20,1762.10,2038.993,1725105599999,3599326.76940,19520,1080.973,1908396.66040,0
1725105600000,1762.40,1764.50,1750.10,1756.80,1602.625,1725119999999,2814649.06810,17075,728.322,1279026.38080,0
1725120000000,1756.80,1759.70,1743.20,1744.40,1787.313,1725134399999,3129401.16100,19853,846.700,1482619.31170,0
1725134400000,1744.40,1762.20,1742.60,1756.90,983.765,1725148799999,1725741.40370,14224,523.713,918542.25720,0
