open_time,open,high,low,close,volume,close_time,quote_volume,count,taker_buy_volume,taker_buy_quote_volume,ignore
1713916800000,2924.60,2961.50,2923.20,2941.00,3138.512,1713931199999,9237809.71570,60463,1477.669,4349624.19860,0
1713931200000,2940.90,2982.50,2933.20,2968.60,2828.260,1713945599999,8363392.32680,49979,1400.184,4140719.52950,0
1713945600000,2968.70,3037.80,2968.10,3006.10,3598.831,1713959999999,10791213.41420,68174,1758.839,5274978.23480,0
1713960000000,3006.10,3022.50,2887.00,2891.00,7469.927,1713974399999,22050466.63080,109042,3472.468,10243090.01090,0
1713974400000,2890.10,2955.70,2847.00,2885.80,5393.404,1713988799999,15620404.64700,85816,2820.025,8164569.86050,0
1713988800000,2884.70,2900.50,2827.70,2873.10,2635.985,1714003199999,7550240.14590,59163,1399.596,4007652.96790,0
