open_time,open,high,low,close,volume,close_time,quote_volume,count,taker_buy_volume,taker_buy_quote_volume,ignore
1716681600000,2798.60,2807.90,2770.20,2801.70,1233.188,1716695999999,3438678.81160,24197,625.440,1743616.50460,0
1716696000000,2800.70,2826.30,2777.40,2812.50,1157.309,1716710399999,3246781.25180,21162,645.585,1811143.91630,0
1716710400000,2812.50,2841.00,2807.30,2840.60,1805.543,1716724799999,5104756.60480,31390,837.282,2367069.70010,0
1716724800000,2840.50,2868.50,2811.80,2854.20,2429.014,1716739199999,6897133.81040,37775,1172.589,3330238.49450,0
1716739200000,2854.30,2864.90,2818.40,2847.30,1364.828,1716753599999,3872625.04550,25630,654.110,1856331.32240,0
1716753600000,2847.30,2854.10,2814.60,2832.50,1316.677,1716767999999,3738083.60010,24549,611.057,1734700.82520,0
