open_time,open,high,low,close,volume,close_time,quote_volume,count,taker_buy_volume,taker_buy_quote_volume,ignore
1703376000000,1383.60,1402.80,1381.80,1401.10,4009.499,1703390399999,5579234.84960,26014,2144.138,2984161.67750,0
1703390400000,1401.20,1429.20,1387.50,1421.30,9141.242,1703404799999,12887494.04150,51861,4349.436,6133180.16440,0
1703404800000,1421.20,1440.00,1405.60,1417.50,6040.260,1703419199999,8607555.23210,41816,2802.457,3994494.00340,0
1703419200000,1417.40,1434.80,1413.40,1416.10,4345.674,1703433599999,6187045.85410,31111,2174.637,3096968.66020,0
1703433600000,1416.00,1428.80,1412.40,1421.30,4122.022,1703447999999,5861088.31590,27040,1979.726,2814767.31140,0
1703448000000,1421.40,1422.80,1371.10,1397.70,5408.771,1703462399999,7578322.23910,39534,2510.820,3517806.56900,0
