open_time,open,high,low,close,volume,close_time,quote_volume,count,taker_buy_volume,taker_buy_quote_volume,ignore
1721433600000,2839.70,2839.80,2789.20,2816.10,2511.372,1721447999999,7056015.32330,36350,1266.809,3559903.63160,0
1721448000000,2816.00,2822.10,2777.00,2777.90,2005.851,1721462399999,5616179.64970,28507,921.318,2579301.65970,0
1721462400000,2778.10,2790.10,2756.30,2772.70,2306.791,1721476799999,6392481.66890,32767,1074.056,2976698.91020,0
1721476800000,2772.80,2814.80,2761.40,2803.20,2844.361,1721491199999,7918398.54470,41683,1509.855,4203449.97640,0
1721491200000,2803.10,2839.70,2795.30,2824.80,4136.289,1721505599999,11645798.68870,49466,2205.428,6209522.26480,0
1721505600000,2824.90,2831.10,2790.60,2812.90,1819.548,1721519999999,5100994.09930,28208,905.594,2538997.73060,0
