open_time,open,high,low,close,volume,close_time,quote_volume,count,taker_buy_volume,taker_buy_quote_volume,ignore
1719964800000,2564.00,2566.70,2491.60,2513.40,2798.836,1719979199999,7079203.08810,38936,1376.245,3480237.98340,0
1719979200000,2513.10,2516.30,2474.50,2477.40,2407.711,1719993599999,6002265.02840,33890,1116.097,2782863.92210,0
1719993600000,2477.00,2481.20,2350.00,2369.80,7741.028,1720007999999,18626767.32890,76506,3738.814,8994248.89400,0
1720008000000,2369.60,2380.20,2330.30,2362.70,3923.515,1720022399999,9250955.74870,50324,1945.619,4587973.58090,0
1720022400000,2362.60,2379.40,2313.20,2318.80,4217.421,1720036799999,9897709.79380,42463,2089.048,4904935.11950,0
1720036800000,2318.20,2328.10,2298.60,2314.00,1965.056,1720051199999,4546369.13060,28680,1020.067,2360250.89140,0
