open_time,open,high,low,close,volume,close_time,quote_volume,count,taker_buy_volume,taker_buy_quote_volume,ignore
1721779200000,2816.60,2826.80,2745.60,2763.20,4334.826,1721793599999,12025897.88120,54108,2016.547,5595188.28690,0
1721793600000,2763.40,2795.30,2745.50,2785.50,2903.338,1721807999999,8038104.33830,40032,1433.313,3968992.88780,0
1721808000000,2785.40,2831.40,2755.70,2802.00,3797.037,1721822399999,10608926.19970,45844,1884.951,5268284.41690,0
1721822400000,2802.00,2829.20,2690.80,2694.30,6080.130,1721836799999,16747577.91480,67127,2958.808,8153507.42540,0
1721836800000,2694.40,2732.80,2657.20,2662.70,4346.925,1721851199999,11682261.81290,55822,2217.491,5960672.76770,0
1721851200000,2662.80,2720.70,2651.00,2705.50,4542.314,1721865599999,12221288.46760,60753,2333.909,6280006.09410,0
