open_time,open,high,low,close,volume,close_time,quote_volume,count,taker_buy_volume,taker_buy_quote_volume,ignore
1721001600000,2782.10,2865.60,2776.60,2860.30,6188.894,1721015999999,17462199.83010,92831,3206.712,9052772.95610,0
1721016000000,2859.80,2868.60,2810.30,2816.10,7058.145,1721030399999,20031421.62960,82101,3632.049,10307017.94450,0
1721030400000,2816.20,2848.20,2764.00,2779.50,6975.265,1721044799999,19608535.91580,83803,3146.147,8845620.90810,0
1721044800000,2779.50,2900.00,2768.50,2881.80,10412.386,1721059199999,29608753.04490,124273,5557.974,15806739.54400,0
1721059200000,2881.80,2963.90,2866.00,2918.60,10865.967,1721073599999,31555198.41220,124659,5885.297,17098772.52790,0
1721073600000,2919.00,2941.10,2847.40,2924.30,7606.544,1721087999999,21940885.03950,96134,4137.884,11924530.20030,0
