open_time,open,high,low,close,volume,close_time,quote_volume,count,taker_buy_volume,taker_buy_quote_volume,ignore
1706140800000,2126.70,2128.40,2085.00,2103.30,5776.875,1706155199999,12149353.04330,83062,2856.927,6007371.38800,0
1706155200000,2103.30,2122.60,2085.40,2107.50,4110.925,1706169599999,8646819.65270,50599,2102.910,4423500.30720,0
1706169600000,2107.60,2148.80,2106.40,2136.30,7928.460,1706183999999,16870720.17570,75168,4071.849,8664976.36330,0
1706184000000,2136.40,2147.60,2100.00,2115.80,8515.058,1706198399999,18082109.57660,82348,4076.884,8659275.08040,0
1706198400000,2115.90,2131.60,2096.20,2105.20,6492.257,1706212799999,13719428.51620,58600,3132.100,6619002.81730,0
1706212800000,2105.10,2124.40,2080.80,2093.70,3440.057,1706227199999,7227565.77590,39898,1695.630,3561893.90150,0
