open_time,open,high,low,close,volume,close_time,quote_volume,count,taker_buy_volume,taker_buy_quote_volume,ignore
1707696000000,2028.40,2032.00,1992.20,2005.80,2008.740,1707710399999,4038506.21750,24614,1011.593,2033654.40350,0
1707710400000,2005.70,2010.00,1986.20,2002.60,1555.618,1707724799999,3109622.06150,19297,737.762,1474860.53960,0
1707724800000,2002.50,2008.10,1985.30,1992.30,1400.456,1707739199999,2793854.82310,17828,740.128,1476483.05690,0
1707739200000,1992.30,2021.60,1978.00,2017.90,2733.820,1707753599999,5466223.59550,30212,1379.527,2758654.50090,0
1707753600000,2018.00,2068.00,2007.40,2045.20,4668.311,1707767999999,9540338.00470,45180,2501.232,5111643.77020,0
1707768000000,2045.20,2079.90,2045.20,2078.30,1639.114,1707782399999,3387619.60260,23425,842.684,1741708.87660,0
