open_time,open,high,low,close,volume,close_time,quote_volume,count,taker_buy_volume,taker_buy_quote_volume,ignore
1701475200000,1549.40,1550,1533,1534.60,3014.415,1701489599999,4642492.25860,18417,1383.281,2129971.72720,0
1701489600000,1534.60,1540.80,1532.90,1536.90,2298.462,1701503999999,3532466.18700,17837,1157.506,1779224.31670,0
1701504000000,1536.90,1542.40,1528,1529.60,3432.142,1701518399999,5265760.60660,22826,1605.201,2462542.69230,0
1701518400000,1529.70,1533.50,1520.50,1529.10,3419.124,1701532799999,5225878.61560,25319,1802.429,2755280.77190,0
1701532800000,1529.20,1548,1526.40,1538.20,5295.395,1701547199999,8136490.96990,34016,2958.695,4546901.75010,0
1701547200000,1538.20,1545.90,1530.50,1543.80,3210.368,1701561599999,4938340.01910,22808,1565.041,2407664.21230,0
