open_time,open,high,low,close,volume,close_time,quote_volume,count,taker_buy_volume,taker_buy_quote_volume,ignore
1713225600000,3070.70,3109.20,3029.30,3070.50,4029.823,1713239999999,12349041.69230,78522,1987.272,6091749.56440,0
1713240000000,3070.90,3171.90,2999.10,3158.60,5287.314,1713254399999,16332740.69650,99775,2854.222,8820546.66000,0
1713254400000,3158.50,3170.00,3063.00,3149.90,6409.862,1713268799999,20058115.74460,115589,3144.653,9843462.81410,0
1713268800000,3150.20,3150.20,3022.40,3023.40,4956.220,1713283199999,15327636.37400,107854,2466.122,7630430.54200,0
1713283200000,3023.30,3121.90,2992.10,3095.50,4857.668,1713297599999,14871272.80340,96895,2516.221,7701327.18620,0
1713297600000,3095.70,3327.30,3093.90,3256.90,8129.310,1713311999999,26403275.07280,115928,4512.155,14644208.74790,0
