open_time,open,high,low,close,volume,close_time,quote_volume,count,taker_buy_volume,taker_buy_quote_volume,ignore
1724976000000,1776.40,1784.80,1771.70,1781.10,2561.847,1724990399999,4554606.52610,26460,1207.933,2147600.46730,0
1724990400000,1781.10,1795.60,1774.60,1782.20,2642.351,1725004799999,4715978.34640,26599,1211.573,2162598.36940,0
1725004800000,1782.20,1789.30,1763.20,1767.00,2327.807,1725019199999,4130432.28900,22587,1171.771,2078153.06530,0
1725019200000,1767.00,1779.90,1705.40,1712.20,7507.820,1725033599999,13105728.51220,61131,3461.638,6048807.11300,0
1725033600000,1712.30,1771.80,1708.80,1760.90,4667.927,1725047999999,8125980.32580,42477,2407.653,4190610.43970,0
1725048000000,1760.80,1776.50,1760.60,1766.20,1700.960,1725062399999,3011783.14760,21392,816.472,1445702.23280,0
