open_time,open,high,low,close,volume,close_time,quote_volume,count,taker_buy_volume,taker_buy_quote_volume,ignore
1707609600000,2006.90,2010.60,1993.90,2003.30,1484.947,1707623999999,2974804.98690,17732,701.323,1404996.00220,0
1707624000000,2003.40,2019.60,1999.30,2013.30,825.953,1707638399999,1660031.91880,14335,462.243,929081.17970,0
1707638400000,2013.50,2029.40,2008.80,2029.00,1395.761,1707652799999,2822225.17280,14614,790.703,1598996.01550,0
1707652800000,2029.20,2042.70,2020.10,2023.40,2334.487,1707667199999,4743461.12250,29787,1143.615,2323867.25170,0
1707667200000,2023.40,2027.40,1996.30,2024.00,2994.384,1707681599999,6017151.91020,36463,1473.698,2962127.01250,0
1707681600000,2024.00,2030.90,2004.40,2028.50,1776.022,1707695999999,3583697.42110,25399,878.298,1772086.42170,0
