open_time,open,high,low,close,volume,close_time,quote_volume,count,taker_buy_volume,taker_buy_quote_volume,ignore
1727049600000,1581.80,1643.90,1548.40,1637.20,11142.757,1727063999999,17876152.48590,69716,5428.402,8711708.66930,0
1727064000000,1637.50,1644.30,1596.70,1603.20,5991.728,1727078399999,9680957.82100,41488,2718.399,4392782.96330,0
1727078400000,1603.10,1606.10,1581.70,1588.30,3457.867,1727092799999,5508105.49260,31289,1662.728,2648846.48750,0
1727092800000,1588.40,1630.40,1580.60,1619.10,6418.189,1727107199999,10301414.03120,42694,3112.653,4996125.52530,0
1727107200000,1619.10,1655.40,1615.70,1644.20,6369.840,1727121599999,10411533.15710,45490,3307.000,5407518.21120,0
1727121600000,1644.30,1656.80,1620.00,1632.90,4372.699,1727135999999,7135849.62840,26630,1823.277,2977926.98560,0
