open_time,open,high,low,close,volume,close_time,quote_volume,count,taker_buy_volume,taker_buy_quote_volume,ignore
1714348800000,3067.60,3102.10,2969.20,2981.80,3663.945,1714363199999,11159090.02400,58607,1717.260,5233027.00480,0
1714363200000,2981.70,3023.90,2925.90,2938.00,4197.907,1714377599999,12481318.41580,57351,2180.772,6488243.32370,0
1714377600000,2938.10,2944.50,2780.00,2792.60,7371.219,1714391999999,20994574.90080,87688,3604.894,10271385.62010,0
1714392000000,2792.30,2812.60,2729.30,2799.00,9467.721,1714406399999,26272048.66580,104135,4777.686,13253850.90170,0
1714406400000,2799.10,2822.80,2772.30,2803.30,4416.894,1714420799999,12357333.58820,60659,2203.449,6164655.95240,0
1714420800000,2803.40,2870.70,2789.70,2840.20,4833.138,1714435199999,13672698.41490,60858,2396.248,6781957.72440,0
