open_time,open,high,low,close,volume,close_time,quote_volume,count,taker_buy_volume,taker_buy_quote_volume,ignore
1708905600000,2052.70,2080.90,2050.20,2067.70,2157.606,1708919999999,4455698.32300,26798,1045.780,2160168.65790,0
1708920000000,2067.50,2089.10,2061.50,2069.70,1753.423,1708934399999,3638559.99350,23957,785.406,1629970.15790,0
1708934400000,2069.60,2083.60,2038.10,2070.60,3563.298,1708948799999,7354313.06400,39351,1705.545,3519658.01070,0
1708948800000,2070.70,2096.20,2055.10,2087.10,2570.872,1708963199999,5342804.58400,30836,1318.416,2740212.91420,0
1708963200000,2086.60,2101.40,2063.70,2093.50,2678.543,1708977599999,5590442.30940,37252,1361.551,2842384.70710,0
1708977600000,2093.30,2107.70,2083.50,2105.10,1546.879,1708991999999,3243471.92270,23673,779.157,1633412.84290,0
