open_time,open,high,low,close,volume,close_time,quote_volume,count,taker_buy_volume,taker_buy_quote_volume,ignore
1714435200000,2840.20,2850.00,2767.30,2791.80,4492.308,1714449599999,12635532.87980,62986,2037.964,5728230.94630,0
1714449600000,2791.90,2813.00,2774.00,2778.20,2284.219,1714463999999,6376705.76760,36874,1156.257,3228282.31500,0
1714464000000,2778.20,2786.10,2645.20,2649.40,6442.227,1714478399999,17386545.39190,92775,2951.530,7964980.83610,0
1714478400000,2649.40,2702.30,2605.00,2674.10,5526.253,1714492799999,14683694.18430,80107,2628.242,6987658.89490,0
1714492800000,2674.30,2679.80,2584.50,2590.00,5413.604,1714507199999,14262343.92110,77695,2639.678,6957685.95920,0
1714507200000,2590.30,2677.80,2589.50,2661.70,2761.248,1714521599999,7289574.38250,48867,1395.149,3683380.38020,0
