open_time,open,high,low,close,volume,close_time,quote_volume,count,taker_buy_volume,taker_buy_quote_volume,ignore
1724371200000,2023.30,2044.30,2019.50,2038.60,1862.793,1724385599999,3784294.67750,19756,955.273,1941055.93680,0
1724385600000,2038.50,2166.00,2037.40,2107.60,11049.152,1724399999999,23408976.70660,78305,5959.399,12613679.08040,0
1724400000000,2107.60,2115.00,2080.20,2081.50,4120.494,1724414399999,8645529.05760,41459,1860.754,3905564.67030,0
1724414400000,2081.40,2121.10,2067.30,2094.90,5541.246,1724428799999,11610307.51380,47314,2746.210,5756076.97130,0
1724428800000,2094.90,2149.30,2088.90,2146.90,4148.254,1724443199999,8814851.54440,36759,2118.278,4500947.78400,0
1724443200000,2146.90,2194.00,2146.30,2172.10,4087.785,1724457599999,8870747.40250,36659,2276.801,4939862.24920,0
