open_time,open,high,low,close,volume,close_time,quote_volume,count,taker_buy_volume,taker_buy_quote_volume,ignore
1706745600000,1961.40,1978.80,1926.10,1946.20,3887.440,1706759999999,7565662.13300,38606,1866.883,3632302.98960,0
1706760000000,1946.10,1979.00,1942.20,1962.60,3460.592,1706774399999,6789734.83670,30795,1698.685,3331502.24880,0
1706774400000,1962.90,1980.80,1951.20,1966.80,2272.214,1706788799999,4471849.05310,24318,1084.644,2134555.97560,0
1706788800000,1966.70,1974.90,1951.70,1957.50,2808.453,1706803199999,5512179.30790,31170,1408.129,2763706.48380,0
1706803200000,1957.50,1998.90,1944.40,1988.20,3604.491,1706817599999,7130015.77700,34707,1524.199,3012974.19450,0
1706817600000,1988.30,2000.20,1979.30,1996.40,1476.322,1706831999999,2932112.66070,18963,733.127,1455963.04190,0
