open_time,open,high,low,close,volume,close_time,quote_volume,count,taker_buy_volume,taker_buy_quote_volume,ignore
1713398400000,3142.30,3244.40,3096.60,3223.70,3736.316,1713412799999,11852343.45420,80625,1945.093,6168076.99900,0
1713412800000,3223.10,3229.00,3090.30,3103.30,4183.402,1713427199999,13217271.67390,75420,1936.743,6114823.89130,0
1713427200000,3103.30,3199.50,3066.60,3193.80,4229.455,1713441599999,13237115.15700,78686,2086.298,6523482.22220,0
1713441600000,3193.80,3210.90,3130.20,3157.80,4249.060,1713455999999,13471110.40040,85455,2225.467,7057000.81180,0
1713456000000,3158.10,3169.90,3047.20,3073.00,4889.090,1713470399999,15123617.27660,99750,2439.041,7543880.91820,0
1713470400000,3073.00,3084.20,2991.00,2996.00,2983.530,1713484799999,9083679.44720,64984,1398.232,4255855.23960,0
