open_time,open,high,low,close,volume,close_time,quote_volume,count,taker_buy_volume,taker_buy_quote_volume,ignore
1723075200000,1793.90,1875.10,1774.80,1852.40,7834.602,1723089599999,14375989.36540,72251,3922.467,7191455.77060,0
1723089600000,1852.40,1880.80,1851.60,1862.60,4129.831,1723103999999,7715353.46290,46012,2271.463,4243850.06210,0
1723104000000,1862.80,1933.20,1861.70,1904.50,6490.519,1723118399999,12320231.05880,56524,3334.426,6331748.18780,0
1723118400000,1904.50,1933.00,1867.80,1921.60,8961.863,1723132799999,17077408.60960,75394,4285.612,8168388.68260,0
1723132800000,1921.80,2004.60,1919.70,1998.00,7373.138,1723147199999,14553903.03730,70062,4005.260,7903320.84380,0
1723147200000,1998.00,2067.40,1977.80,2052.50,6369.560,1723161599999,12872681.64890,67234,3384.588,6841587.11360,0
