open_time,open,high,low,close,volume,close_time,quote_volume,count,taker_buy_volume,taker_buy_quote_volume,ignore
1727222400000,1593.40,1611.70,1577.40,1585.70,7221.157,1727236799999,11500637.48870,47859,3562.830,5675748.83310,0
1727236800000,1585.60,1586.60,1556.00,1564.20,4912.391,1727251199999,7707304.18060,35922,2325.646,3649281.54110,0
1727251200000,1564.20,1587.30,1561.60,1584.30,2940.098,1727265599999,4636099.65610,26259,1416.071,2232916.20900,0
1727265600000,1584.20,1590.50,1564.00,1567.40,4450.040,1727279999999,7033562.68920,33903,2030.453,3209708.26990,0
1727280000000,1567.30,1582.10,1550.30,1551.90,4591.098,1727294399999,7174627.81760,34285,2120.494,3314849.31020,0
1727294400000,1552.10,1570.70,1536.10,1549.20,4915.659,1727308799999,7634059.37180,32182,2317.418,3601168.57440,0
