open_time,open,high,low,close,volume,close_time,quote_volume,count,taker_buy_volume,taker_buy_quote_volume,ignore
1730073600000,1104.20,1107.90,1093.00,1097.50,3543.085,1730087999999,3903693.73390,27334,1775.164,1956248.46290,0
1730088000000,1097.40,1115.00,1090.60,1107.10,3200.778,1730102399999,3531548.07220,25228,1648.991,1820572.45810,0
1730102400000,1107.10,1117.00,1103.30,1111.50,2966.817,1730116799999,3298293.72960,23692,1476.188,1641524.17860,0
1730116800000,1111.50,1126.30,1101.40,1103.10,6890.964,1730131199999,7676346.59910,46205,3263.797,3636326.04740,0
1730131200000,1103.40,1111.00,1093.40,1106.30,5327.899,1730145599999,5874436.49350,37488,2692.642,2969881.81300,0
1730145600000,1111.40,1126.80,1110.10,1116.40,3740.405,1730159999999,4181493.55920,26413,1852.304,2070723.50630,0
