open_time,open,high,low,close,volume,close_time,quote_volume,count,taker_buy_volume,taker_buy_quote_volume,ignore
1713139200000,3030.80,3097.10,3019.10,3078.50,4283.249,1713153599999,13093363.52190,87168,2066.171,6315952.36450,0
1713153600000,3078.50,3159.00,3039.40,3137.90,4333.423,1713167999999,13471546.52900,89580,2120.974,6589777.25980,0
1713168000000,3138.20,3234.60,3136.90,3176.40,4179.665,1713182399999,13312365.30840,78763,2030.407,6465242.84940,0
1713182400000,3176.60,3228.30,3085.80,3179.90,6869.322,1713196799999,21805127.94670,135165,3500.105,11112567.21440,0
1713196800000,3179.90,3196.70,2994.90,3091.60,7512.856,1713211199999,23153506.15600,164498,3754.494,11576140.63200,0
1713211200000,3091.90,3101.70,3024.10,3070.80,2305.831,1713225599999,7061057.50730,52161,1156.785,3541765.95360,0
