open_time,open,high,low,close,volume,close_time,quote_volume,count,taker_buy_volume,taker_buy_quote_volume,ignore
1710115200000,2820.30,2822.30,2610.00,2664.50,18613.057,1710129599999,50222424.90240,202156,8854.064,23894936.88270,0
1710129600000,2664.40,2686.70,2595.00,2659.60,9359.367,1710143999999,24705195.16220,126058,4659.133,12304204.61530,0
1710144000000,2659.70,2693.20,2611.10,2628.50,9382.893,1710158399999,24853217.82910,115288,4224.047,11188799.90480,0
1710158400000,2628.70,2640.00,2588.60,2590.00,6599.211,1710172799999,17265794.40130,77760,3199.331,8372766.77780,0
1710172800000,2590.00,2630.90,2567.30,2600.80,7172.277,1710187199999,18609800.40880,77005,3864.550,10030038.36210,0
1710187200000,2600.40,2619.60,2583.60,2609.80,2838.047,1710201599999,7370834.65980,41592,1522.179,3953568.44120,0
