open_time,open,high,low,close,volume,close_time,quote_volume,count,taker_buy_volume,taker_buy_quote_volume,ignore
1708473600000,2132.80,2140.80,2115.70,2125.40,1335.536,1708487999999,2839856.93020,20286,637.318,1354994.83930,0
1708488000000,2125.80,2132.60,2084.60,2088.60,1598.221,1708502399999,3370049.91800,24608,794.624,1675454.12560,0
1708502400000,2088.50,2105.20,2042.80,2052.90,3092.349,1708516799999,6397507.98560,39552,1490.283,3084004.02080,0
1708516800000,2053.10,2067.60,2000.70,2022.20,4552.732,1708531199999,9254850.81510,52006,2209.855,4492284.63260,0
1708531200000,2022.30,2034.90,1996.40,2021.10,2500.325,1708545599999,5035515.08030,33239,1257.729,2532465.71680,0
1708545600000,2021.00,2056.80,2005.50,2051.70,1956.551,1708559999999,3972745.87010,27625,1050.362,2132682.21220,0
