open_time,open,high,low,close,volume,close_time,quote_volume,count,taker_buy_volume,taker_buy_quote_volume,ignore
1719014400000,2481.90,2485.60,2455.20,2470.80,1539.057,1719028799999,3802514.87750,27473,749.931,1852457.76870,0
1719028800000,2469.60,2489.90,2463.00,2470.90,1305.434,1719043199999,3233346.77750,22678,629.241,1558628.48140,0
1719043200000,2471.00,2480.40,2456.40,2469.00,1422.725,1719057599999,3511534.26420,24074,665.824,1643795.94470,0
1719057600000,2469.00,2489.90,2457.70,2471.60,1542.404,1719071999999,3814680.74160,23631,815.105,2016295.80090,0
1719072000000,2471.90,2479.10,2453.20,2457.20,1025.675,1719086399999,2526149.33810,18361,451.327,1111345.32190,0
1719086400000,2457.30,2470.70,2246.60,2353.70,17610.165,1719100799999,41303800.36590,133965,9099.103,21293479.81100,0
