open_time,open,high,low,close,volume,close_time,quote_volume,count,taker_buy_volume,taker_buy_quote_volume,ignore
1728086400000,1459.00,1464.70,1435.30,1442.90,2626.645,1728100799999,3811638.41820,26420,1271.660,1844845.11670,0
1728100800000,1442.90,1461.90,1440.60,1455.70,1694.275,1728115199999,2461178.48110,19290,960.281,1394966.84600,0
1728115200000,1455.40,1463.30,1450.10,1454.70,1318.238,1728129599999,1920813.39680,16803,679.344,990018.75000,0
1728129600000,1454.80,1457.90,1438.40,1452.00,2484.831,1728143999999,3598689.47480,23287,1223.052,1771818.93740,0
1728144000000,1451.90,1456.00,1437.70,1441.80,1665.025,1728158399999,2405872.41720,20698,833.719,1204803.24100,0
1728158400000,1441.80,1456.30,1434.60,1455.20,1522.961,1728172799999,2201138.27800,16462,707.851,1024039.21550,0
