open_time,open,high,low,close,volume,close_time,quote_volume,count,taker_buy_volume,taker_buy_quote_volume,ignore
1731110400000,1483.60,1493.50,1468.50,1475.80,5128.540,1731124799999,7589286.71960,41949,2456.179,3635427.51060,0
1731124800000,1475.80,1518.00,1469.90,1496.60,6500.332,1731139199999,9748217.03180,46325,3345.816,5018898.24580,0
1731139200000,1496.50,1527.50,1491.90,1503.50,6422.159,1731153599999,9701639.54190,41981,2966.421,4482033.63250,0
1731153600000,1503.50,1507.60,1461.10,1477.60,7928.408,1731167999999,11728088.35150,54479,3576.631,5290513.98010,0
1731168000000,1477.40,1477.60,1440.20,1469.10,7270.493,1731182399999,10623837.94220,47874,3371.792,4931125.49850,0
1731182400000,1469.10,1503.90,1463.70,1493.60,4852.550,1731196799999,7207296.63530,38194,2485.971,3692518.10120,0
