open_time,open,high,low,close,volume,close_time,quote_volume,count,taker_buy_volume,taker_buy_quote_volume,ignore
1708819200000,2045.10,2055.20,2022.00,2037.10,2852.893,1708833599999,5817341.65960,33470,1320.264,2691537.73990,0
1708833600000,2037.10,2042.70,2028.20,2033.50,1256.787,1708847999999,2559444.56790,19787,582.857,1186921.71410,0
1708848000000,2033.50,2034.90,2018.40,2033.30,1845.470,1708862399999,3739670.70140,21811,879.639,1782233.88760,0
1708862400000,2033.40,2059.20,2026.20,2038.30,2111.085,1708876799999,4311862.64540,25632,1013.376,2070060.64750,0
1708876800000,2037.90,2046.10,2021.30,2038.10,1734.320,1708891199999,3529039.02320,23538,810.797,1649407.97610,0
1708891200000,2037.90,2076.70,2035.60,2052.90,2198.781,1708905599999,4520844.23110,29853,1246.822,2564215.91110,0
