open_time,open,high,low,close,volume,close_time,quote_volume,count,taker_buy_volume,taker_buy_quote_volume,ignore
1720915200000,2709.70,2743.00,2670.40,2740.40,5054.177,1720929599999,13687591.80030,70630,2591.936,7023923.45440,0
1720929600000,2739.30,2793.20,2737.80,2783.30,5478.261,1720943999999,15163075.71460,79413,2807.268,7770155.82780,0
1720944000000,2783.10,2809.90,2765.00,2782.80,4966.361,1720958399999,13864349.03540,71896,2307.403,6443541.40080,0
1720958400000,2782.80,2834.70,2767.00,2813.60,5760.332,1720972799999,16113607.35520,84734,2975.864,8329796.44700,0
1720972800000,2814.30,2871.10,2772.90,2786.90,6652.733,1720987199999,18709087.91020,81383,3529.791,9932535.04300,0
1720987200000,2786.90,2846.10,2770.50,2783.00,5090.845,1721001599999,14266521.18870,66907,2580.297,7232051.19950,0
