open_time,open,high,low,close,volume,close_time,quote_volume,count,taker_buy_volume,taker_buy_quote_volume,ignore
1703462400000,1397.80,1420.60,1392.00,1413.40,3628.495,1703476799999,5110682.72700,27877,1896.066,2670584.55120,0
1703476800000,1413.40,1433.60,1413.40,1424.50,3753.697,1703491199999,5350170.71550,23109,1895.053,2700798.70200,0
1703491200000,1424.20,1428.40,1401.10,1409.70,3202.353,1703505599999,4524735.16180,24872,1362.733,1925056.14250,0
1703505600000,1409.70,1425.10,1403.30,1424.20,3766.769,1703519999999,5321624.63010,26902,1947.054,2751780.00820,0
1703520000000,1424.20,1429.60,1410.80,1414.50,3524.900,1703534399999,5014485.82990,30169,1746.276,2484582.14670,0
1703534400000,1414.50,1417.80,1401.60,1407.30,2307.697,1703548799999,3254910.00080,21445,1109.659,1565176.95050,0
