open_time,open,high,low,close,volume,close_time,quote_volume,count,taker_buy_volume,taker_buy_quote_volume,ignore
1721347200000,2814.60,2826.20,2767.50,2808.80,3368.138,1721361599999,9428683.96220,43068,1533.608,4294002.35550,0
1721361600000,2808.80,2835.00,2750.40,2762.90,3847.247,1721375999999,10756939.39080,44569,1760.789,4927627.83670,0
1721376000000,2762.90,2772.70,2714.20,2757.00,6954.924,1721390399999,19039758.70060,70361,3241.666,8873522.17220,0
1721390400000,2757.20,2830.60,2749.50,2823.80,7339.668,1721404799999,20457172.82480,73895,3771.707,10514206.73810,0
1721404800000,2823.90,2844.60,2776.30,2830.40,5213.051,1721419199999,14659448.86060,64622,2500.341,7032795.50050,0
1721419200000,2830.20,2858.30,2821.00,2839.30,2728.591,1721433599999,7746607.25980,37851,1422.359,4038453.80440,0
