open_time,open,high,low,close,volume,close_time,quote_volume,count,taker_buy_volume,taker_buy_quote_volume,ignore
1723161600000,2052.50,2065.20,2022.20,2047.90,3715.070,1723175999999,7589676.66370,47154,1755.137,3585689.96950,0
1723176000000,2047.90,2084.60,2015.50,2063.20,4163.024,1723190399999,8562547.49440,45532,2037.996,4192179.59210,0
1723190400000,2063.20,2076.60,2036.40,2047.20,2895.786,1723204799999,5948499.06730,37430,1353.661,2781070.61810,0
1723204800000,2047.40,2070.10,1977.20,1990.50,6088.114,1723219199999,12338840.28770,67975,2839.903,5762073.04740,0
1723219200000,1990.60,2017.10,1983.20,2001.20,3079.617,1723233599999,6156286.21340,34441,1666.388,3329864.61620,0
1723233600000,2001.20,2012.40,1984.10,2007.10,2138.030,1723247999999,4271975.86170,26853,1045.818,2089195.14890,0
