open_time,open,high,low,close,volume,close_time,quote_volume,count,taker_buy_volume,taker_buy_quote_volume,ignore
1718064000000,2402.90,2406.20,2294.80,2336.90,4481.928,1718078399999,10509699.16650,57106,2148.688,5041674.76450,0
1718078400000,2336.80,2338.30,2305.60,2315.40,2227.842,1718092799999,5167390.12730,31053,1068.292,2477700.98580,0
1718092800000,2315.40,2324.50,2295.90,2296.60,1561.078,1718107199999,3606179.34980,25176,728.091,1682045.78750,0
1718107200000,2296.70,2307.60,2218.70,2237.20,5360.594,1718121599999,12125555.67740,65661,2520.698,5699720.91280,0
1718121600000,2235.80,2292.80,2234.40,2276.70,4399.174,1718135999999,9976876.68380,49191,2309.392,5236022.73740,0
1718136000000,2276.70,2276.70,2257.50,2262.00,840.008,1718150399999,1903930.01180,18000,423.529,959995.86040,0
