open_time,open,high,low,close,volume,close_time,quote_volume,count,taker_buy_volume,taker_buy_quote_volume,ignore
1718236800000,2307.80,2311.00,2239.80,2258.80,2229.445,1718251199999,5065689.20680,36031,1117.745,2540422.37330,0
1718251200000,2258.80,2288.20,2258.10,2273.80,1595.840,1718265599999,3630187.78890,25077,751.167,1708241.66080,0
1718265600000,2273.80,2278.10,2257.30,2266.70,803.794,1718279999999,1822233.85110,17483,422.397,957569.71340,0
1718280000000,2266.70,2289.00,2239.20,2247.30,2202.529,1718294399999,4996525.27410,33089,1099.572,2495476.87710,0
1718294400000,2247.10,2265.60,2233.80,2256.50,2014.014,1718308799999,4535806.54780,28848,967.637,2179001.65660,0
1718308800000,2256.10,2262.60,2239.40,2248.70,795.810,1718323199999,1791724.14340,16253,393.818,886513.21170,0
