open_time,open,high,low,close,volume,close_time,quote_volume,count,taker_buy_volume,taker_buy_quote_volume,ignore
1724198400000,1939.10,1945.70,1912.40,1945.70,2315.519,1724212799999,4472209.54170,23797,1231.495,2378514.40010,0
1724212800000,1945.70,1971.90,1942.20,1971.40,2324.065,1724227199999,4549037.85720,23218,1317.152,2578882.69110,0
1724227200000,1971.40,1974.50,1930.20,1935.50,2722.498,1724241599999,5294332.37430,23174,1234.863,2400901.54500,0
1724241600000,1935.50,1995.20,1926.40,1964.20,10659.015,1724255999999,20893494.71940,72435,5557.563,10898086.53890,0
1724256000000,1964.40,2055.50,1956.50,2044.40,5552.557,1724270399999,11170601.16570,38447,3088.568,6210146.81870,0
1724270400000,2044.30,2061.00,2028.80,2033.80,3248.519,1724284799999,6641827.32130,30742,1689.596,3455006.05050,0
