open_time,open,high,low,close,volume,close_time,quote_volume,count,taker_buy_volume,taker_buy_quote_volume,ignore
1730160000000,1116.50,1130.70,1111.60,1123.30,3890.007,1730174399999,4366597.70420,31706,1925.725,2161770.50460,0
1730174400000,1123.40,1128.20,1109.50,1111.40,3052.997,1730188799999,3413248.23060,23023,1394.109,1559015.75490,0
1730188800000,1111.60,1121.70,1109.90,1118.20,2074.398,1730203199999,2314602.99210,17315,1136.795,1268815.42990,0
1730203200000,1118.20,1127.70,1110.00,1119.90,4738.374,1730217599999,5295687.48060,31018,2331.936,2607791.66410,0
1730217600000,1119.80,1160.90,1116.70,1137.90,12289.078,1730231999999,13996862.09380,60584,6797.452,7741707.41360,0
1730232000000,1138.10,1157.50,1125.80,1157.20,4239.860,1730246399999,4836509.61940,29361,2174.503,2481929.48710,0
