open_time,open,high,low,close,volume,close_time,quote_volume,count,taker_buy_volume,taker_buy_quote_volume,ignore
1731801600000,1504.90,1538.20,1460.60,1484.70,8846.643,1731815999999,13248845.50130,70518,4309.322,6458290.35930,0
1731816000000,1484.70,1530.40,1482.90,1522.40,6083.818,1731830399999,9164567.38910,46102,3049.556,4594526.73200,0
1731830400000,1522.50,1534.00,1473.70,1478.80,5809.767,1731844799999,8743094.43020,45924,2619.297,3945828.69060,0
1731844800000,1478.80,1506.00,1478.80,1491.30,4633.996,1731859199999,6915090.33210,44592,2088.824,3117354.96010,0
1731859200000,1491.30,1494.90,1463.60,1474.50,5827.761,1731873599999,8635453.91850,46555,2199.629,3260516.79300,0
1731873600000,1474.50,1483.60,1458.30,1479.20,3752.148,1731887999999,5518666.44820,34831,1737.130,2554910.64790,0
