open_time,open,high,low,close,volume,close_time,quote_volume,count,taker_buy_volume,taker_buy_quote_volume,ignore
1715299200000,2747.40,2753.50,2724.10,2728.80,956.699,1715313599999,2618134.41520,22286,470.766,1288359.41940,0
1715313600000,2728.70,2737.10,2706.40,2730.30,1397.341,1715327999999,3807941.47040,28924,666.173,1815342.97050,0
1715328000000,2730.20,2731.80,2712.50,2730.00,960.778,1715342399999,2614236.88280,19423,465.308,1266100.91920,0
1715342400000,2730.00,2735.60,2635.00,2661.10,4010.740,1715356799999,10743252.79960,59784,1911.161,5118088.87170,0
1715356800000,2660.20,2668.80,2629.00,2659.90,2301.279,1715371199999,6098552.55900,42419,1134.842,3008137.58910,0
1715371200000,2659.90,2675.80,2639.50,2670.90,1080.234,1715385599999,2871184.16590,25177,565.004,1501354.12880,0
