open_time,open,high,low,close,volume,close_time,quote_volume,count,taker_buy_volume,taker_buy_quote_volume,ignore
1720396800000,2117.30,2123.70,2032.70,2065.50,5776.081,1720411199999,11992113.42490,78309,2807.097,5827891.41500,0
1720411200000,2065.30,2128.60,2057.70,2113.50,4588.339,1720425599999,9629674.76600,50849,2349.468,4928775.83500,0
1720425600000,2113.90,2221.40,2108.30,2199.10,7682.313,1720439999999,16794192.76010,78661,3854.655,8432336.63430,0
1720440000000,2198.90,2221.30,2096.80,2153.90,7532.408,1720454399999,16375417.50120,80274,3657.148,7951859.40100,0
1720454400000,2153.60,2196.00,2131.80,2195.30,3345.807,1720468799999,7252383.09720,43333,1757.879,3811675.64360,0
1720468800000,2196.00,2218.40,2181.20,2201.20,2446.753,1720483199999,5384442.31170,30937,1263.866,2781432.72720,0
