open_time,open,high,low,close,volume,close_time,quote_volume,count,taker_buy_volume,taker_buy_quote_volume,ignore
1730505600000,1266.70,1269.40,1223.70,1231.80,8628.455,1730519999999,10787260.17450,46810,3677.807,4603193.55430,0
1730520000000,1231.90,1238.30,1215.00,1221.00,7662.479,1730534399999,9391611.02840,44339,3899.145,4778769.51580,0
1730534400000,1220.80,1229.40,1207.10,1218.60,7274.450,1730548799999,8860205.74260,43432,3635.185,4427961.70270,0
1730548800000,1218.50,1218.70,1197.00,1212.30,8708.681,1730563199999,10507218.30860,53129,3801.683,4588528.48960,0
1730563200000,1212.40,1217.90,1205.40,1210.50,4534.839,1730577599999,5496499.77140,29249,2205.865,2673926.70860,0
1730577600000,1210.50,1218.00,1201.90,1211.70,3046.431,1730591999999,3688273.24620,22776,1628.567,1971870.38540,0
