open_time,open,high,low,close,volume,close_time,quote_volume,count,taker_buy_volume,taker_buy_quote_volume,ignore
1723507200000,2012.00,2029.20,1972.80,1979.80,2636.938,1723521599999,5290626.70190,34257,1249.207,2507275.39230,0
1723521600000,1979.80,1999.20,1968.30,1992.50,2206.994,1723535999999,4384112.18930,23188,1084.035,2153711.76030,0
1723536000000,1992.60,2001.80,1971.00,1991.10,1743.816,1723550399999,3464294.79900,23726,820.516,1630050.27090,0
1723550400000,1991.20,2140.00,1984.90,2079.10,30801.098,1723564799999,63978376.68970,199417,16218.546,33657280.88110,0
1723564800000,2079.20,2159.30,2073.60,2126.90,9908.038,1723579199999,21037088.49530,97595,4726.409,10034835.45690,0
1723579200000,2126.90,2151.20,2122.50,2137.80,2886.600,1723593599999,6164743.87210,38250,1417.161,3026452.82040,0
