open_time,open,high,low,close,volume,close_time,quote_volume,count,taker_buy_volume,taker_buy_quote_volume,ignore
1707523200000,1969.20,2005.70,1966.80,2004.70,1759.333,1707537599999,3498480.43830,21647,1038.493,2064950.22020,0
1707537600000,2005.00,2011.10,1989.80,1990.10,1425.608,1707551999999,2854729.67120,17519,623.678,1249265.66180,0
1707552000000,1990.10,1997.90,1965.10,1982.00,1761.132,1707566399999,3493008.22630,20308,932.536,1849314.83290,0
1707566400000,1982.60,2002.00,1976.80,2000.00,1207.792,1707580799999,2402635.44660,15463,649.664,1292686.82950,0
1707580800000,2000.00,2004.00,1990.30,2000.00,913.041,1707595199999,1823696.77520,14350,417.805,834627.78850,0
1707595200000,2000.30,2009.10,1992.20,2007.10,1292.654,1707609599999,2587847.59460,16414,672.774,1347020.53190,0
