open_time,open,high,low,close,volume,close_time,quote_volume,count,taker_buy_volume,taker_buy_quote_volume,ignore
1729728000000,1160.30,1176.70,1154.10,1161.00,4353.528,1729742399999,5078172.96930,30183,2094.000,2443557.04220,0
1729742400000,1161.00,1165.60,1140.00,1142.00,4995.525,1729756799999,5757351.88860,29736,2167.947,2499633.48060,0
1729756800000,1141.80,1145.20,1130.00,1139.80,4788.277,1729771199999,5440825.44710,32056,2607.431,2962820.24090,0
1729771200000,1139.90,1148.10,1132.80,1145.10,4846.556,1729785599999,5532818.72010,33821,2213.817,2528321.62620,0
1729785600000,1145.10,1154.40,1138.00,1147.90,4022.853,1729799999999,4613822.21850,26875,1881.043,2158029.60090,0
1729800000000,1148.10,1149.00,1133.00,1136.70,3100.961,1729814399999,3537337.33620,22079,1445.526,1648844.78450,0
