open_time,open,high,low,close,volume,close_time,quote_volume,count,taker_buy_volume,taker_buy_quote_volume,ignore
1700784000000,1471.60,1490,1467,1484.50,4899.836,1700798399999,7256315.44460,32317,2590.806,3836852.51920,0
1700798400000,1484.40,1496.40,1479,1493.20,7064.977,1700812799999,10526075.87580,34323,3651.467,5440728.91410,0
1700812800000,1493.30,1494.40,1470,1472.70,8045.861,1700827199999,11927784.11240,45104,3802.705,5637900.44510,0
1700827200000,1472.50,1479.90,1457.40,1466,7543.575,1700841599999,11081890.78380,42068,3815.107,5605629.82790,0
1700841600000,1466,1476.30,1452,1455.40,6575.107,1700855999999,9615428.81930,40978,3258.142,4767093.14460,0
1700856000000,1455.40,1459.60,1442.70,1458.90,3262.714,1700870399999,4738980.94230,24583,1601.990,2327819.78950,0
