open_time,open,high,low,close,volume,close_time,quote_volume,count,taker_buy_volume,taker_buy_quote_volume,ignore
1721174400000,3037.20,3079.00,3011.50,3064.50,6586.934,1721188799999,20044316.55090,87958,3330.003,10138673.87820,0
1721188800000,3064.40,3117.30,2976.00,3009.10,7825.157,1721203199999,23871030.94760,96764,3924.272,11979237.77650,0
1721203200000,3009.30,3065.00,2948.10,2958.70,8107.636,1721217599999,24406656.86650,106917,3772.553,11357756.40880,0
1721217600000,2958.80,2978.40,2852.90,2854.20,9116.428,1721231999999,26629681.47060,95741,4534.674,13254934.70770,0
1721232000000,2855.20,2908.70,2815.50,2888.50,8606.207,1721246399999,24487704.90350,84663,4364.054,12422392.70290,0
1721246400000,2888.80,2889.50,2851.30,2856.60,3096.596,1721260799999,8892688.66970,44145,1443.383,4146878.09550,0
