open_time,open,high,low,close,volume,close_time,quote_volume,count,taker_buy_volume,taker_buy_quote_volume,ignore
1709769600000,2085.70,2108.40,2073.60,2087.30,3868.999,1709783999999,8091763.11170,55675,1966.422,4113334.06870,0
1709784000000,2087.10,2107.80,2037.50,2082.50,4452.563,1709798399999,9229131.14280,56404,2236.685,4635878.46900,0
1709798400000,2082.50,2105.30,2080.00,2091.20,2699.254,1709812799999,5652613.10780,42576,1178.962,2468472.08860,0
1709812800000,2091.30,2112.40,2070.70,2091.30,3716.902,1709827199999,7781421.51530,54125,1741.537,3645311.12520,0
1709827200000,2090.90,2103.00,2082.50,2092.80,2045.193,1709841599999,4280630.50720,34921,1004.592,2102561.80760,0
1709841600000,2092.90,2121.40,2088.00,2106.10,3343.371,1709855999999,7030120.19680,44816,1900.260,3996564.57670,0
