open_time,open,high,low,close,volume,close_time,quote_volume,count,taker_buy_volume,taker_buy_quote_volume,ignore
1720310400000,2348.60,2354.50,2306.00,2327.40,2189.268,1720324799999,5100389.54460,31450,1003.336,2337606.04480,0
1720324800000,2327.40,2327.40,2285.30,2292.60,2035.891,1720339199999,4690557.75000,27312,902.030,2078655.15810,0
1720339200000,2292.30,2294.90,2211.00,2224.50,5832.089,1720353599999,13061054.92950,61149,2425.894,5426580.52700,0
1720353600000,2224.40,2234.50,2166.20,2187.30,5044.432,1720367999999,11107455.37640,53349,2441.534,5380230.76430,0
1720368000000,2187.10,2219.00,2181.10,2184.50,1651.997,1720382399999,3631546.31310,26104,848.514,1865299.45570,0
1720382400000,2184.50,2196.10,2108.80,2117.50,3237.597,1720396799999,6946456.59310,42331,1595.324,3426622.07510,0
