open_time,open,high,low,close,volume,close_time,quote_volume,count,taker_buy_volume,taker_buy_quote_volume,ignore
1731283200000,1469.10,1532.90,1462.50,1512.80,11760.597,1731297599999,17619717.14590,69947,5971.185,8939954.23460,0
1731297600000,1512.80,1514.30,1440.40,1460.00,12357.208,1731311999999,18213658.85720,77289,5476.803,8070090.75850,0
1731312000000,1459.80,1490.90,1447.90,1487.70,6763.063,1731326399999,9951921.08600,49596,3639.376,5356365.90890,0
1731326400000,1487.90,1519.50,1461.20,1510.10,12962.746,1731340799999,19322188.75370,90185,6085.007,9072255.33080,0
1731340800000,1510.20,1566.00,1498.50,1514.30,16538.479,1731355199999,25313109.18460,91398,8038.989,12308330.30260,0
1731355200000,1514.50,1551.30,1490.80,1539.60,9268.922,1731369599999,14134970.86610,59910,4656.369,7108925.80940,0
