open_time,open,high,low,close,volume,close_time,quote_volume,count,taker_buy_volume,taker_buy_quote_volume,ignore
1722124800000,2640.90,2641.10,2597.90,2602.60,1757.392,1722139199999,4597597.00270,26050,827.334,2165321.96900,0
1722139200000,2602.70,2611.60,2576.00,2592.10,1625.148,1722153599999,4216013.91320,27415,712.067,1847856.95670,0
1722153600000,2592.00,2621.90,2585.30,2603.50,1109.852,1722167999999,2892254.18800,20338,553.131,1440988.61980,0
1722168000000,2603.50,2685.00,2600.50,2654.50,4403.705,1722182399999,11718202.12600,59309,2327.085,6188250.45970,0
1722182400000,2654.60,2684.40,2651.90,2655.50,2571.622,1722196799999,6866183.52660,39178,1177.610,3144761.93090,0
1722196800000,2655.00,2656.00,2611.70,2636.00,1900.209,1722211199999,5004725.06190,27594,871.332,2294245.45570,0
