open_time,open,high,low,close,volume,close_time,quote_volume,count,taker_buy_volume,taker_buy_quote_volume,ignore
1731974400000,1557.90,1576.80,1493.60,1502.20,9056.415,1731988799999,13882487.39490,56865,4254.771,6520030.88600,0
1731988800000,1502.30,1505.60,1480.10,1485.00,5446.474,1732003199999,8122451.78550,49527,2505.229,3736326.21860,0
1732003200000,1484.90,1504.80,1484.00,1495.90,3797.361,1732017599999,5668183.44160,33096,1849.668,2762637.00750,0
1732017600000,1495.90,1509.90,1466.00,1509.50,8413.798,1732031999999,12509598.24220,59068,3563.798,5303852.77480,0
1732032000000,1509.60,1522.80,1488.30,1505.60,5901.709,1732046399999,8874214.65600,46524,2651.135,3985090.29260,0
1732046400000,1505.40,1511.40,1467.10,1494.60,5939.000,1732060799999,8855008.29250,46995,2438.221,3638945.92820,0
