open_time,open,high,low,close,volume,close_time,quote_volume,count,taker_buy_volume,taker_buy_quote_volume,ignore
1715472000000,2698.40,2708.30,2688.20,2694.40,577.487,1715486399999,1557103.89260,15213,234.701,632915.04560,0
1715486400000,2694.40,2711.10,2686.20,2693.80,705.400,1715500799999,1904613.43000,15953,370.153,999656.77490,0
1715500800000,2693.80,2701.70,2679.50,2683.10,850.721,1715515199999,2289453.64360,22281,377.599,1016564.94070,0
1715515200000,2683.00,2723.70,2677.60,2717.20,1875.192,1715529599999,5066548.20340,27904,1136.737,3071449.75480,0
1715529600000,2717.10,2732.20,2692.10,2699.00,1401.057,1715543999999,3802839.84580,23982,623.476,1691799.57140,0
1715544000000,2699.10,2707.00,2675.50,2690.20,913.439,1715558399999,2459349.40960,18301,445.800,1199810.30230,0
