open_time,open,high,low,close,volume,close_time,quote_volume,count,taker_buy_volume,taker_buy_quote_volume,ignore
1708646400000,2026.10,2039.80,1989.70,2007.90,2635.163,1708660799999,5309177.32130,33322,1289.994,2598683.31380,0
1708660800000,2007.90,2020.50,1993.80,2003.30,1637.794,1708675199999,3288056.57510,22019,723.558,1452731.37370,0
1708675200000,2003.40,2012.60,1989.70,2003.30,1398.313,1708689599999,2800000.19230,22618,689.983,1381322.79150,0
1708689600000,2003.30,2035.10,1962.10,1986.10,8663.406,1708703999999,17276005.84150,80390,4191.378,8362203.12970,0
1708704000000,1986.30,2004.10,1955.00,1990.60,3452.547,1708718399999,6832541.56330,43059,1612.507,3190191.04410,0
1708718400000,1990.30,2002.70,1968.00,1988.00,1623.815,1708732799999,3226445.85670,24123,790.829,1571180.01260,0
