open_time,open,high,low,close,volume,close_time,quote_volume,count,taker_buy_volume,taker_buy_quote_volume,ignore
1715126400000,2801.30,2814.30,2775.20,2809.10,1392.788,1715140799999,3900061.49530,32678,762.962,2136404.69880,0
1715140800000,2809.00,2813.30,2749.50,2754.10,2078.027,1715155199999,5764713.39040,37579,1048.643,2911797.47750,0
1715155200000,2754.10,2779.90,2740.90,2752.50,1594.766,1715169599999,4403570.61560,33903,792.688,2189366.34880,0
1715169600000,2752.70,2767.60,2712.90,2717.90,2407.557,1715183999999,6592033.24380,45187,1181.518,3235130.33440,0
1715184000000,2717.80,2750.30,2710.20,2732.60,1926.287,1715198399999,5256642.96830,33688,886.987,2420795.72890,0
1715198400000,2732.80,2742.80,2675.90,2695.60,2390.811,1715212799999,6460065.42180,40529,1150.589,3109198.19910,0
