open_time,open,high,low,close,volume,close_time,quote_volume,count,taker_buy_volume,taker_buy_quote_volume,ignore
1720483200000,2201.50,2243.30,2193.30,2231.40,2896.413,1720497599999,6435326.37120,40855,1405.667,3122371.85640,0
1720497600000,2231.40,2274.10,2229.00,2255.40,3990.749,1720511999999,9003791.89060,36936,2060.558,4649561.43600,0
1720512000000,2255.50,2305.00,2250.70,2286.80,3611.106,1720526399999,8258573.66680,40689,1612.147,3687119.46360,0
1720526400000,2286.30,2292.30,2241.90,2256.40,3005.491,1720540799999,6806272.54070,39396,1403.066,3176708.59680,0
1720540800000,2256.50,2281.90,2243.90,2253.40,1848.152,1720555199999,4178901.29830,27621,1036.932,2344782.60840,0
1720555200000,2253.40,2307.80,2253.00,2296.60,2562.871,1720569599999,5845218.04720,30450,1472.116,3356653.62480,0
