open_time,open,high,low,close,volume,close_time,quote_volume,count,taker_buy_volume,taker_buy_quote_volume,ignore
1725235200000,1685.60,1709.60,1683.70,1708.60,2592.832,1725249599999,4401935.75270,28206,1390.174,2360337.61730,0
1725249600000,1708.80,1711.00,1685.00,1690.50,2052.232,1725263999999,3483710.86980,22574,933.921,1585374.53820,0
1725264000000,1690.30,1750.20,1682.60,1741.20,4930.904,1725278399999,8470378.54690,38963,2677.261,4597107.72290,0
1725278400000,1741.20,1751.30,1729.00,1737.00,2501.013,1725292799999,4352982.29800,27130,1278.082,2224934.09580,0
1725292800000,1737.10,1771.40,1736.00,1755.70,5327.962,1725307199999,9355359.80530,41055,2829.373,4967755.33730,0
1725307200000,1755.70,1777.00,1753.60,1755.90,2673.627,1725321599999,4719587.70350,26186,1285.014,2268291.57180,0
