open_time,open,high,low,close,volume,close_time,quote_volume,count,taker_buy_volume,taker_buy_quote_volume,ignore
1722211200000,2635.80,2750.00,2627.90,2746.40,4880.019,1722225599999,13179468.42630,67390,2466.199,6660723.24090,0
1722225600000,2746.40,2769.00,2720.00,2738.80,4003.103,1722239999999,10992552.35930,59603,1795.630,4931691.98350,0
1722240000000,2738.80,2764.50,2727.90,2732.90,1802.467,1722254399999,4949909.85940,30896,905.490,2487667.08640,0
1722254400000,2732.50,2750.00,2688.20,2745.70,5529.667,1722268799999,15009886.93850,71169,2919.263,7928680.85750,0
1722268800000,2745.70,2793.70,2688.20,2762.60,8458.473,1722283199999,23226283.71130,103547,4624.854,12695624.98900,0
1722283200000,2762.70,2841.80,2759.90,2822.20,4705.823,1722297599999,13217713.36670,60441,2366.631,6645286.53570,0
