open_time,open,high,low,close,volume,close_time,quote_volume,count,taker_buy_volume,taker_buy_quote_volume,ignore
1704240000000,1832.20,1852.40,1804.40,1824.60,11531.664,1704254399999,21089175.27210,96785,5460.169,9989301.29300,0
1704254400000,1824.50,1893.50,1810.50,1868.10,15189.813,1704268799999,28147120.96860,121969,7715.900,14299407.69800,0
1704268800000,1868.30,1898.80,1838.30,1857.50,21622.427,1704283199999,40577943.30100,152208,10498.775,19706250.94860,0
1704283200000,1857.70,1867.80,1438.00,1808.20,58742.570,1704297599999,102843675.87300,391746,28824.324,50612458.78090,0
1704297600000,1808.40,1910.00,1798.60,1883.50,27776.043,1704311999999,51700222.13440,212022,14337.106,26702145.13340,0
1704312000000,1883.40,1961.00,1802.20,1807.60,23578.870,1704326399999,44741696.34300,188030,12355.518,23477607.19680,0
