open_time,open,high,low,close,volume,close_time,quote_volume,count,taker_buy_volume,taker_buy_quote_volume,ignore
1720656000000,2293.60,2297.00,2255.40,2277.20,1974.351,1720670399999,4500705.63310,29930,997.345,2272953.42780,0
1720670400000,2277.20,2280.80,2259.00,2272.30,1137.573,1720684799999,2583772.49460,19414,510.188,1158971.73590,0
1720684800000,2272.60,2322.60,2242.80,2318.70,2922.139,1720699199999,6654101.63390,31811,1272.446,2897750.47660,0
1720699200000,2318.60,2387.90,2309.30,2318.00,7043.804,1720713599999,16559086.77740,75693,3597.991,8463945.10460,0
1720713600000,2317.80,2353.00,2303.10,2340.90,3095.581,1720727999999,7200935.34840,39958,1493.863,3477156.20110,0
1720728000000,2341.10,2380.60,2329.00,2380.60,3159.266,1720742399999,7453672.46280,42277,1622.635,3827473.37840,0
