open_time,open,high,low,close,volume,close_time,quote_volume,count,taker_buy_volume,taker_buy_quote_volume,ignore
1728259200000,1454.60,1501.80,1447.20,1463.60,9852.102,1728273599999,14546912.95580,56326,4927.121,7274719.09260,0
1728273600000,1463.50,1467.30,1450.30,1451.40,3669.505,1728287999999,5353212.87140,26471,1744.566,2545734.11420,0
1728288000000,1451.30,1454.90,1401.00,1408.60,14739.194,1728302399999,20916731.39230,77212,7131.733,10115964.00490,0
1728302400000,1408.50,1426.30,1383.80,1410.00,16397.950,1728316799999,23027212.37800,114405,7462.553,10481683.48970,0
1728316800000,1409.90,1415.60,1388.50,1411.70,8490.416,1728331199999,11899924.60810,61979,4015.124,5629169.75120,0
1728331200000,1411.80,1414.30,1390.70,1402.40,5278.055,1728345599999,7408312.63050,45606,2598.172,3646738.82220,0
