open_time,open,high,low,close,volume,close_time,quote_volume,count,taker_buy_volume,taker_buy_quote_volume,ignore
1730851200000,1120.40,1194.60,1117.80,1179.70,20479.265,1730865599999,23817661.17120,99797,10912.767,12693601.21750,0
1730865600000,1179.80,1300.60,1170.60,1262.90,35638.096,1730879999999,44224705.56590,166412,16751.517,20746215.69340,0
1730880000000,1262.80,1321.40,1237.10,1283.00,25795.986,1730894399999,33229529.75050,144175,11810.651,15211238.40870,0
1730894400000,1283.20,1311.70,1270.70,1293.30,15699.289,1730908799999,20284024.76900,89785,7419.950,9586161.21300,0
1730908800000,1293.20,1328.10,1293.10,1323.10,8306.102,1730923199999,10917907.67130,53199,4859.154,6389254.38500,0
1730923200000,1323.10,1422.40,1313.20,1386.20,21963.202,1730937599999,30331565.84070,105888,10795.724,14905409.96520,0
