open_time,open,high,low,close,volume,close_time,quote_volume,count,taker_buy_volume,taker_buy_quote_volume,ignore
1709510400000,2096.50,2117.50,2060.40,2068.60,5291.365,1709524799999,11044635.11680,57094,2676.401,5588246.11400,0
1709524800000,2068.60,2119.20,2064.60,2088.00,2750.069,1709539199999,5747560.48280,32404,1246.248,2605720.75310,0
1709539200000,2088.10,2118.20,2083.40,2104.90,3244.884,1709553599999,6826220.10190,42332,1449.024,3048190.68750,0
1709553600000,2104.80,2128.00,2090.30,2122.50,3314.219,1709567999999,6999393.91750,43441,1636.753,3456937.68330,0
1709568000000,2122.20,2136.60,2040.70,2104.90,6043.247,1709582399999,12609433.19960,74881,3221.498,6722498.53210,0
1709582400000,2104.90,2118.00,2082.20,2097.30,2729.258,1709596799999,5730463.68910,37643,1407.664,2955291.54240,0
