open_time,open,high,low,close,volume,close_time,quote_volume,count,taker_buy_volume,taker_buy_quote_volume,ignore
1714003200000,2873.00,2910.80,2829.20,2839.00,2538.598,1714017599999,7264506.77680,59906,1356.131,3880598.18730,0
1714017600000,2839.50,2860.30,2796.40,2838.50,3069.195,1714031999999,8693383.30010,60478,1371.826,3885888.98820,0
1714032000000,2838.30,2857.30,2796.80,2842.40,2903.111,1714046399999,8204424.93380,64538,1520.492,4295206.95070,0
1714046400000,2842.40,2879.90,2807.20,2871.30,3365.714,1714060799999,9574671.27740,79345,1645.061,4680123.17410,0
1714060800000,2871.30,2879.20,2839.00,2851.80,2100.890,1714075199999,5995587.92640,49745,969.987,2767458.92130,0
1714075200000,2852.10,2880.00,2839.40,2855.10,1599.249,1714089599999,4573451.82900,38713,773.615,2211977.00830,0
