open_time,open,high,low,close,volume,close_time,quote_volume,count,taker_buy_volume,taker_buy_quote_volume,ignore
1703808000000,1561.10,1581.00,1528.30,1548.80,8319.104,1703822399999,12913869.18940,59516,4039.989,6273077.43570,0
1703822400000,1548.80,1553.30,1529.60,1531.80,3757.106,1703836799999,5796987.25710,32419,1828.217,2821764.59420,0
1703836800000,1531.90,1583.40,1530.30,1572.90,4866.332,1703851199999,7601315.73560,37591,2424.446,3786277.03320,0
1703851200000,1572.90,1594.20,1536.40,1549.70,7484.028,1703865599999,11772460.36480,55698,3262.945,5131401.20850,0
1703865600000,1549.60,1560.00,1515.60,1555.60,6910.247,1703879999999,10613843.48330,55569,3454.740,5304937.83400,0
1703880000000,1555.50,1579.60,1538.50,1539.10,6304.147,1703894399999,9823273.54500,45040,2834.656,4415616.43220,0
