open_time,open,high,low,close,volume,close_time,quote_volume,count,taker_buy_volume,taker_buy_quote_volume,ignore
1700956800000,1458.70,1460.10,1444,1456.70,2581.504,1700971199999,3751379.22430,20770,1079.595,1568780.37000,0
1700971200000,1456.70,1477.50,1453.60,1461.90,4411.882,1700985599999,6459327.84280,26566,2272.344,3327006.45190,0
1700985600000,1461.90,1465.90,1455,1465.70,2991.783,1700999999999,4370226.47330,24096,1426.587,2084305.23130,0
1701000000000,1465.80,1484.50,1456.40,1471.80,10414.706,1701014399999,15330099.45130,67196,5044.171,7426155.95180,0
1701014400000,1471.80,1493.10,1459.50,1479.80,10469.490,1701028799999,15519281.28930,76225,5293.205,7847506.18090,0
1701028800000,1479.70,1495,1476.30,1487.40,4383.276,1701043199999,6521587.35620,40772,2242.994,3337550.55330,0
