open_time,open,high,low,close,volume,close_time,quote_volume,count,taker_buy_volume,taker_buy_quote_volume,ignore
1705104000000,2027.00,2085.50,2012.90,2075.10,8390.343,1705118399999,17213494.41820,81165,4473.951,9175108.07760,0
1705118400000,2075.10,2094.70,2058.00,2083.10,5353.772,1705132799999,11121810.16540,53438,2679.987,5566880.93970,0
1705132800000,2083.40,2096.60,2070.50,2092.50,4196.302,1705147199999,8748907.06850,45438,2086.463,4349568.66770,0
1705147200000,2091.50,2120.00,2075.10,2107.40,3674.811,1705161599999,7707864.87160,45006,1980.215,4153779.39670,0
1705161600000,2107.20,2112.80,2079.80,2089.00,2861.984,1705175999999,5993205.57470,40135,1378.872,2887112.10230,0
1705176000000,2089.00,2090.00,2060.40,2070.20,2571.474,1705190399999,5331276.45140,33768,1176.990,2440367.21240,0
