open_time,open,high,low,close,volume,close_time,quote_volume,count,taker_buy_volume,taker_buy_quote_volume,ignore
1725148800000,1756.90,1763.00,1730.30,1741.60,2235.225,1725163199999,3893942.52710,24454,1042.741,1816740.10750,0
1725163200000,1741.60,1747.40,1722.10,1745.40,2678.962,1725177599999,4650735.12310,24427,1377.371,2390983.34960,0
1725177600000,1745.60,1747.20,1723.50,1733.30,2467.460,1725191999999,4282214.73100,26928,1450.353,2516364.47930,0
1725192000000,1733.30,1736.40,1697.70,1730.00,3983.876,1725206399999,6848915.68950,36640,1993.592,3429115.47810,0
1725206400000,1730.10,1747.00,1714.40,1746.10,2984.919,1725220799999,5167055.04090,28091,1639.264,2838490.85530,0
1725220800000,1746.10,1750.90,1663.20,1685.80,5371.515,1725235199999,9131021.51850,44460,2502.932,4254795.89390,0
