open_time,open,high,low,close,volume,close_time,quote_volume,count,taker_buy_volume,taker_buy_quote_volume,ignore
1708560000000,2051.80,2052.10,2015.30,2029.90,1905.857,1708574399999,3874834.45860,28172,884.448,1797857.22690,0
1708574400000,2029.90,2050.30,2016.50,2048.90,1266.164,1708588799999,2570170.66240,21342,619.921,1258531.38550,0
1708588800000,2049.30,2072.00,2046.70,2057.40,2471.641,1708603199999,5088960.57660,32606,1026.865,2114352.02650,0
1708603200000,2057.50,2058.10,2024.50,2051.40,2367.416,1708617599999,4829510.79400,31711,1134.267,2313642.69890,0
1708617600000,2051.20,2053.50,2025.90,2033.80,1428.636,1708631999999,2911820.80270,22499,675.872,1377419.53120,0
1708632000000,2033.80,2055.90,2023.60,2026.00,1806.492,1708646399999,3680680.36320,27739,954.957,1945002.58540,0
