open_time,open,high,low,close,volume,close_time,quote_volume,count,taker_buy_volume,taker_buy_quote_volume,ignore
1715040000000,2779.70,2838.70,2762.70,2785.00,2612.148,1715054399999,7320084.54750,39382,1280.563,3588819.91520,0
1715054400000,2784.60,2815.50,2779.60,2808.20,1472.610,1715068799999,4115383.13990,27585,648.757,1812760.28440,0
1715068800000,2808.20,2852.30,2803.50,2814.20,2045.312,1715083199999,5793767.47000,35262,883.905,2503438.31880,0
1715083200000,2814.10,2858.00,2807.00,2840.30,1595.400,1715097599999,4518034.28510,32124,714.853,2023995.41940,0
1715097600000,2840.00,2857.60,2813.70,2827.30,1650.895,1715111999999,4686099.21490,30414,821.227,2330053.51140,0
1715112000000,2827.30,2852.30,2792.10,2801.40,1837.561,1715126399999,5180388.22450,32803,864.104,2436252.38920,0
