open_time,open,high,low,close,volume,close_time,quote_volume,count,taker_buy_volume,taker_buy_quote_volume,ignore
1731369600000,1539.80,1548.00,1483.70,1530.30,11694.844,1731383999999,17813778.95540,78169,5700.265,8686967.79150,0
1731384000000,1530.20,1551.40,1513.90,1539.70,7040.124,1731398399999,10770826.74960,54328,3328.564,5093357.03130,0
1731398400000,1539.60,1571.20,1429.90,1489.10,32051.192,1731412799999,48033816.03810,172271,15174.203,22727519.87170,0
1731412800000,1489.00,1502.90,1449.90,1479.00,16101.201,1731427199999,23736756.38200,116329,7597.031,11203107.76610,0
1731427200000,1479.10,1514.90,1461.20,1500.00,12311.579,1731441599999,18387154.76220,75684,5592.848,8356264.23840,0
1731441600000,1500.40,1535.60,1483.20,1519.60,6736.231,1731455999999,10183192.00090,48225,3210.537,4857924.75230,0
