open_time,open,high,low,close,volume,close_time,quote_volume,count,taker_buy_volume,taker_buy_quote_volume,ignore
1709337600000,2108.10,2133.20,2097.70,2129.60,2771.667,1709351999999,5873674.24310,39649,1312.184,2780947.35000,0
1709352000000,2129.80,2137.30,2096.90,2128.80,2118.552,1709366399999,4493474.38740,30859,978.756,2076749.13680,0
1709366400000,2128.70,2136.90,2099.90,2103.30,2234.823,1709380799999,4731922.13800,33779,1130.498,2393762.89700,0
1709380800000,2103.20,2130.00,2101.50,2126.20,2685.227,1709395199999,5677867.74070,38437,1320.389,2791668.43380,0
1709395200000,2127.00,2139.50,2112.30,2138.80,1834.953,1709409599999,3902792.50540,28862,880.286,1872310.04260,0
1709409600000,2139.10,2150.80,2115.60,2144.10,2145.505,1709423999999,4569429.06750,29569,1061.754,2261902.29820,0
