open_time,open,high,low,close,volume,close_time,quote_volume,count,taker_buy_volume,taker_buy_quote_volume,ignore
1715817600000,2806.50,2818.60,2782.20,2801.00,1251.148,1715831999999,3500748.62570,25377,571.034,1597436.65020,0
1715832000000,2800.90,2810.40,2785.30,2802.20,1225.090,1715846399999,3427695.28840,20887,553.850,1550409.41650,0
1715846400000,2802.20,2809.70,2762.70,2770.40,1329.234,1715860799999,3700480.31890,25441,604.666,1683811.19250,0
1715860800000,2769.90,2770.60,2682.70,2722.30,3233.047,1715875199999,8806559.29550,45424,1637.869,4463926.22960,0
1715875200000,2721.90,2751.30,2701.30,2704.10,1382.704,1715889599999,3766748.92300,29973,667.278,1816869.64770,0
1715889600000,2703.60,2705.30,2685.80,2691.90,686.428,1715903999999,1849985.56430,16785,369.327,995278.17980,0
