open_time,open,high,low,close,volume,close_time,quote_volume,count,taker_buy_volume,taker_buy_quote_volume,ignore
1705622400000,1989.40,2003.90,1938.90,1971.20,6429.637,1705636799999,12695270.44430,67365,3037.535,6000162.06780,0
1705636800000,1971.20,1996.00,1965.00,1982.60,3275.887,1705651199999,6497230.29630,41306,1523.496,3021106.89320,0
1705651200000,1982.60,2026.00,1978.20,1991.00,5349.907,1705665599999,10696972.92860,49452,2625.701,5249983.08420,0
1705665600000,1991.00,1996.70,1948.50,1954.70,3418.606,1705679999999,6745589.50010,44605,1713.241,3380813.05740,0
1705680000000,1954.70,1955.90,1891.50,1952.20,8356.560,1705694399999,16098315.98780,86838,3979.694,7664947.43040,0
1705694400000,1952.20,1977.70,1946.50,1965.90,2513.101,1705708799999,4928656.32640,31452,1168.452,2291478.26740,0
