open_time,open,high,low,close,volume,close_time,quote_volume,count,taker_buy_volume,taker_buy_quote_volume,ignore
1720137600000,2229.00,2233.10,1988.30,2018.40,16762.267,1720151999999,35294113.57540,174108,7891.324,16634103.46240,0
1720152000000,2017.70,2074.70,1981.60,2043.80,11166.088,1720166399999,22797825.41680,93991,5281.805,10782131.94060,0
1720166400000,2043.80,2120.20,2011.00,2108.10,6367.737,1720180799999,13063773.13830,67007,3006.587,6169932.52800,0
1720180800000,2108.20,2178.10,2096.40,2175.30,6893.874,1720195199999,14715873.89630,75031,3398.866,7255932.58780,0
1720195200000,2175.70,2239.70,2173.50,2228.00,5981.687,1720209599999,13200174.88590,71414,2861.357,6314370.84520,0
1720209600000,2227.90,2242.20,2198.30,2228.90,2715.112,1720223999999,6024253.44820,37914,1351.728,3000080.99270,0
