open_time,open,high,low,close,volume,close_time,quote_volume,count,taker_buy_volume,taker_buy_quote_volume,ignore
1715385600000,2670.90,2683.60,2656.00,2663.20,1451.839,1715399999999,3878145.27040,29538,701.749,1874285.27350,0
1715400000000,2663.10,2705.80,2662.10,2687.80,1369.067,1715414399999,3680554.70490,26772,743.454,1998765.13750,0
1715414400000,2687.80,2704.70,2678.60,2692.60,1167.314,1715428799999,3143705.14010,28868,636.165,1713127.50360,0
1715428800000,2692.50,2720.30,2690.70,2709.00,1435.113,1715443199999,3880466.46420,28022,708.224,1915122.39750,0
1715443200000,2709.10,2732.50,2702.50,2728.40,1077.539,1715457599999,2927326.56750,21207,550.885,1496743.90880,0
1715457600000,2728.40,2734.80,2689.40,2698.20,1117.767,1715471999999,3024891.98180,22247,456.915,1236248.76480,0
