open_time,open,high,low,close,volume,close_time,quote_volume,count,taker_buy_volume,taker_buy_quote_volume,ignore
1724889600000,1813.70,1826.10,1797.60,1801.80,3361.232,1724903999999,6089936.74320,31292,1523.394,2760687.69860,0
1724904000000,1801.90,1824.50,1795.40,1806.90,3653.928,1724918399999,6613116.52930,30091,1967.375,3561099.21290,0
1724918400000,1806.90,1821.60,1790.90,1806.80,4083.908,1724932799999,7365846.17740,34077,1943.672,3505362.13420,0
1724932800000,1806.80,1831.60,1802.10,1822.20,4550.702,1724947199999,8279285.00080,37879,2103.002,3826227.99860,0
1724947200000,1822.40,1830.80,1757.80,1777.20,8199.432,1724961599999,14683916.56320,57792,4011.548,7186736.45310,0
1724961600000,1776.90,1784.40,1761.30,1776.40,3126.735,1724975999999,5548471.28470,31227,1496.921,2656150.38990,0
