open_time,open,high,low,close,volume,close_time,quote_volume,count,taker_buy_volume,taker_buy_quote_volume,ignore
1729296000000,1204.50,1220.70,1198.30,1216.20,4100.332,1729310399999,4963136.93250,30387,2009.672,2433093.46600,0
1729310400000,1216.30,1221.60,1206.40,1208.10,3689.868,1729324799999,4474932.63930,26417,1637.786,1987453.02330,0
1729324800000,1208.20,1210.60,1198.40,1199.60,3386.149,1729339199999,4079454.18360,25730,1542.261,1858604.38600,0
1729339200000,1199.00,1220.00,1198.80,1212.70,4032.231,1729353599999,4877179.52140,28248,2216.298,2682183.80490,0
1729353600000,1212.80,1221.70,1204.40,1215.80,3048.360,1729367999999,3698522.20900,27514,1609.642,1953242.46930,0
1729368000000,1215.80,1223.90,1211.80,1214.90,2348.135,1729382399999,2859457.67710,23763,1157.528,1409554.23920,0
