open_time,open,high,low,close,volume,close_time,quote_volume,count,taker_buy_volume,taker_buy_quote_volume,ignore
1708300800000,2175.80,2217.50,2169.10,2196.10,2832.540,1708315199999,6215623.23970,34165,1465.212,3214429.64360,0
1708315200000,2196.10,2229.40,2187.50,2226.00,2815.193,1708329599999,6225565.62460,31252,1416.704,3133658.42260,0
1708329600000,2226.30,2227.90,2184.60,2199.70,1953.985,1708343999999,4303365.99090,26450,926.556,2040256.74240,0
1708344000000,2199.30,2201.60,2165.40,2184.10,2224.928,1708358399999,4854575.72880,28529,1112.866,2427749.24690,0
1708358400000,2184.00,2208.50,2170.90,2182.00,3694.686,1708372799999,8083933.92620,42727,1791.570,3920305.68780,0
1708372800000,2182.00,2192.80,2156.50,2159.10,2058.261,1708387199999,4477105.30660,27864,1058.026,2301696.10190,0
