open_time,open,high,low,close,volume,close_time,quote_volume,count,taker_buy_volume,taker_buy_quote_volume,ignore
1717891200000,2424.20,2438.90,2401.90,2419.00,1415.826,1717905599999,3426085.70130,20494,702.238,1700103.67890,0
1717905600000,2419.00,2440.20,2404.10,2437.20,702.376,1717919999999,1703338.14540,14758,393.142,953495.31350,0
1717920000000,2437.20,2462.10,2426.90,2457.50,961.196,1717934399999,2351401.20170,16069,548.904,1343081.56910,0
1717934400000,2457.40,2473.80,2453.60,2469.00,1078.826,1717948799999,2658082.41530,21170,514.863,1268401.42090,0
1717948800000,2469.00,2487.80,2466.40,2476.50,807.412,1717963199999,2000268.95190,17031,385.611,955146.92610,0
1717963200000,2476.50,2494.50,2473.60,2490.50,1059.795,1717977599999,2632630.19090,22763,516.313,1282561.92940,0
