open_time,open,high,low,close,volume,close_time,quote_volume,count,taker_buy_volume,taker_buy_quote_volume,ignore
1728172800000,1455.30,1471.10,1450.80,1454.20,2501.656,1728187199999,3654961.88280,22282,1227.774,1793882.68340,0
1728187200000,1454.20,1467.40,1454.10,1458.50,1627.072,1728201599999,2377170.89720,16253,836.075,1221494.13670,0
1728201600000,1458.30,1466.60,1457.30,1464.50,1424.710,1728215999999,2081504.59380,15506,738.875,1079551.39750,0
1728216000000,1464.30,1476.60,1459.60,1472.00,2846.732,1728230399999,4181056.38020,27462,1311.549,1926988.47450,0
1728230400000,1471.90,1475.00,1452.90,1454.50,2384.712,1728244799999,3492050.82000,22845,963.747,1411498.76960,0
1728244800000,1454.40,1464.30,1447.40,1454.50,3065.772,1728259199999,4457433.47800,23856,1549.728,2253090.14730,0
