open_time,open,high,low,close,volume,close_time,quote_volume,count,taker_buy_volume,taker_buy_quote_volume,ignore
1705190400000,2070.20,2102.20,2055.20,2063.00,4389.876,1705204799999,9120486.32100,50761,2285.927,4749797.25600,0
1705204800000,2063.00,2109.10,2052.80,2094.80,6094.600,1705219199999,12709570.36520,58176,2905.960,6060305.26950,0
1705219200000,2094.70,2113.30,2082.00,2091.60,3550.618,1705233599999,7446800.16340,39400,1726.854,3621249.33690,0
1705233600000,2091.70,2111.30,2066.60,2069.60,5532.221,1705247999999,11569443.49790,53084,2613.791,5466122.46570,0
1705248000000,2069.40,2073.80,2024.10,2027.90,4775.847,1705262399999,9763300.54190,58989,2149.244,4394421.37760,0
1705262400000,2027.60,2052.60,2011.00,2033.30,3677.781,1705276799999,7485521.75830,52587,1898.918,3865255.22510,0
