open_time,open,high,low,close,volume,close_time,quote_volume,count,taker_buy_volume,taker_buy_quote_volume,ignore
1710028800000,2419.10,2485.60,2414.50,2483.40,5833.393,1710043199999,14262389.30600,68233,3103.619,7590832.74070,0
1710043200000,2483.20,2553.00,2464.30,2532.00,8495.523,1710057599999,21274694.58320,88128,4501.334,11271629.83000,0
1710057600000,2533.20,2588.00,2478.40,2580.30,10515.094,1710071999999,26678075.34180,105004,4941.510,12544586.37600,0
1710072000000,2580.30,2767.40,2517.10,2721.10,18706.500,1710086399999,49196564.73400,186420,9522.999,25046350.88890,0
1710086400000,2721.10,2776.30,2706.10,2749.50,13228.762,1710100799999,36320898.38780,156739,6242.844,17140562.95610,0
1710100800000,2749.50,2843.60,2705.30,2820.40,13036.351,1710115199999,36020637.71720,147676,6630.039,18328656.90580,0
