open_time,open,high,low,close,volume,close_time,quote_volume,count,taker_buy_volume,taker_buy_quote_volume,ignore
1709856000000,2106.20,2132.00,2089.10,2092.90,2514.903,1709870399999,5304730.03570,37568,1380.205,2911139.48700,0
1709870400000,2093.10,2101.80,2068.40,2091.50,2145.595,1709884799999,4471515.32680,29884,1094.048,2279724.39300,0
1709884800000,2091.60,2103.20,2063.60,2071.50,2725.490,1709899199999,5675348.31520,35169,1322.008,2752460.04760,0
1709899200000,2071.30,2086.10,1975.10,2020.80,5641.686,1709913599999,11569322.21750,73900,2800.410,5747705.88620,0
1709913600000,2019.90,2063.90,1985.60,2054.20,6621.504,1709927999999,13436565.85450,84808,3579.002,7267698.12640,0
1709928000000,2054.20,2097.90,2050.00,2092.30,3506.103,1709942399999,7266836.05990,43435,1800.380,3731378.24790,0
