open_time,open,high,low,close,volume,close_time,quote_volume,count,taker_buy_volume,taker_buy_quote_volume,ignore
1716076800000,2823.50,2848.60,2805.00,2834.40,1262.168,1716091199999,3565027.28000,23434,644.342,1820201.30100,0
1716091200000,2834.70,2837.60,2796.00,2807.20,888.847,1716105599999,2499431.63660,21781,376.411,1058723.96220,0
1716105600000,2807.10,2808.60,2777.70,2794.60,1321.938,1716119999999,3691776.87780,29456,643.567,1797198.62430,0
1716120000000,2794.70,2798.10,2752.80,2760.90,1719.414,1716134399999,4760191.92090,32795,847.844,2347636.64540,0
1716134400000,2760.90,2822.10,2742.90,2785.40,2650.967,1716148799999,7381374.78300,37816,1216.501,3386233.98670,0
1716148800000,2785.40,2793.00,2750.30,2773.40,1116.455,1716163199999,3092842.87560,21843,551.378,1528322.67160,0
