open_time,open,high,low,close,volume,close_time,quote_volume,count,taker_buy_volume,taker_buy_quote_volume,ignore
1711670400000,3639.80,3811.40,3616.00,3767.30,9794.254,1711684799999,36095741.71050,137555,5118.023,18886149.56020,0
1711684800000,3767.10,3898.90,3520.50,3539.50,25276.522,1711699199999,93366144.29050,307090,12951.962,47912562.60710,0
1711699200000,3539.50,3611.70,3479.20,3517.30,9244.346,1711713599999,32781649.74850,137084,4316.472,15304985.12800,0
1711713600000,3517.50,3576.50,3497.60,3547.00,4968.404,1711727999999,17598735.79220,89639,2450.108,8680395.67680,0
1711728000000,3547.70,3632.20,3544.00,3617.90,4381.343,1711742399999,15767627.41680,70456,2283.769,8218637.06690,0
1711742400000,3618.00,3687.40,3603.60,3670.50,3220.454,1711756799999,11727535.97510,58761,1518.426,5531388.57070,0
