open_time,open,high,low,close,volume,close_time,quote_volume,count,taker_buy_volume,taker_buy_quote_volume,ignore
1712880000000,3361.70,3393.90,3348.60,3378.40,1957.740,1712894399999,6606954.45800,50234,955.116,3222770.14570,0
1712894400000,3378.40,3394.50,3335.00,3346.40,1669.303,1712908799999,5624934.27660,44828,738.361,2486895.91460,0
1712908800000,3345.80,3366.80,3324.40,3344.90,1406.175,1712923199999,4708755.26810,40619,694.400,2324956.66220,0
1712923200000,3345.10,3346.00,3225.50,3241.30,3961.316,1712937599999,12957939.47880,85494,1842.126,6023735.90100,0
1712937600000,3241.00,3254.40,2476.70,2884.10,26992.964,1712951999999,77920329.81980,363584,12130.255,35023136.00090,0
1712952000000,2884.00,2970.80,2871.00,2936.80,4666.327,1712966399999,13663667.27810,96096,2088.317,6117225.46110,0
