open_time,open,high,low,close,volume,close_time,quote_volume,count,taker_buy_volume,taker_buy_quote_volume,ignore
1717632000000,2684.00,2714.40,2680.50,2697.60,1820.280,1717646399999,4916806.20870,28732,856.323,2312720.93350,0
1717646400000,2698.00,2729.80,2695.30,2699.40,2330.090,1717660799999,6314289.85330,32425,1130.130,3062658.93150,0
1717660800000,2699.50,2708.10,2688.80,2696.30,1181.949,1717675199999,3188996.18850,20550,543.941,1468202.20510,0
1717675200000,2696.40,2697.90,2650.30,2654.80,2696.755,1717689599999,7194284.73140,40016,1300.709,3469446.34110,0
1717689600000,2654.70,2658.30,2605.30,2609.80,2212.490,1717703999999,5815942.78600,35053,1034.145,2718387.32550,0
1717704000000,2609.90,2628.00,2588.00,2621.60,1110.043,1717718399999,2896018.61990,20806,530.528,1384372.86490,0
