open_time,open,high,low,close,volume,close_time,quote_volume,count,taker_buy_volume,taker_buy_quote_volume,ignore
1702684800000,1314.10,1324,1301.40,1323.50,5958.802,1702699199999,7824829.92440,38922,2681.548,3522080.52130,0
1702699200000,1323.40,1328.10,1321.60,1327.40,1911.888,1702713599999,2533943.29930,15398,975.826,1293376.01320,0
1702713600000,1327.40,1336.60,1324.60,1336.50,2133.408,1702727999999,2837801.76250,18774,1046.739,1392610.81540,0
1702728000000,1336.40,1339.60,1326.60,1332.70,2999.379,1702742399999,3999648.03880,20798,1493.134,1990946.23330,0
1702742400000,1332.90,1333.60,1316.80,1324.40,3769.250,1702756799999,4998966.36970,29516,1788.267,2371314.98120,0
1702756800000,1324.40,1330.60,1321.10,1330.30,2037.113,1702771199999,2701515.91340,16847,1037.047,1375282.56470,0
