open_time,open,high,low,close,volume,close_time,quote_volume,count,taker_buy_volume,taker_buy_quote_volume,ignore
1700697600000,1467.50,1495.50,1462.80,1477.50,7407.997,1700711999999,10953184.52100,47846,3737.715,5526773.70380,0
1700712000000,1477.30,1482.40,1443.80,1452.60,9146.963,1700726399999,13364679.70910,48519,4577.450,6689909.42000,0
1700726400000,1452.70,1489.50,1449.90,1465.50,15409.851,1700740799999,22646686.82490,73298,8018.012,11782691.27800,0
1700740800000,1465.40,1497.90,1463.70,1477.80,11098.927,1700755199999,16425855.87100,64367,5359.552,7932210.32720,0
1700755200000,1477.90,1484.80,1459.30,1465,6304.132,1700769599999,9278650.65800,40411,3168.931,4662776.39480,0
1700769600000,1465,1484.40,1463.80,1471.70,5198.078,1700783999999,7667139.44470,27809,2483.100,3661611.97290,0
