open_time,open,high,low,close,volume,close_time,quote_volume,count,taker_buy_volume,taker_buy_quote_volume,ignore
1730592000000,1211.80,1215.20,1164.80,1178.40,10809.654,1730606399999,12841563.77360,65622,4817.361,5720080.08180,0
1730606400000,1178.60,1193.90,1174.60,1189.30,4004.141,1730620799999,4739046.91120,29876,2144.923,2539297.96470,0
1730620800000,1189.30,1190.40,1172.60,1177.90,3632.534,1730635199999,4292592.12330,30066,1821.564,2152705.86070,0
1730635200000,1177.80,1182.60,1146.60,1163.40,7955.240,1730649599999,9234418.20760,56925,3897.299,4525180.30560,0
1730649600000,1163.40,1185.90,1155.10,1170.90,8295.754,1730663999999,9719028.04340,48939,3840.253,4498341.34590,0
1730664000000,1170.90,1180.20,1164.60,1176.80,3826.002,1730678399999,4491132.92790,30352,2038.182,2392734.56310,0
