open_time,open,high,low,close,volume,close_time,quote_volume,count,taker_buy_volume,taker_buy_quote_volume,ignore
1703894400000,1539.10,1569.60,1531.80,1536.80,5641.809,1703908799999,8725640.92360,43197,2675.750,4138315.96240,0
1703908800000,1536.80,1566.60,1535.90,1550.30,2860.008,1703923199999,4446808.57960,26768,1441.599,2241323.33220,0
1703923200000,1550.30,1559.70,1510.50,1559.50,8767.370,1703937599999,13436040.40220,66526,4324.152,6625141.10860,0
1703937600000,1559.40,1632.70,1556.30,1614.30,15298.124,1703951999999,24377476.02810,83815,7444.139,11863634.46100,0
1703952000000,1614.20,1624.00,1586.90,1598.20,7434.868,1703966399999,11940002.92530,49771,3384.055,5432520.24250,0
1703966400000,1598.30,1604.30,1579.80,1602.80,3014.694,1703980799999,4805270.53070,24835,1575.416,2511284.95300,0
