open_time,open,high,low,close,volume,close_time,quote_volume,count,taker_buy_volume,taker_buy_quote_volume,ignore
1708214400000,2132.10,2165.00,2125.20,2133.90,3951.489,1708228799999,8478595.32280,40671,2049.732,4397807.36520,0
1708228800000,2134.00,2149.10,2112.00,2121.40,2814.465,1708243199999,5995706.09040,32212,1389.726,2962814.46600,0
1708243200000,2121.50,2126.50,2102.20,2119.50,2756.938,1708257599999,5822195.20490,28086,1396.616,2949401.77510,0
1708257600000,2119.60,2126.20,2100.10,2121.00,3325.090,1708271999999,7030613.31620,28408,1630.015,3446739.99670,0
1708272000000,2121.10,2200.00,2116.90,2192.10,5337.648,1708286399999,11555939.11410,49585,2624.067,5679166.78140,0
1708286400000,2192.20,2196.80,2165.90,2175.40,2237.469,1708300799999,4875545.61390,33154,1009.008,2197995.06400,0
