open_time,open,high,low,close,volume,close_time,quote_volume,count,taker_buy_volume,taker_buy_quote_volume,ignore
1704672000000,1753.00,1772.90,1704.50,1747.80,14893.577,1704686399999,25998591.76600,131383,7555.676,13191488.00060,0
1704686400000,1747.80,1845.20,1745.90,1816.30,19272.827,1704700799999,34877244.04490,158249,9369.883,16944764.38740,0
1704700800000,1816.30,1845.80,1790.00,1796.30,11319.310,1704715199999,20582058.18780,91638,5615.480,10215012.06360,0
1704715200000,1796.40,1815.10,1723.80,1761.60,17178.621,1704729599999,30359317.37390,122579,8513.672,15047038.12830,0
1704729600000,1761.40,1908.90,1754.80,1899.30,15708.550,1704743999999,28568588.77550,136082,8165.925,14856608.09160,0
1704744000000,1899.70,1977.90,1796.70,1820.30,23262.073,1704758399999,43990916.25150,175609,11599.833,21928470.71840,0
