open_time,open,high,low,close,volume,close_time,quote_volume,count,taker_buy_volume,taker_buy_quote_volume,ignore
1729209600000,1201.50,1219.60,1198.30,1199.20,4955.344,1729223999999,5988459.37350,37329,2397.713,2899442.41590,0
1729224000000,1199.20,1215.40,1194.70,1208.30,3929.395,1729238399999,4737025.21910,30228,1956.973,2360206.11730,0
1729238400000,1208.40,1217.20,1202.70,1205.40,3929.631,1729252799999,4753127.55220,30416,1880.494,2275074.83660,0
1729252800000,1205.30,1207.80,1190.00,1204.10,7582.168,1729267199999,9085214.56170,50021,3469.470,4158366.78290,0
1729267200000,1204.20,1217.70,1188.40,1207.10,6510.778,1729281599999,7845486.42290,44848,3070.214,3701703.18860,0
1729281600000,1207.30,1207.70,1195.00,1204.50,3406.516,1729295999999,4092101.30560,26536,1614.111,1938871.14260,0
