open_time,open,high,low,close,volume,close_time,quote_volume,count,taker_buy_volume,taker_buy_quote_volume,ignore
1706227200000,2094.00,2105.70,2081.00,2083.50,2802.649,1706241599999,5863150.06020,36045,1544.688,3231400.10410,0
1706241600000,2083.60,2097.90,2064.90,2070.80,3025.703,1706255999999,6286366.15420,35003,1644.132,3416148.09330,0
1706256000000,2070.80,2105.00,2062.20,2081.60,5281.678,1706270399999,10998999.54130,52496,2754.140,5735508.90870,0
1706270400000,2081.70,2086.50,2059.00,2062.80,4202.474,1706284799999,8699720.44010,45748,2274.876,4709832.72810,0
1706284800000,2062.80,2080.20,2043.20,2053.20,4191.221,1706299199999,8616941.07150,48162,2170.493,4463914.26080,0
1706299200000,2053.00,2078.90,2042.60,2075.30,3065.879,1706313599999,6319843.23040,32941,1624.329,3348068.60160,0
