open_time,open,high,low,close,volume,close_time,quote_volume,count,taker_buy_volume,taker_buy_quote_volume,ignore
1724716800000,2079.50,2108.50,2078.70,2096.50,1654.474,1724731199999,3467988.64560,20262,679.309,1423802.36570,0
1724731200000,2096.60,2111.20,2077.00,2083.30,1891.405,1724745599999,3961229.54910,20102,910.763,1907913.61470,0
1724745600000,2083.20,2089.50,2031.30,2044.30,3197.761,1724759999999,6579044.34950,29529,1494.350,3076408.09440,0
1724760000000,2044.20,2174.40,2040.00,2138.70,35587.544,1724774399999,75429737.90070,206208,19197.264,40684344.33660,0
1724774400000,2138.70,2149.40,2070.50,2090.60,7215.758,1724788799999,15263811.46000,59235,3225.703,6830624.72120,0
1724788800000,2090.60,2090.70,1923.00,1964.20,16377.373,1724803199999,32831796.99670,111116,7747.938,15509471.33930,0
