open_time,open,high,low,close,volume,close_time,quote_volume,count,taker_buy_volume,taker_buy_quote_volume,ignore
1722384000000,2774.10,2809.60,2752.60,2788.80,2057.910,1722398399999,5726434.16610,41095,961.331,2676204.62730,0
1722398400000,2788.20,2906.80,2770.50,2896.80,4611.023,1722412799999,13169316.98420,66427,2454.358,7010854.68880,0
1722412800000,2896.70,2900.70,2857.30,2863.50,2944.947,1722427199999,8478077.89860,50866,1376.090,3961917.64760,0
1722427200000,2863.20,2896.70,2847.90,2851.60,3191.324,1722441599999,9150687.38290,48701,1559.466,4471928.56330,0
1722441600000,2851.60,2884.00,2810.10,2829.80,4215.120,1722455999999,12030689.00450,64045,1930.119,5511640.46750,0
1722456000000,2829.80,2850.40,2796.60,2799.20,4112.884,1722470399999,11610771.34490,60424,1923.806,5433312.26050,0
