open_time,open,high,low,close,volume,close_time,quote_volume,count,taker_buy_volume,taker_buy_quote_volume,ignore
1722643200000,2429.10,2438.60,2370.80,2413.60,5437.635,1722657599999,13078608.25450,61257,2690.170,6475353.32220,0
1722657600000,2413.60,2430.60,2399.50,2410.40,2426.582,1722671999999,5855529.96260,33631,1239.027,2990790.90780,0
1722672000000,2410.40,2427.50,2400.00,2413.10,2328.243,1722686399999,5619691.93370,30094,1205.044,2909099.29330,0
1722686400000,2413.10,2435.90,2371.30,2376.00,3374.666,1722700799999,8125465.81350,41194,1584.045,3817374.14810,0
1722700800000,2376.00,2390.00,2312.60,2318.10,7020.070,1722715199999,16455714.58550,90160,3094.258,7257898.04820,0
1722715200000,2318.20,2340.10,2300.70,2312.80,3282.550,1722729599999,7623128.16350,44195,1595.549,3706834.48150,0
