open_time,open,high,low,close,volume,close_time,quote_volume,count,taker_buy_volume,taker_buy_quote_volume,ignore
1712102400000,3755.00,3881.90,3671.80,3834.80,8019.354,1712116799999,30325873.63670,128874,3948.979,14937741.76360,0
1712116800000,3834.90,3880.20,3708.50,3713.30,5200.190,1712131199999,19747888.84120,91091,2473.439,9389209.97790,0
1712131200000,3713.20,3770.00,3682.80,3707.70,4316.254,1712145599999,16067239.08550,89587,2289.568,8522946.65230,0
1712145600000,3707.40,3751.60,3678.80,3708.10,4404.167,1712159999999,16350380.13000,84634,2322.995,8623837.43680,0
1712160000000,3707.90,3813.00,3698.30,3745.50,4226.393,1712174399999,15811458.34410,86545,2105.028,7874713.21450,0
1712174400000,3745.60,3824.50,3709.00,3796.60,4368.081,1712188799999,16484427.57570,81866,2164.873,8170586.09770,0
