open_time,open,high,low,close,volume,close_time,quote_volume,count,taker_buy_volume,taker_buy_quote_volume,ignore
1722988800000,1862.00,1917.50,1835.00,1907.40,8216.472,1723003199999,15406896.62800,80481,4101.925,7697940.47260,0
1723003200000,1907.20,1926.30,1870.00,1906.70,6398.711,1723017599999,12142895.91710,58688,3062.523,5811358.86940,0
1723017600000,1906.70,1910.40,1829.30,1834.50,8296.954,1723031999999,15569195.36000,67910,3414.590,6413911.97230,0
1723032000000,1834.60,1865.30,1760.90,1781.50,18098.815,1723046399999,32714218.52790,129568,8690.412,15727758.20910,0
1723046400000,1781.70,1794.50,1750.80,1778.20,7892.403,1723060799999,14011594.45380,73531,3986.322,7077869.88420,0
1723060800000,1778.30,1803.60,1751.70,1794.10,6394.640,1723075199999,11390235.31970,62893,3197.608,5697812.90340,0
