open_time,open,high,low,close,volume,close_time,quote_volume,count,taker_buy_volume,taker_buy_quote_volume,ignore
1705017600000,2137.80,2159.30,2089.60,2089.90,6192.749,1705031999999,13101021.16490,70335,2998.997,6343332.82700,0
1705032000000,2089.90,2137.40,2081.10,2120.00,5969.592,1705046399999,12605077.03430,62416,3067.482,6478150.42190,0
1705046400000,2120.00,2180.80,2092.20,2164.90,9640.343,1705060799999,20540507.09080,88318,5004.788,10665526.34750,0
1705060800000,2165.00,2194.60,2101.50,2107.60,15388.337,1705075199999,33024070.88460,138796,7711.393,16559815.04290,0
1705075200000,2107.30,2137.20,2036.30,2041.40,9343.820,1705089599999,19419819.76530,94518,4547.872,9456841.67730,0
1705089600000,2041.40,2046.40,1975.60,2026.50,6682.307,1705103999999,13450865.44660,78829,3340.079,6722026.23850,0
