open_time,open,high,low,close,volume,close_time,quote_volume,count,taker_buy_volume,taker_buy_quote_volume,ignore
1705795200000,1971.10,1987.80,1969.80,1986.80,1434.806,1705809599999,2841231.84420,19874,663.810,1314524.04120,0
1705809600000,1986.80,1996.20,1981.70,1988.80,1494.911,1705823999999,2973883.69880,16712,710.178,1412645.56880,0
1705824000000,1989.10,2006.80,1984.30,1995.60,3290.086,1705838399999,6570697.03010,28001,1719.125,3434916.02090,0
1705838400000,1995.70,2017.00,1984.00,1990.00,2326.511,1705852799999,4657745.95170,23362,1126.771,2256780.66340,0
1705852800000,1990.10,2006.80,1980.40,1995.60,1741.300,1705867199999,3471462.20120,21862,896.346,1786613.00820,0
1705867200000,1995.60,2009.30,1988.00,1991.40,1586.836,1705881599999,3172974.33890,20809,787.309,1574142.19230,0
