open_time,open,high,low,close,volume,close_time,quote_volume,count,taker_buy_volume,taker_buy_quote_volume,ignore
1707091200000,1994.40,1999.40,1966.80,1993.20,1953.565,1707105599999,3875910.47180,24959,914.690,1815302.46120,0
1707105600000,1993.20,2002.00,1989.30,1995.20,1068.976,1707119999999,2133029.78760,17909,493.359,984304.50910,0
1707120000000,1994.90,2004.40,1990.90,1994.10,1574.277,1707134399999,3144150.13900,19160,821.403,1640396.16290,0
1707134400000,1994.10,1996.00,1958.00,1964.40,2528.297,1707148799999,5004075.00890,31912,1353.564,2679381.74440,0
1707148800000,1964.20,1978.60,1950.20,1963.60,3049.192,1707163199999,5981963.82270,36660,1657.239,3251167.10690,0
1707163200000,1963.50,1967.10,1940.00,1952.00,2107.553,1707177599999,4110877.10580,27756,968.782,1889472.42530,0
