open_time,open,high,low,close,volume,close_time,quote_volume,count,taker_buy_volume,taker_buy_quote_volume,ignore
1725580800000,1626.00,1643.70,1616.80,1631.30,2148.947,1725595199999,3508928.94410,22994,1019.018,1664432.54760,0
1725595200000,1631.30,1634.80,1593.20,1609.80,2433.520,1725609599999,3927679.19190,24684,1065.960,1720640.55940,0
1725609600000,1609.90,1618.90,1604.20,1616.90,1704.209,1725623999999,2747312.67980,18343,831.051,1339692.57030,0
1725624000000,1616.80,1651.10,1580.80,1593.70,7473.843,1725638399999,12069955.32560,53157,3687.008,5960681.30890,0
1725638400000,1593.70,1594.60,1525.10,1537.70,7272.808,1725652799999,11296200.66780,53288,3300.457,5124190.28390,0
1725652800000,1537.60,1540.70,1484.10,1530.30,6187.260,1725667199999,9340436.09610,43166,2812.169,4245641.32430,0
