open_time,open,high,low,close,volume,close_time,quote_volume,count,taker_buy_volume,taker_buy_quote_volume,ignore
1710720000000,3283.80,3332.90,3181.90,3311.90,11321.651,1710734399999,36918053.91040,191575,5398.551,17594237.08620,0
1710734400000,3312.10,3312.10,3184.40,3197.10,8906.268,1710748799999,28846496.67860,138467,4363.702,14130548.53720,0
1710748800000,3197.10,3213.70,3150.00,3199.30,6524.988,1710763199999,20756678.01150,104960,3307.700,10521418.21050,0
1710763200000,3199.10,3208.90,3085.70,3104.60,9486.746,1710777599999,29786728.15280,149932,4586.447,14404634.23250,0
1710777600000,3104.60,3123.00,3032.70,3036.40,5565.122,1710791999999,17105965.61260,109030,2819.020,8664727.50280,0
1710792000000,3037.00,3097.80,3037.00,3048.20,4067.254,1710806399999,12492635.23460,61896,1946.586,5976916.61840,0
