open_time,open,high,low,close,volume,close_time,quote_volume,count,taker_buy_volume,taker_buy_quote_volume,ignore
1716940800000,2718.80,2741.80,2708.40,2728.50,1149.300,1716955199999,3133689.02560,21890,593.579,1619077.30080,0
1716955200000,2728.50,2750.20,2716.80,2717.90,1101.459,1716969599999,3013321.65990,21394,513.408,1405138.05720,0
1716969600000,2717.60,2723.00,2695.20,2705.80,1956.816,1716983999999,5299831.70940,34972,1020.431,2763988.33730,0
1716984000000,2705.70,2719.00,2676.00,2679.30,2188.383,1716998399999,5904163.79050,39471,1039.172,2804246.67730,0
1716998400000,2679.70,2712.90,2670.60,2685.80,1850.097,1717012799999,4984539.14170,35556,874.016,2354290.64900,0
1717012800000,2685.90,2705.20,2678.60,2690.40,1080.232,1717027199999,2907852.92460,25533,560.571,1508907.36650,0
