open_time,open,high,low,close,volume,close_time,quote_volume,count,taker_buy_volume,taker_buy_quote_volume,ignore
1731628800000,1419.80,1438.50,1413.20,1433.80,4238.260,1731643199999,6049018.22540,45702,2074.091,2960011.90710,0
1731643200000,1433.50,1444.50,1406.90,1426.80,5348.562,1731657599999,7635697.55310,48755,2526.295,3608296.85010,0
1731657600000,1427.20,1461.60,1418.30,1459.20,4902.141,1731671999999,7092292.01390,41464,2601.407,3762873.23520,0
1731672000000,1459.30,1470.90,1423.70,1431.90,7231.968,1731686399999,10489575.47750,59499,3407.468,4946115.48760,0
1731686400000,1432.20,1460.00,1429.60,1450.00,3600.091,1731700799999,5212380.58870,42042,1847.393,2674301.03560,0
1731700800000,1449.70,1459.70,1432.20,1433.80,4883.750,1731715199999,7055441.36790,39332,2607.553,3767558.94470,0
