open_time,open,high,low,close,volume,close_time,quote_volume,count,taker_buy_volume,taker_buy_quote_volume,ignore
1702425600000,1361.30,1364.30,1323.30,1327.30,6075.761,1702439999999,8153517.15400,47091,2885.819,3871816.04030,0
1702440000000,1327.30,1347.30,1317.70,1345.50,4757.401,1702454399999,6333646.52100,37724,2362.562,3145605.28420,0
1702454400000,1345.60,1349.70,1338.40,1340.90,2608.276,1702468799999,3505973.66400,24144,1194.118,1605281.67830,0
1702468800000,1340.90,1358,1337.80,1351.40,3518.858,1702483199999,4739047.77760,30051,1737.843,2341195.38200,0
1702483200000,1351.50,1374.90,1344.70,1373.40,3414.649,1702497599999,4634550.06010,30329,1765.401,2395954.64490,0
1702497600000,1373.50,1376,1360.30,1364.10,4241.857,1702511999999,5801224.70790,30577,1822.137,2492344.59140,0
