open_time,open,high,low,close,volume,close_time,quote_volume,count,taker_buy_volume,taker_buy_quote_volume,ignore
1704758400000,1819.80,1849.80,1800.20,1840.90,7057.501,1704772799999,12923161.41920,67832,3389.279,6206003.83820,0
1704772800000,1841.00,1877.00,1836.60,1859.00,5603.723,1704787199999,10430140.97260,53754,2678.642,4986042.72670,0
1704787200000,1859.00,1863.70,1805.30,1824.50,6492.698,1704801599999,11874990.11510,63470,3112.198,5690071.28500,0
1704801600000,1824.50,1828.00,1759.00,1764.00,13477.215,1704815999999,24303116.10380,122092,6430.391,11598990.89500,0
1704816000000,1764.00,1801.90,1750.50,1781.20,7173.295,1704830399999,12737746.67130,68945,3717.774,6603188.62250,0
1704830400000,1780.90,1876.80,1765.50,1846.90,19858.086,1704844799999,36325173.55700,176680,9797.701,17919227.71190,0
