open_time,open,high,low,close,volume,close_time,quote_volume,count,taker_buy_volume,taker_buy_quote_volume,ignore
1726704000000,1514.80,1541.90,1509.70,1521.60,5547.448,1726718399999,8470848.02270,41390,2774.675,4237235.58330,0
1726718400000,1521.60,1558.00,1514.90,1551.80,3330.917,1726732799999,5122707.71920,25502,1708.677,2627794.57540,0
1726732800000,1551.90,1556.10,1538.50,1543.80,3757.287,1726747199999,5818283.52300,25731,1674.788,2592767.96600,0
1726747200000,1543.70,1562.60,1539.60,1550.20,3487.628,1726761599999,5402456.33190,27871,1804.454,2795366.61450,0
1726761600000,1550.30,1581.70,1533.70,1534.40,5443.513,1726775999999,8482487.66870,36477,2596.268,4047455.14530,0
1726776000000,1534.30,1537.70,1508.60,1522.70,3435.513,1726790399999,5234693.10850,26094,1699.011,2589117.48230,0
