open_time,open,high,low,close,volume,close_time,quote_volume,count,taker_buy_volume,taker_buy_quote_volume,ignore
1730937600000,1386.30,1472.80,1363.60,1455.20,19265.935,1730951999999,27326562.48800,118774,9860.168,13988855.53680,0
1730952000000,1455.30,1460.30,1406.00,1415.50,11115.373,1730966399999,15894465.63470,74540,5042.429,7211423.58860,0
1730966400000,1415.40,1429.00,1406.40,1419.70,6972.206,1730980799999,9886263.45920,49300,3484.756,4942138.59130,0
1730980800000,1419.70,1469.40,1418.20,1453.80,17802.305,1730995199999,25681732.97980,104199,8799.282,12698349.30300,0
1730995200000,1453.70,1656.00,1452.40,1579.70,57795.074,1731009599999,90966149.85450,298686,28592.631,44931089.94570,0
1731009600000,1579.90,1586.10,1495.90,1508.80,22750.924,1731023999999,35039190.68670,108075,10892.671,16782688.59250,0
