open_time,open,high,low,close,volume,close_time,quote_volume,count,taker_buy_volume,taker_buy_quote_volume,ignore
1712620800000,3737.60,3754.40,3658.00,3692.70,3383.957,1712635199999,12503028.53000,77449,1687.403,6234233.34060,0
1712635200000,3692.70,3707.60,3565.40,3586.70,4508.012,1712649599999,16368701.75910,89036,2240.350,8134951.36790,0
1712649600000,3587.10,3588.00,3530.30,3554.40,2861.177,1712663999999,10190750.50110,75745,1430.515,5095015.60530,0
1712664000000,3554.80,3563.60,3434.60,3462.60,6142.559,1712678399999,21458367.94110,108480,3019.922,10553850.09190,0
1712678400000,3462.60,3479.40,3393.00,3423.60,4301.756,1712692799999,14759641.97390,80645,2021.922,6937867.15560,0
1712692800000,3423.20,3447.50,3391.00,3396.20,1979.622,1712707199999,6772208.17990,45379,929.741,3180982.45050,0
