open_time,open,high,low,close,volume,close_time,quote_volume,count,taker_buy_volume,taker_buy_quote_volume,ignore
1726099200000,1594.30,1613.80,1590.30,1607.30,3329.780,1726113599999,5328312.90020,27958,1617.008,2588154.51570,0
1726113600000,1607.30,1617.80,1604.00,1613.10,2808.832,1726127999999,4524915.06920,22202,1451.386,2337942.27440,0
1726128000000,1613.20,1619.50,1600.90,1608.30,2265.894,1726142399999,3649043.32810,18892,1096.601,1766443.20410,0
1726142400000,1608.30,1632.40,1595.40,1599.20,5089.669,1726156799999,8219103.55510,36002,2525.044,4078938.46060,0
1726156800000,1599.00,1620.20,1598.20,1617.90,2408.882,1726171199999,3876344.57030,21445,1136.079,1827788.86230,0
1726171200000,1618.10,1625.00,1613.40,1620.40,1991.764,1726185599999,3224451.07800,16456,995.155,1611040.41810,0
