open_time,open,high,low,close,volume,close_time,quote_volume,count,taker_buy_volume,taker_buy_quote_volume,ignore
1714521600000,2661.70,2680.70,2642.10,2676.90,2242.017,1714535999999,5968275.75610,45510,1114.411,2966566.74290,0
1714536000000,2676.80,2686.40,2580.00,2601.00,4980.229,1714550399999,13071443.72530,65438,2467.265,6478646.46390,0
1714550400000,2600.90,2618.60,2546.50,2617.20,4021.427,1714564799999,10401772.55840,63783,1937.555,5013194.00630,0
1714564800000,2617.20,2640.90,2604.10,2623.00,2552.040,1714579199999,6696474.54920,46134,1250.957,3281914.22070,0
1714579200000,2623.00,2696.40,2586.80,2624.60,5068.668,1714593599999,13369960.90970,83961,2498.834,6597568.00110,0
1714593600000,2624.80,2735.20,2618.90,2725.50,3309.486,1714607999999,8872123.55930,53112,1696.119,4548641.00500,0
