open_time,open,high,low,close,volume,close_time,quote_volume,count,taker_buy_volume,taker_buy_quote_volume,ignore
1712534400000,3634.00,3649.40,3568.00,3584.20,2401.719,1712548799999,8660341.23010,54302,1110.271,4006655.98220,0
1712548800000,3584.10,3625.50,3509.70,3602.40,7340.986,1712563199999,26177098.36760,107011,3808.619,13585695.24830,0
1712563200000,3602.40,3699.10,3598.40,3649.00,4738.163,1712577599999,17332416.89700,110107,2311.681,8454308.58650,0
1712577600000,3648.90,3704.60,3626.60,3704.20,3786.834,1712591999999,13904059.63600,95986,1902.035,6983860.35670,0
1712592000000,3703.80,3775.00,3699.40,3763.50,3561.980,1712606399999,13337718.18510,86792,1750.356,6553528.75480,0
1712606400000,3763.50,3834.40,3733.00,3737.60,3765.395,1712620799999,14274027.80980,74712,1856.879,7041540.78720,0
