open_time,open,high,low,close,volume,close_time,quote_volume,count,taker_buy_volume,taker_buy_quote_volume,ignore
1709683200000,1996.90,2005.20,1933.30,1967.80,3728.022,1709697599999,7348535.51970,62669,1880.016,3705556.74460,0
1709697600000,1967.80,2097.60,1967.30,2095.20,5093.285,1709711999999,10386488.37210,68654,2511.211,5122454.09280,0
1709712000000,2094.90,2133.30,2080.60,2101.30,4992.163,1709726399999,10526064.98810,69597,2421.545,5104152.16000,0
1709726400000,2101.40,2114.80,2036.90,2066.20,5823.277,1709740799999,12089200.89080,84727,2809.746,5835299.07290,0
1709740800000,2066.60,2095.20,2057.10,2060.40,3716.693,1709755199999,7716990.60220,53347,1735.420,3604279.09950,0
1709755200000,2060.40,2093.50,2050.60,2084.40,2517.876,1709769599999,5219826.66490,38801,1334.842,2766704.20660,0
