open_time,open,high,low,close,volume,close_time,quote_volume,count,taker_buy_volume,taker_buy_quote_volume,ignore
1726790400000,1522.70,1553.10,1499.90,1552.60,4087.083,1726804799999,6210766.49630,37256,2229.636,3392357.31770,0
1726804800000,1552.60,1589.50,1544.80,1583.60,8356.228,1726819199999,13078239.97860,63743,4681.061,7326699.58180,0
1726819200000,1583.60,1586.70,1555.90,1560.90,4267.290,1726833599999,6706530.58560,33178,2227.451,3502417.55180,0
1726833600000,1560.70,1564.10,1536.60,1547.00,7677.622,1726847999999,11889884.92530,49328,3932.831,6092217.77970,0
1726848000000,1547.00,1551.50,1509.60,1518.40,6612.119,1726862399999,10081010.05680,42288,3122.473,4762569.74440,0
1726862400000,1518.60,1527.00,1507.40,1519.00,2493.464,1726876799999,3782360.26410,20481,1241.714,1883404.07150,0
