open_time,open,high,low,close,volume,close_time,quote_volume,count,taker_buy_volume,taker_buy_quote_volume,ignore
1706832000000,1996.10,2008.00,1993.00,2005.60,1559.505,1706846399999,3119207.98200,20675,773.281,1546692.50670,0
1706846400000,2005.30,2011.60,1989.10,2009.00,1396.814,1706860799999,2793536.80990,17332,735.237,1470684.09120,0
1706860800000,2009.10,2011.50,1990.10,1991.50,1345.757,1706875199999,2691281.74590,18650,604.014,1207821.20720,0
1706875200000,1991.60,2010.00,1973.00,2000.60,5398.593,1706889599999,10739526.37690,43648,2860.983,5691853.12140,0
1706889600000,2000.80,2003.10,1959.40,1972.90,2972.773,1706903999999,5879036.32910,28313,1633.928,3228577.67660,0
1706904000000,1973.30,1990.50,1971.50,1982.70,1007.360,1706918399999,1997305.73390,17901,435.183,862685.79790,0
