open_time,open,high,low,close,volume,close_time,quote_volume,count,taker_buy_volume,taker_buy_quote_volume,ignore
1714780800000,2956.30,2967.10,2900.60,2939.10,3179.693,1714795199999,9322472.68600,47200,1571.202,4605139.70580,0
1714795200000,2938.80,2943.30,2897.10,2902.30,2288.151,1714809599999,6677403.09280,34507,1003.028,2926804.35100,0
1714809600000,2902.30,2966.20,2901.80,2927.60,2636.816,1714823999999,7725499.04180,37335,1387.905,4064850.75990,0
1714824000000,2927.50,2932.50,2910.10,2915.20,1813.231,1714838399999,5296137.64290,27739,857.930,2506066.49390,0
1714838400000,2915.20,2915.80,2882.00,2911.40,2816.769,1714852799999,8165734.77860,36083,1107.450,3210403.58630,0
1714852800000,2911.40,2918.20,2861.90,2868.20,2412.735,1714867199999,6963649.63380,31275,949.084,2738770.58300,0
