open_time,open,high,low,close,volume,close_time,quote_volume,count,taker_buy_volume,taker_buy_quote_volume,ignore
1723420800000,1883.40,1904.50,1866.40,1897.00,2750.225,1723435199999,5183148.36040,35726,1363.347,2569890.78430,0
1723435200000,1896.70,1929.40,1880.50,1919.80,3229.755,1723449599999,6149711.33070,31334,1622.686,3089949.16560,0
1723449600000,1919.90,1988.30,1908.10,1986.00,3931.028,1723463999999,7663508.33600,41036,1981.035,3860178.90320,0
1723464000000,1986.20,2006.90,1929.80,2002.90,7310.029,1723478399999,14476638.68450,66305,3639.602,7205827.31900,0
1723478400000,2003.10,2010.00,1962.00,1981.60,2902.546,1723492799999,5754074.84990,30540,1380.189,2736320.85810,0
1723492800000,1982.20,2032.60,1978.30,2012.00,2187.927,1723507199999,4384675.85500,27924,1130.306,2265160.30720,0
