open_time,open,high,low,close,volume,close_time,quote_volume,count,taker_buy_volume,taker_buy_quote_volume,ignore
1721606400000,2896.30,2955.00,2880.10,2900.50,6838.057,1721620799999,19944373.99030,75952,3572.457,10417718.92980,0
1721620800000,2900.50,2903.50,2812.70,2839.80,4222.708,1721635199999,12068904.81460,53685,2118.687,6055817.10140,0
1721635200000,2839.80,2864.10,2813.50,2861.30,3301.854,1721649599999,9373622.00660,42517,1542.524,4379047.60230,0
1721649600000,2860.70,2863.40,2720.70,2734.20,7839.048,1721663999999,21756893.14900,80624,3912.296,10865703.74470,0
1721664000000,2734.30,2764.70,2730.80,2758.20,3007.606,1721678399999,8269400.98530,43372,1530.541,4208561.73340,0
1721678400000,2758.30,2760.50,2680.30,2687.00,3498.623,1721692799999,9494005.65580,51915,1568.811,4257907.14000,0
