open_time,open,high,low,close,volume,close_time,quote_volume,count,taker_buy_volume,taker_buy_quote_volume,ignore
1706313600000,2075.40,2098.80,2067.10,2077.10,4005.778,1706327999999,8338647.93760,33893,1947.146,4052595.57480,0
1706328000000,2077.20,2078.60,2053.20,2055.20,1636.108,1706342399999,3375726.62820,19679,840.754,1734453.29500,0
1706342400000,2055.30,2057.50,2017.00,2018.30,3694.103,1706356799999,7524182.18150,31017,1851.303,3771673.50390,0
1706356800000,2018.20,2024.60,1999.20,2001.50,4491.402,1706371199999,9018345.57570,37581,2358.014,4736086.14570,0
1706371200000,2001.40,2023.10,2000.00,2009.90,3100.720,1706385599999,6239453.60070,30085,1536.221,3091349.77570,0
1706385600000,2009.90,2021.40,2001.00,2002.90,1710.311,1706399999999,3440976.62210,20050,778.267,1565737.80640,0
