open_time,open,high,low,close,volume,close_time,quote_volume,count,taker_buy_volume,taker_buy_quote_volume,ignore
1724457600000,2172.10,2176.70,2106.70,2132.30,5108.296,1724471999999,10900696.01140,38435,2255.246,4810448.74800,0
1724472000000,2132.60,2135.60,2115.60,2121.60,2368.634,1724486399999,5034290.29140,22325,1150.150,2444998.24140,0
1724486400000,2121.60,2149.70,2116.60,2121.80,3237.898,1724500799999,6905476.60090,28635,1720.524,3670522.81220,0
1724500800000,2121.60,2147.50,2118.10,2132.50,1934.426,1724515199999,4129722.98790,22516,876.258,1870505.02720,0
1724515200000,2132.40,2201.90,2130.70,2171.00,4905.369,1724529599999,10677177.94640,41049,2534.518,5516921.75830,0
1724529600000,2170.80,2183.50,2102.80,2134.50,4372.792,1724543999999,9344997.57320,36722,1889.815,4040508.10740,0
