open_time,open,high,low,close,volume,close_time,quote_volume,count,taker_buy_volume,taker_buy_quote_volume,ignore
1722902400000,1900.00,2011.90,1895.20,1961.50,7165.218,1722916799999,14067278.12510,82079,3519.111,6921894.67320,0
1722916800000,1961.60,2032.30,1949.90,2016.40,6484.231,1722931199999,12948364.23720,56181,3523.218,7037525.63840,0
1722931200000,2016.10,2016.10,1906.80,1916.00,7203.890,1722945599999,13989802.07590,64953,3181.780,6179287.08270,0
1722945600000,1915.80,1973.90,1872.00,1927.10,10949.619,1722959999999,21047225.09250,90735,5128.576,9858198.16510,0
1722960000000,1927.10,1941.00,1883.80,1890.30,7309.074,1722974399999,13966243.27680,68926,3490.513,6671607.15110,0
1722974400000,1890.30,1901.10,1848.80,1862.80,8703.572,1722988799999,16285057.43520,74146,3853.982,7211437.90340,0
