open_time,open,high,low,close,volume,close_time,quote_volume,count,taker_buy_volume,taker_buy_quote_volume,ignore
1719273600000,2192.10,2203.20,2155.70,2193.00,4502.622,1719287999999,9824321.88250,45657,2177.426,4751320.97060,0
1719288000000,2193.10,2223.80,2181.30,2217.40,3402.306,1719302399999,7508924.43270,38636,1708.218,3770692.56090,0
1719302400000,2217.50,2362.40,2207.00,2324.20,10340.352,1719316799999,23688911.48010,82707,5294.579,12122124.25320,0
1719316800000,2324.20,2377.40,2309.50,2369.10,5066.371,1719331199999,11844156.64120,57611,2320.976,5427142.84680,0
1719331200000,2369.00,2427.90,2350.90,2380.70,6283.918,1719345599999,14975200.08540,68039,3295.239,7861446.07030,0
1719345600000,2380.40,2386.10,2347.90,2360.90,2507.418,1719359999999,5941504.13670,35104,1066.158,2527958.63100,0
