open_time,open,high,low,close,volume,close_time,quote_volume,count,taker_buy_volume,taker_buy_quote_volume,ignore
1718928000000,2478.80,2527.40,2437.10,2469.70,5539.147,1718942399999,13738202.00030,60279,2906.288,7214154.41880,0
1718942400000,2469.80,2483.70,2416.00,2427.50,4072.363,1718956799999,9999559.65270,51934,1679.327,4125023.79090,0
1718956800000,2427.40,2460.20,2391.70,2438.20,4920.697,1718971199999,11956180.26450,57509,2546.368,6188819.06620,0
1718971200000,2438.20,2455.20,2403.00,2419.90,4074.612,1718985599999,9891221.54370,53672,2027.961,4925479.51180,0
1718985600000,2419.80,2472.40,2402.00,2466.80,2894.177,1718999999999,7024838.77450,43457,1486.144,3607479.88050,0
1719000000000,2467.10,2489.00,2459.80,2482.20,3332.817,1719014399999,8257955.92550,38743,1551.610,3845444.96320,0
