open_time,open,high,low,close,volume,close_time,quote_volume,count,taker_buy_volume,taker_buy_quote_volume,ignore
1703116800000,1288.60,1305.00,1286.50,1302.20,2478.924,1703131199999,3208619.04710,24772,1282.691,1660138.04710,0
1703131200000,1302.20,1311.80,1299.20,1305.40,2115.416,1703145599999,2760924.14380,17135,893.135,1165615.04470,0
1703145600000,1305.50,1316.30,1297.00,1313.20,2751.213,1703159999999,3600357.52340,21661,1414.904,1852210.81640,0
1703160000000,1313.30,1319.60,1297.00,1303.20,4572.664,1703174399999,5979031.29740,30162,2275.661,2976223.45980,0
1703174400000,1303.10,1317.70,1300.20,1317.70,3543.349,1703188799999,4642200.70590,23458,1723.711,2257975.85780,0
1703188800000,1317.60,1332.30,1316.70,1325.10,3221.195,1703203199999,4265518.51270,23520,1556.825,2061512.46530,0
