open_time,open,high,low,close,volume,close_time,quote_volume,count,taker_buy_volume,taker_buy_quote_volume,ignore
1702771200000,1330.20,1338.80,1324,1331.80,2660.463,1702785599999,3544103.74030,22119,1347.194,1794843.87450,0
1702785600000,1331.80,1337.50,1317.50,1319.90,2958.940,1702799999999,3928677.38650,21662,1413.546,1876573.28360,0
1702800000000,1320,1337.70,1317.70,1336.50,2329.144,1702814399999,3091229.89760,20329,1228.343,1630636.60920,0
1702814400000,1336.60,1348.20,1320.50,1341.30,5234.988,1702828799999,6990981.49020,36406,2601.875,3474964.89880,0
1702828800000,1341.20,1347.50,1332.40,1337.60,4471.260,1702843199999,5993030.90080,28446,1908.668,2559262.28780,0
1702843200000,1337.60,1343.20,1312.50,1318.20,3360.767,1702857599999,4464814.90050,24533,1553.203,2063839.23370,0
