open_time,open,high,low,close,volume,close_time,quote_volume,count,taker_buy_volume,taker_buy_quote_volume,ignore
1728345600000,1402.50,1428.30,1400.50,1426.90,5847.328,1728359999999,8275546.48170,48231,2791.335,3949996.56260,0
1728360000000,1426.90,1431.80,1401.10,1416.90,5898.924,1728374399999,8352163.60380,51361,2571.736,3640214.17490,0
1728374400000,1416.90,1427.40,1407.30,1424.40,3877.369,1728388799999,5489297.65260,36219,1941.125,2747840.16690,0
1728388800000,1424.50,1431.80,1405.30,1414.30,7069.503,1728403199999,10032843.07900,69055,3381.633,4800022.30870,0
1728403200000,1414.30,1421.10,1396.20,1402.80,5901.205,1728417599999,8314191.52550,48756,2668.260,3760086.09740,0
1728417600000,1402.80,1415.10,1398.10,1409.40,1995.147,1728431999999,2805300.97590,22431,1003.378,1411018.50280,0
