open_time,open,high,low,close,volume,close_time,quote_volume,count,taker_buy_volume,taker_buy_quote_volume,ignore
1729555200000,1183.50,1188.20,1160.00,1179.60,7099.842,1729569599999,8348735.19850,47408,3054.769,3594065.67640,0
1729569600000,1179.60,1204.80,1176.40,1186.50,7270.310,1729583999999,8658674.65540,40122,3584.957,4270725.05570,0
1729584000000,1186.60,1189.80,1167.50,1178.30,6043.076,1729598399999,7109728.14160,42163,2660.850,3130743.36820,0
1729598400000,1178.30,1190.00,1154.90,1184.20,9482.264,1729612799999,11116230.95690,58285,4779.429,5604657.36420,0
1729612800000,1184.10,1188.90,1173.00,1175.50,4648.856,1729627199999,5481494.97090,29801,2224.700,2623185.95420,0
1729627200000,1175.50,1226.20,1174.30,1216.10,16456.653,1729641599999,19784136.63630,78473,9008.142,10826773.33660,0
