open_time,open,high,low,close,volume,close_time,quote_volume,count,taker_buy_volume,taker_buy_quote_volume,ignore
1709251200000,2095.10,2132.90,2094.10,2125.70,2528.256,1709265599999,5350064.60150,40845,1159.668,2453460.20910,0
1709265600000,2125.50,2139.70,2110.20,2116.60,2692.757,1709279999999,5720820.85410,30902,1231.221,2615587.78020,0
1709280000000,2116.70,2140.30,2111.70,2119.60,1471.039,1709294399999,3127756.22890,26406,697.492,1483178.77410,0
1709294400000,2119.40,2135.10,2084.30,2088.50,2890.752,1709308799999,6111643.73850,45798,1353.094,2860542.15630,0
1709308800000,2088.50,2116.10,2085.60,2103.70,2641.896,1709323199999,5555892.94010,36715,1239.174,2605794.49140,0
1709323200000,2103.40,2121.60,2100.50,2107.90,2132.178,1709337599999,4499310.67640,29849,946.494,1997124.33460,0
