open_time,open,high,low,close,volume,close_time,quote_volume,count,taker_buy_volume,taker_buy_quote_volume,ignore
1715644800000,2681.60,2693.50,2668.10,2688.30,1459.742,1715659199999,3912776.55130,30024,800.904,2146908.22180,0
1715659200000,2688.30,2709.60,2655.20,2703.50,2068.154,1715673599999,5556997.48840,38057,1029.856,2766693.56180,0
1715673600000,2703.70,2706.10,2684.00,2697.20,1016.891,1715687999999,2742377.94240,26764,521.413,1406201.15360,0
1715688000000,2697.20,2707.00,2660.60,2701.40,2297.090,1715702399999,6168904.20020,47739,1202.305,3227713.37110,0
1715702400000,2701.40,2716.10,2671.10,2699.10,2224.036,1715716799999,5998160.97490,36844,1139.710,3072870.86000,0
1715716800000,2699.10,2699.50,2670.00,2678.00,967.356,1715731199999,2596516.79810,21798,482.099,1293751.72710,0
