open_time,open,high,low,close,volume,close_time,quote_volume,count,taker_buy_volume,taker_buy_quote_volume,ignore
1712361600000,3689.10,3738.80,3662.80,3716.10,2652.645,1712375999999,9829133.88050,60731,1319.702,4890004.01510,0
1712376000000,3716.00,3743.00,3695.50,3698.40,2022.930,1712390399999,7518754.70400,49842,975.801,3627638.93470,0
1712390400000,3698.00,3731.30,3677.80,3701.40,2287.224,1712404799999,8474509.16100,55392,1127.516,4176682.82560,0
1712404800000,3701.30,3783.00,3696.10,3730.80,2274.627,1712419199999,8506108.72390,52590,1126.636,4213399.23630,0
1712419200000,3730.70,3762.00,3686.10,3711.00,2037.562,1712433599999,7576954.45590,50999,986.253,3668050.23490,0
1712433600000,3711.00,3741.90,3696.10,3707.80,1588.612,1712447999999,5908095.83910,40844,724.650,2694918.62080,0
