open_time,open,high,low,close,volume,close_time,quote_volume,count,taker_buy_volume,taker_buy_quote_volume,ignore
1701302400000,1523.40,1536.60,1519.20,1532.90,4848.906,1701316799999,7402674.28110,32477,2537.795,3875521.42750,0
1701316800000,1532.80,1549.20,1527.90,1541.30,6293.539,1701331199999,9679811.97600,40143,3386.830,5210558.98620,0
1701331200000,1541.30,1545.60,1528.80,1537.90,3988.753,1701345599999,6133854.47860,29077,1955.011,3006869.37570,0
1701345600000,1537.90,1551,1518.90,1522.50,7869.683,1701359999999,12066788.48800,49691,4051.608,6214442.31720,0
1701360000000,1522.60,1543.30,1521.10,1532.20,6906.750,1701374399999,10583609.95600,39612,3475.716,5325537.02830,0
1701374400000,1532.30,1540.70,1524,1528.30,3381.498,1701388799999,5181167.12070,23144,1710.868,2620877.16000,0
