open_time,open,high,low,close,volume,close_time,quote_volume,count,taker_buy_volume,taker_buy_quote_volume,ignore
1731456000000,1519.60,1531.60,1472.20,1484.40,10464.881,1731470399999,15703019.25620,78628,4591.991,6894435.91690,0
1731470400000,1484.40,1504.50,1459.00,1492.90,12474.542,1731484799999,18426198.44800,83510,5962.187,8809601.61740,0
1731484800000,1492.80,1607.50,1477.00,1549.70,21154.408,1731499199999,32653647.30650,107817,10991.754,16967141.71160,0
1731499200000,1549.80,1575.80,1517.20,1536.00,23442.269,1731513599999,36242795.56910,137640,11878.852,18372746.36880,0
1731513600000,1535.60,1544.30,1467.90,1478.30,12697.205,1731527999999,19214187.78150,87933,6010.064,9103758.79340,0
1731528000000,1478.00,1493.00,1442.30,1487.40,8618.263,1731542399999,12675631.18560,68664,4002.342,5890076.33200,0
