open_time,open,high,low,close,volume,close_time,quote_volume,count,taker_buy_volume,taker_buy_quote_volume,ignore
1708128000000,2082.20,2099.80,2073.20,2087.70,1526.605,1708142399999,3187342.66390,23463,777.118,1622488.56190,0
1708142400000,2087.80,2103.70,2077.20,2096.50,1999.951,1708156799999,4177646.48730,21337,1007.885,2105689.27470,0
1708156800000,2096.40,2102.70,2078.50,2086.70,2551.207,1708171199999,5330828.13170,31593,1189.888,2486370.54550,0
1708171200000,2086.60,2103.30,2047.40,2085.80,6370.436,1708185599999,13217986.77300,59424,3187.868,6613895.83020,0
1708185600000,2085.60,2105.50,2074.80,2104.60,2088.508,1708199999999,4372465.18230,29076,1060.215,2219632.13670,0
1708200000000,2104.40,2150.00,2101.30,2132.10,4712.977,1708214399999,10033709.42080,49129,2515.339,5355123.30210,0
