open_time,open,high,low,close,volume,close_time,quote_volume,count,taker_buy_volume,taker_buy_quote_volume,ignore
1717718400000,2621.50,2623.50,2598.00,2609.50,1127.376,1717732799999,2942744.46210,15982,460.644,1202609.12790,0
1717732800000,2609.40,2618.90,2595.30,2614.80,1272.151,1717747199999,3319270.99780,17683,612.041,1597105.73580,0
1717747200000,2614.80,2616.40,2592.50,2609.30,993.803,1717761599999,2587373.21600,18768,492.083,1280895.87620,0
1717761600000,2609.60,2621.50,2567.00,2603.90,4551.483,1717775999999,11807173.01030,46575,2053.179,5327562.90830,0
1717776000000,2603.90,2607.50,2209.80,2509.00,17677.086,1717790399999,42857872.40820,158209,8170.082,19820421.52170,0
1717790400000,2508.80,2524.00,2498.60,2504.20,1725.507,1717804799999,4333392.87980,31857,778.466,1954853.81790,0
