open_time,open,high,low,close,volume,close_time,quote_volume,count,taker_buy_volume,taker_buy_quote_volume,ignore
1726963200000,1581.80,1632.00,1578.30,1617.10,11744.959,1726977599999,18830206.32560,67922,6049.344,9699914.88180,0
1726977600000,1617.00,1623.00,1584.00,1606.20,6182.560,1726991999999,9908448.04820,38103,3005.782,4818312.71590,0
1726992000000,1606.20,1606.50,1556.40,1565.70,7794.364,1727006399999,12293566.64590,45449,3829.655,6036277.80340,0
1727006400000,1565.80,1593.00,1564.10,1566.50,6524.400,1727020799999,10288592.58630,40565,3221.191,5080612.37320,0
1727020800000,1566.50,1585.40,1552.90,1578.00,4435.926,1727035199999,6967721.55210,32823,2243.023,3525489.02630,0
1727035200000,1577.90,1588.00,1533.60,1581.60,5758.686,1727049599999,9017357.68070,38027,2788.985,4368943.09010,0
