open_time,open,high,low,close,volume,close_time,quote_volume,count,taker_buy_volume,taker_buy_quote_volume,ignore
1703203200000,1325.10,1337.30,1320.40,1326.70,3162.655,1703217599999,4206542.14170,24633,1358.908,1807432.69690,0
1703217600000,1326.90,1338.40,1318.90,1334.40,4000.769,1703231999999,5315065.32000,30390,1968.968,2616781.58470,0
1703232000000,1334.20,1355.20,1331.40,1354.40,4619.497,1703246399999,6199424.18700,32101,2453.171,3293043.13510,0
1703246400000,1354.50,1371.10,1351.60,1370.60,5585.019,1703260799999,7603984.80600,36915,2664.292,3627564.77920,0
1703260800000,1370.70,1391.20,1369.40,1376.10,5965.536,1703275199999,8236723.09970,38933,2949.368,4072138.38160,0
1703275200000,1376.50,1393.20,1374.10,1392.30,2324.191,1703289599999,3216944.10960,18933,1168.660,1617687.19390,0
