open_time,open,high,low,close,volume,close_time,quote_volume,count,taker_buy_volume,taker_buy_quote_volume,ignore
1718323200000,2248.90,2260.80,2220.40,2238.70,1812.440,1718337599999,4061618.79810,29619,950.369,2130415.63890,0
1718337600000,2239.20,2298.60,2239.20,2285.80,2404.898,1718351999999,5476012.65740,26696,1162.690,2646986.12070,0
1718352000000,2285.60,2299.30,2273.70,2297.80,1476.240,1718366399999,3376406.46990,20059,674.809,1542994.68320,0
1718366400000,2297.90,2308.70,2264.00,2276.50,2477.831,1718380799999,5670770.32560,31693,1130.100,2585648.25060,0
1718380800000,2276.20,2278.80,2189.80,2225.80,3993.125,1718395199999,8890890.07030,52168,1919.956,4276908.03160,0
1718395200000,2225.70,2280.00,2224.20,2275.50,1802.691,1718409599999,4071647.29370,28126,932.049,2105454.37030,0
