open_time,open,high,low,close,volume,close_time,quote_volume,count,taker_buy_volume,taker_buy_quote_volume,ignore
1718496000000,2311.20,2315.50,2294.00,2295.50,963.867,1718510399999,2221395.32940,15061,444.249,1024060.44990,0
1718510400000,2295.60,2318.70,2288.40,2318.60,1034.930,1718524799999,2386648.23210,14025,425.147,980258.45850,0
1718524800000,2318.70,2363.30,2316.70,2342.70,3469.051,1718539199999,8120745.63910,33941,1764.160,4130296.99120,0
1718539200000,2342.70,2413.20,2338.80,2411.00,3022.967,1718553599999,7201057.30740,39341,1679.210,4000403.01740,0
1718553600000,2411.00,2437.70,2399.20,2429.60,3207.787,1718567999999,7746656.90620,37568,1481.374,3579050.03840,0
1718568000000,2429.20,2451.30,2424.40,2429.80,2462.558,1718582399999,5997045.34660,32171,1191.876,2902397.35090,0
