open_time,open,high,low,close,volume,close_time,quote_volume,count,taker_buy_volume,taker_buy_quote_volume,ignore
1731542400000,1487.50,1494.70,1459.50,1482.20,8404.838,1731556799999,12425367.43480,64392,3927.602,5805562.05510,0
1731556800000,1482.00,1517.10,1471.40,1498.70,9661.079,1731571199999,14419320.99620,60346,5233.415,7813615.99350,0
1731571200000,1498.80,1501.40,1469.90,1489.10,7614.875,1731585599999,11321190.89150,70128,3976.978,5914045.08920,0
1731585600000,1489.00,1492.40,1416.40,1427.00,13269.899,1731599999999,19285672.78270,98883,5866.295,8538147.34050,0
1731600000000,1426.90,1458.90,1417.90,1456.90,7976.955,1731614399999,11490433.15730,59198,4168.308,6004208.68340,0
1731614400000,1456.60,1456.60,1401.90,1419.80,8226.681,1731628799999,11738661.72170,72383,3800.750,5424879.05130,0
