open_time,open,high,low,close,volume,close_time,quote_volume,count,taker_buy_volume,taker_buy_quote_volume,ignore
1722038400000,2648.20,2649.90,2604.00,2611.50,3520.279,1722052799999,9240338.81960,44653,1736.337,4556663.03000,0
1722052800000,2611.50,2663.90,2605.70,2648.90,2397.740,1722067199999,6331469.96440,36285,1177.273,3109516.34410,0
1722067200000,2648.80,2661.00,2619.40,2629.90,2172.401,1722081599999,5734129.06740,35412,1011.999,2672144.61210,0
1722081600000,2630.00,2683.10,2590.80,2614.20,5570.338,1722095999999,14689168.79450,64518,2616.685,6900215.32970,0
1722096000000,2614.30,2631.40,2568.10,2600.40,3349.913,1722110399999,8713056.76640,46886,1546.227,4024117.54540,0
1722110400000,2600.50,2668.60,2555.40,2641.00,5492.649,1722124799999,14405383.68920,58807,2653.924,6962233.57360,0
