open_time,open,high,low,close,volume,close_time,quote_volume,count,taker_buy_volume,taker_buy_quote_volume,ignore
1731715200000,1433.70,1469.10,1423.00,1461.90,5216.877,1731729599999,7511964.08560,44071,2823.702,4068211.32010,0
1731729600000,1462.00,1468.20,1436.30,1445.90,4122.115,1731743999999,5983249.02330,35568,2002.431,2907333.34430,0
1731744000000,1445.90,1487.80,1439.50,1486.50,5885.085,1731758399999,8578659.38000,45025,3064.361,4469880.65760,0
1731758400000,1486.50,1522.70,1467.50,1512.40,16496.408,1731772799999,24746323.87330,91513,7548.280,11325038.25370,0
1731772800000,1512.70,1560.90,1500.00,1535.20,9199.325,1731787199999,14082128.78900,63017,4537.803,6949826.16820,0
1731787200000,1535.20,1538.10,1498.10,1504.70,4150.967,1731801599999,6295777.73620,35836,1922.957,2916536.79960,0
