open_time,open,high,low,close,volume,close_time,quote_volume,count,taker_buy_volume,taker_buy_quote_volume,ignore
1713571200000,2951.70,2984.00,2934.50,2983.60,2721.282,1713585599999,8060261.88080,66524,1450.619,4297371.23070,0
1713585600000,2983.70,3049.70,2977.80,3014.60,3473.150,1713599999999,10459775.02480,59109,1829.516,5509121.78820,0
1713600000000,3014.60,3033.00,2980.60,3024.80,2924.433,1713614399999,8793864.85830,56455,1353.017,4067721.01330,0
1713614400000,3024.80,3081.20,3013.60,3079.20,2595.839,1713628799999,7901231.16790,54945,1261.324,3839742.93730,0
1713628800000,3079.30,3143.50,3053.80,3114.50,3285.079,1713643199999,10207974.41880,70539,1565.592,4867872.25210,0
1713643200000,3114.50,3133.80,3096.70,3118.70,1609.332,1713657599999,5012151.75500,44118,814.079,2535979.68690,0
