open_time,open,high,low,close,volume,close_time,quote_volume,count,taker_buy_volume,taker_buy_quote_volume,ignore
1724112000000,1958.20,1980.00,1944.80,1969.90,3188.210,1724126399999,6256806.46770,29411,1572.303,3085922.63310,0
1724126400000,1969.90,1985.00,1954.40,1967.80,3192.024,1724140799999,6290707.78410,24565,1390.817,2741937.49530,0
1724140800000,1967.80,1969.10,1953.50,1956.00,1849.619,1724155199999,3626548.83240,18606,882.806,1731105.58420,0
1724155200000,1955.90,1972.00,1906.90,1918.40,3803.734,1724169599999,7375643.98340,35291,1848.197,3585324.52760,0
1724169600000,1918.30,1953.50,1912.90,1948.80,1794.223,1724183999999,3469952.14370,20551,798.685,1544996.81030,0
1724184000000,1948.80,1958.60,1936.90,1939.10,1695.525,1724198399999,3306244.83480,16399,873.265,1703191.46670,0
