open_time,open,high,low,close,volume,close_time,quote_volume,count,taker_buy_volume,taker_buy_quote_volume,ignore
1716249600000,3166.70,3236.30,3140.90,3180.60,4783.791,1716263999999,15210164.50860,70828,2421.298,7698170.45440,0
1716264000000,3180.70,3190.90,3115.50,3126.60,3364.564,1716278399999,10556169.22890,47032,1679.894,5269644.68590,0
1716278400000,3126.40,3199.10,3105.50,3166.80,3826.413,1716292799999,12047754.37300,44875,1798.795,5665771.42450,0
1716292800000,3167.00,3188.30,3092.40,3109.60,5062.590,1716307199999,15939753.41270,57492,2369.184,7467784.52030,0
1716307200000,3109.60,3138.00,3050.10,3085.10,3768.179,1716321599999,11649299.07220,53980,1780.335,5503683.10550,0
1716321600000,3085.10,3101.00,3049.90,3065.90,2038.531,1716335999999,6259487.43540,35350,960.335,2948971.02590,0
