open_time,open,high,low,close,volume,close_time,quote_volume,count,taker_buy_volume,taker_buy_quote_volume,ignore
1728864000000,1329.40,1357.90,1320.50,1354.80,5246.556,1728878399999,7025267.81710,35235,2331.687,3121786.06380,0
1728878400000,1354.90,1361.70,1340.00,1351.70,4850.665,1728892799999,6556545.92080,35290,2139.397,2892474.13200,0
1728892800000,1351.50,1355.60,1341.30,1344.90,2930.232,1728907199999,3949890.38560,24766,1489.021,2007387.49440,0
1728907200000,1344.90,1379.50,1344.00,1369.60,7241.286,1728921599999,9866561.25750,47997,3462.751,4716969.71180,0
1728921600000,1369.40,1377.10,1354.90,1365.50,4446.107,1728935999999,6061623.80140,33341,2080.147,2835783.93510,0
1728936000000,1365.40,1399.60,1361.00,1399.20,6823.911,1728950399999,9442501.57050,44831,3921.105,5426569.68090,0
