open_time,open,high,low,close,volume,close_time,quote_volume,count,taker_buy_volume,taker_buy_quote_volume,ignore
1729036800000,1324.50,1331.60,1302.50,1320.60,6782.559,1729051199999,8953313.60360,50390,3314.469,4377316.81990,0
1729051200000,1320.30,1325.00,1294.80,1299.40,6451.597,1729065599999,8445941.29280,44205,2893.622,3791383.96800,0
1729065600000,1299.20,1307.50,1280.10,1283.40,10916.882,1729079999999,14112102.50960,62200,5224.103,6754518.80450,0
1729080000000,1283.30,1306.00,1272.60,1288.70,13286.400,1729094399999,17127442.97620,81190,6559.671,8459201.86050,0
1729094400000,1288.70,1299.80,1275.30,1286.30,5265.543,1729108799999,6782255.79480,36098,2313.092,2979959.91610,0
1729108800000,1286.10,1296.00,1276.20,1278.60,3405.037,1729123199999,4378894.14210,25793,1692.255,2176647.56510,0
