open_time,open,high,low,close,volume,close_time,quote_volume,count,taker_buy_volume,taker_buy_quote_volume,ignore
1712275200000,3956.80,3988.00,3846.60,3910.40,4547.795,1712289599999,17772156.64790,97273,2193.074,8569560.82300,0
1712289600000,3910.40,3935.00,3820.30,3871.10,4224.005,1712303999999,16356876.40440,89057,2225.559,8609862.31060,0
1712304000000,3871.20,3906.50,3764.80,3767.00,4555.946,1712318399999,17419088.05690,89865,2185.599,8357974.15160,0
1712318400000,3767.10,3818.50,3713.80,3776.50,6483.504,1712332799999,24392609.39950,128625,3243.235,12206087.23590,0
1712332800000,3777.50,3779.50,3682.60,3695.90,3960.778,1712347199999,14722988.81880,80260,1852.861,6884046.53200,0
1712347200000,3695.90,3721.10,3655.00,3689.00,2437.659,1712361599999,8979647.48880,50448,1254.278,4620591.66280,0
